Date,Close,High,Low,Open,Volume
2021-08-16,675.88623046875,680.4553039522438,672.0385896405447,675.6457529169871,7920846
2021-08-17,674.491455078125,676.1267141870945,665.1609142425605,673.1447572918347,8669653
2021-08-18,662.0827026367188,674.1546625137918,657.5617134755323,674.1546625137918,11069373
2021-08-20,654.772216796875,658.331295908859,649.6259625357944,657.8021983856047,13121808
2021-08-23,656.6961059570312,663.6699549141991,648.1831654520779,663.6699549141991,10917371
2021-08-24,667.99853515625,670.6918719138004,654.4837088913059,657.2251294157104,9821388
2021-08-25,664.72802734375,673.7700066449852,660.9766128160503,673.2890515483309,9535359
2021-08-26,672.1828002929688,674.8280532023797,663.7180027249211,665.6899067880511,10756731
2021-08-27,673.0966186523438,673.7699674905975,662.8041684399942,669.5856231666646,9135827
2021-08-30,686.4672241210938,687.7657793812447,674.2028693139456,677.6657224812404,10797869
2021-08-31,691.6614990234375,692.4791578977184,682.3309585915356,686.803864385746,19760246
2021-09-01,692.4791870117188,706.8116139838213,689.8820176900919,699.8858486962628,13729351
2021-09-02,697.5291137695312,700.3186177584294,690.1704782179872,694.7876348319437,8627956
2021-09-03,696.7114868164062,703.9258127023493,693.633362696337,697.1443581116297,8993813
2021-09-06,693.6815185546875,700.2705795068472,692.5752984133653,697.7696366355998,5329995
2021-09-07,689.5934448242188,694.9320346841002,684.5434162818343,693.4410856184164,6242711
2021-09-08,693.4890747070312,695.2205010859677,687.7656980649837,689.2085631658193,7118011
2021-09-09,692.8158569335938,696.3268528270436,690.2667712892708,693.3448958285451,6243422
2021-09-13,680.455322265625,690.555379711491,678.3391080110895,690.555379711491,6967906
2021-09-14,680.5033569335938,686.8038567626685,679.5895305361698,686.0824241400186,5241865
2021-09-15,687.1405029296875,688.7276781861788,679.3971378429858,680.1666542329699,5936741
2021-09-16,699.5010375976562,701.6172515631584,685.6975924140474,692.5752731243462,13557169
2021-09-17,692.7196044921875,706.4268238622698,686.8038337009652,704.983958665419,17075003
2021-09-20,682.9561767578125,692.9600653662858,679.589491379429,682.9561767578125,7943459
2021-09-21,684.7357177734375,687.2848031587205,667.9504326001814,684.0624276357428,10009615
2021-09-22,676.5595092773438,687.7657864853312,675.5014315515018,687.7657864853312,9740470
2021-09-23,689.6895751953125,692.5753056354603,680.2147837342951,683.918114315017,10412491
2021-09-24,695.4130249023438,697.0001415838975,689.2567758365958,695.0763210896441,11780868
2021-09-27,702.1943969726562,703.8777397051249,694.7876772077269,696.9038912420403,7712240
2021-09-28,689.8338623046875,707.3887218995771,679.6856636254017,706.1381917820847,13491800
2021-09-29,682.4752807617188,684.8319724725902,674.5876054505937,680.407150366184,11453404
2021-09-30,674.1546630859375,686.7076367285839,672.1827591435228,682.5713763733572,18487517
2021-10-01,665.9784545898438,668.3832299132855,661.6980014823853,666.6037196580726,10935810
2021-10-04,673.5294189453125,676.5594003324971,667.6136487398155,670.4993788477985,8976533
2021-10-05,670.5474853515625,672.3751379660749,665.4974574913023,666.6036775543489,7497208
2021-10-06,663.237060546875,678.1466681443754,662.1308403700223,670.0665992525628,13200810
2021-10-07,675.4533081054688,678.0985609750206,667.0365944296218,670.9804024964559,10041549
2021-10-08,676.6076049804688,682.9561883173127,671.7018281198759,679.1085478197504,9383924
2021-10-11,686.1304931640625,691.998180261745,673.625661306808,675.2609202917469,9337637
2021-10-12,681.6094360351562,685.8418637274239,677.5694608047454,679.5894484199508,7376091
2021-10-13,682.9080810546875,688.6314578399403,680.9842608721038,686.6594951845259,6357766
2021-10-14,699.5972900390625,702.0020655848522,682.042428554798,683.196732558845,8950350
2021-10-18,717.055908203125,720.3745098476543,704.1662891558037,710.8515762086283,15345601
2021-10-19,718.9797973632812,726.2422076981952,710.6111668040288,726.2422076981952,11349799
2021-10-20,717.4407348632812,728.5989289643677,713.6412363526085,718.3064775704693,12762996
2021-10-21,726.7230834960938,730.9073689639233,709.3125340996456,720.3745002944903,12166996
2021-10-22,730.3782958984375,736.6787950414567,724.654919306561,729.6087795934703,13248928
2021-10-25,809.6397705078125,833.9760851252244,767.9890735002576,769.5281062285807,96124084
2021-10-26,797.8082275390625,809.6397095393108,791.0267146453249,797.1348787547508,16925115
2021-10-27,803.1949462890625,816.6616879034899,792.8063287857138,797.183008068336,22898400
2021-10-28,768.277587890625,800.2610978529883,765.9208964671213,798.4815289897856,18750423
2021-10-29,771.5,777.9448095460341,754.0413665482897,767.6042757560868,15701200
2021-11-01,773.279541015625,778.8586077680014,762.7946976022804,776.9347875975039,11406421
2021-11-02,770.44189453125,779.1471690607887,767.6042480376659,778.1852589755284,9452457
2021-11-03,756.0133056640625,775.2995927236186,750.7227997583802,775.2995927236186,11839149
2021-11-04,752.3099365234375,758.9471403221777,749.3280384169536,758.4661852269164,3149310
2021-11-08,750.4342041015625,762.7947256676549,743.7008332570813,762.7947256676549,13967995
2021-11-09,756.5904541015625,758.5623582643697,749.5204376340731,754.1375948400054,10084357
2021-11-10,751.1556396484375,754.4260988452852,743.6526937096465,752.7427561275397,9507347
2021-11-11,742.0655517578125,747.4041410230534,736.9192975425867,747.115579737698,9221059
2021-11-12,747.0194091796875,750.1937596861887,741.8251295251473,743.267994769798,15380106
2021-11-15,743.8450927734375,754.6665817502892,742.161750043705,747.4041720012247,10934583
2021-11-16,734.9473876953125,746.2017474164606,732.9754837658305,743.8450559693728,12785837
2021-11-17,732.3021850585938,742.5465516347117,727.4926343111837,731.9174562250028,11657214
2021-11-18,733.84130859375,738.2660719906005,727.5888923488785,735.7651289767874,20644385
2021-11-22,723.3564453125,741.1036996290563,712.0540008544922,739.0355692866476,20403786
2021-11-23,723.2120971679688,729.0797841012621,703.3486885004858,712.7273121306753,24913042
2021-11-24,731.2440795898438,742.8350847085579,718.2582930653174,721.6730622241446,23186419
2021-11-25,722.442626953125,726.1941001289069,716.9116434333895,726.1460163621073,17749726
2021-11-26,694.6914672851562,713.7853587726801,691.2285557920573,710.8515447886228,18987552
2021-11-29,691.0362548828125,700.0300910361755,683.4371414375852,699.068180914518,15878074
2021-11-30,687.1405029296875,704.4068021346626,684.0142948932279,689.4491108099772,23965914
2021-12-01,699.9820556640625,704.8396903721886,687.7657845323982,689.1124822799538,15214913
2021-12-02,694.8838500976562,699.4047804066391,687.9580859308707,697.0000052591671,21924640
2021-12-03,689.0161743164062,701.7133990362358,687.8618704854523,693.056208369579,20130259
2021-12-06,682.5233764648438,699.1163275557735,680.5514722801636,691.6134396741168,20129080
2021-12-07,706.6672973632812,712.7273194134128,684.8800095310052,689.6895601597341,30513303
2021-12-08,724.7031860351562,729.8974660170423,715.757373986283,719.4126798046935,33432411
2021-12-09,726.2421875,733.9374689569537,719.8936037821486,730.1379119955152,16007459
2021-12-10,729.1279296875,730.8593563008907,722.4426420729676,727.6850643912846,7627774
2021-12-13,725.2801513671875,740.3821503459438,723.8372863445737,733.9373415028701,16855546
2021-12-14,729.7531127929688,735.2359533341739,717.8734879629149,722.4425608874742,17488089
2021-12-15,723.5968627929688,730.5707109222462,722.2983076599259,728.7430582731992,7358740
2021-12-16,712.9197387695312,729.0317339540828,710.803524674866,729.0317339540828,14123215
2021-12-17,700.5591430664062,713.7373237235854,698.3948452518806,713.7373237235854,13227787
2021-12-20,682.9080810546875,692.7676594904285,671.6056374820087,690.7476130725161,16900016
2021-12-21,692.9119262695312,701.18438846579,688.8719507640491,692.5752812141857,14563335
2021-12-22,704.8876953125,706.9558254698961,692.6233417850086,698.5871960267178,9843359
2021-12-23,703.4448852539062,711.3325602742,700.2225097158387,710.8996889619862,9994049
2021-12-24,699.4048461914062,705.945882176033,692.1905200704235,705.945882176033,8800690
2021-12-27,707.9658813476562,710.6111343010613,688.8238455825182,696.4229593691618,7955163
2021-12-28,707.7734375,714.1701631280035,704.599145922552,712.1982591715838,17833655
2021-12-29,707.6773681640625,716.5750377942154,704.0221210310409,709.8897499516539,7143073
2021-12-30,707.6773681640625,712.2945255273709,701.2325578790727,705.3687601272377,14326182
2021-12-31,711.9578247070312,717.8254531683938,708.4949129228311,708.4949129228311,6973055
2022-01-03,735.5726928710938,736.8231643060474,714.6992311741425,714.747314938884,9653095
2022-01-04,743.4122924804688,748.3661536138485,734.5146229162939,738.6989676132184,12114437
2022-01-05,758.0332641601562,765.5361514118554,741.8251019975007,743.5565284847644,19741360
2022-01-06,755.1475830078125,762.313825666238,744.5184871491082,745.5284811066613,13018067
2022-01-07,763.03515625,771.740430564111,756.3017858198077,762.0251624275373,12250210
2022-01-10,779.8685913085938,781.8404952152263,768.5661479562953,769.7685355469653,10905080
2022-01-11,779.7725219726562,783.6682465149016,771.3558077781524,778.9067793142289,9982061
2022-01-12,792.3734741210938,794.008733093517,781.1191137936345,787.419613439116,13034848
2022-01-13,793.287353515625,796.4616454328911,786.2654207991662,789.7282740343039,9372244
2022-01-14,788.7662963867188,790.6901166218083,780.6862279152089,789.7282065042635,7552844
2022-01-17,788.0929565429688,797.3273290028282,783.5238834325648,788.76630537499,6722700
2022-01-18,791.7482299804688,804.1568945406494,787.0349054180954,789.7282421266426,10835146
2022-01-19,777.8004760742188,789.7281846863799,772.6542805716622,784.9186342315298,16416144
2022-01-20,779.3876953125,781.9848644471543,765.1033531374051,772.4138467583308,13567654
2022-01-21,773.856689453125,780.4457502732224,765.1994983964711,772.413824277016,12078277
2022-01-24,768.0371704101562,785.5920306339557,753.4642081648951,782.032951339666,29612316
2022-01-25,771.1152954101562,773.6643220820446,756.1094618404804,758.9471085257047,19513184
2022-01-27,764.3818359375,770.9708962201908,751.2998241815523,756.9270331356204,23984679
2022-01-28,751.3961791992188,775.1553142653355,748.8470936749562,773.1353263214464,14072314
2022-01-31,758.7547607421875,768.2776952907177,754.1376034833371,758.8990707576022,14824509
2022-02-01,779.4358520507812,781.8887114091347,759.2357371061313,771.5000926082402,20031583
2022-02-02,782.75439453125,787.5158615764568,778.0410112520883,783.956782234063,11214375
2022-02-03,778.13720703125,787.227269450717,775.2995604216349,783.0429251825383,9755335
2022-02-04,774.3858032226562,781.071090927714,765.4881337755118,778.9548767225414,10314067
2022-02-07,756.4461669921875,774.3376723346677,751.684699997876,767.6523850364191,14659368
2022-02-08,762.3138427734375,765.3919671929502,744.8070651784021,759.9090672441837,14642455
2022-02-09,772.2214965820312,773.616278113673,763.9490923486941,766.88290671573,8855292
2022-02-10,774.8186645507812,777.9929564623666,765.9690789864078,775.2515358819836,13159771
2022-02-11,760.6785278320312,767.0271699894278,757.8890236490712,766.4980724435595,13138408
2022-02-14,724.99169921875,744.4703799556518,722.5388400532075,742.5946434018828,16170656
2022-02-15,746.4903564453125,748.3660929705321,714.8916316594186,724.2702555751805,18880659
2022-02-16,734.9473876953125,747.9331738250221,731.4364511160719,746.153663654343,10549784
2022-02-17,721.7692260742188,738.0255303840152,717.8735018787745,737.3040978029945,16683808
2022-02-18,720.3745727539062,727.973628112869,717.1521383555117,718.4026098742941,8945567
2022-02-21,725.713134765625,733.8412873911825,711.8135211577078,717.8254596809992,10967164
2022-02-22,722.68310546875,730.8112582203097,709.6492342902711,710.2744993905211,13156371
2022-02-23,716.23828125,727.588868099901,714.4106871732275,725.857382844603,11624282
2022-02-24,680.455322265625,699.4049068862624,675.5495448514281,685.7458285467928,28023104
2022-02-25,702.2424926757812,711.1401615558102,692.8157849557639,697.336774399035,16935750
2022-02-28,714.4107055664062,716.382609702001,688.1505692791155,695.412979427951,20547432
2022-03-02,687.6214599609375,697.3367878818245,680.7919212537596,689.6895903058222,25252492
2022-03-03,671.701904296875,694.4511048028088,667.0366631486345,690.2667600609668,23190595
2022-03-04,661.84228515625,679.637623420357,658.908470860181,664.6799319188103,18697223
2022-03-07,628.8487548828125,641.5940642551984,617.690620727726,638.2273787606059,27799873
2022-03-08,639.6702270507812,643.950738808451,618.5082045017328,618.7967657944257,26716975
2022-03-09,642.0269165039062,648.8083710567993,632.9368541962549,639.3816636938155,33728639
2022-03-10,650.828369140625,674.2989997486787,647.9907812312059,667.5175450881378,35959638
2022-03-11,652.0789184570312,658.6198957779757,645.0569273475875,648.9527104489741,20546724
2022-03-14,669.6337890625,671.8461707138538,651.4536633454682,652.271263506728,24648981
2022-03-15,670.7880249023438,681.1285590962989,661.7941884131315,674.779975540424,27714580
2022-03-16,681.0323486328125,684.3028664465384,674.5394554784743,679.9742710103129,14621688
2022-03-17,692.67138671875,697.3847693335497,688.9199728409461,690.4590053994817,18329844
2022-03-21,683.6776733398438,695.3649057315828,678.6276447995212,693.5372528709495,12866839
2022-03-22,690.8439331054688,693.5372699847004,672.8562002140055,681.6577022284608,11761758
2022-03-23,690.9400634765625,699.1162999228361,687.0443390295231,697.384873358634,7140403
2022-03-24,677.377197265625,685.5534342394253,671.4133420838435,675.6938543592543,17727969
2022-03-25,672.6156616210938,679.2047225589896,670.1147187552602,678.1466448950605,15263007
2022-03-28,683.2928466796875,686.226719584466,669.1528145441226,675.2609204687872,13806166
2022-03-29,688.0542602539062,689.6414353510589,678.9641983645424,687.0923501854091,11489374
2022-03-30,703.0601196289062,703.8777197344883,691.7095334151772,693.5852698630619,20154520
2022-03-31,702.4830322265625,711.7174057001984,700.078256641294,711.7174057001984,16046383
2022-04-01,708.2063598632812,710.1782639619197,695.5572176936425,697.3848704935536,12658848
2022-04-04,718.162109375,721.240233660798,697.3848731889537,713.7373460775223,17192197
2022-04-05,713.544921875,726.6750186186015,709.8896751272518,718.3544725194936,12290391
2022-04-06,713.3525390625,716.526889504884,704.2143926976227,704.4067864684241,13518142
2022-04-07,720.0377197265625,728.9353872385321,709.0238384696808,709.0238384696808,15087175
2022-04-08,725.5687866210938,727.2040455555474,715.2763366681216,721.2882748754262,15480705
2022-04-11,730.6668701171875,736.2940792869986,723.0197319825954,723.6449383056867,13216391
2022-04-12,734.7550659179688,739.6127592847214,721.6731109824291,728.1660046833707,14020000
2022-04-13,733.2160034179688,743.1236661071316,731.7250544446566,740.2860194551491,16119956
2022-04-18,728.9354248046875,733.8412012903055,720.6630218513664,722.3944482008603,17651530
2022-04-19,737.1116943359375,748.2698866683684,728.165942191112,732.7830989067962,31088359
2022-04-20,726.7711791992188,740.670792170988,725.0878364897393,737.5926680458729,15984202
2022-04-21,733.3121948242188,735.0917638654281,722.5869316518666,730.1379030043821,8953098
2022-04-22,719.172119140625,729.9454654330449,717.4887764436427,728.16595520894,14411607
2022-04-25,723.548828125,733.1679296456452,715.6611531360037,719.1721486751737,35417460
2022-04-26,725.039794921875,739.2760537799318,723.0198070370735,738.7470149253732,18727514
2022-04-27,708.63916015625,721.4325523423887,704.6472098824895,720.4706422725989,21441480
2022-04-28,718.691162109375,723.2602351314856,706.6672857353999,710.947738756268,18649559
2022-04-29,714.98779296875,731.0036202312174,711.909668788805,721.5287701571733,19560317
2022-05-02,712.7754516601562,715.4687884533765,703.2525172833952,704.1182599395875,10903446
2022-05-04,696.6634521484375,718.546908877988,693.6815540562385,717.7773924713242,12212165
2022-05-05,701.0401611328125,714.6992980873166,698.8277793545566,702.9639815852682,9121547
2022-05-06,691.8538818359375,695.4610449320581,683.2447741711288,688.968151359041,12455025
2022-05-09,683.2928466796875,692.5753030449099,677.6176120614932,678.4352121990091,13055889
2022-05-10,684.2067260742188,692.5753567098644,678.1467034450756,678.1467034450756,12797419
2022-05-11,686.9962158203125,692.3828889797495,680.2147612521699,690.6514625149543,13516852
2022-05-12,669.2970581054688,683.6295425564442,666.8922827754618,680.5995021565014,16685166
2022-05-13,651.5498046875,675.6457004720367,649.289339360527,675.6457004720367,15717043
2022-05-16,656.984619140625,664.6318164202733,650.0107706944032,650.9245970604578,9025623
2022-05-17,682.9561767578125,684.8799969740317,659.0527340554225,659.9665016898597,12765052
2022-05-18,680.4070434570312,689.6894988291708,679.2046559067712,685.2165936580715,11835013
2022-05-19,664.0066528320312,672.0867226473617,659.4856627856045,666.6999898670267,16661023
2022-05-20,682.5233764648438,684.7839006802468,667.2771231494877,668.3352008943386,11695528
2022-05-23,683.9662475585938,698.2987332656113,680.5033942640471,682.5233822341426,17438451
2022-05-24,681.1766357421875,690.0261613683929,679.1565893802945,683.9661397033761,13779981
2022-05-25,686.1785888671875,693.3929150641945,684.4952460878859,684.9281174017736,10457589
2022-05-26,700.75146484375,705.0800600280971,688.1985505512092,695.4609596184368,14028733
2022-05-27,711.6211547851562,712.9678525503654,703.3968343106686,705.6092160303642,8110620
2022-05-30,719.98974609375,723.3083478478726,715.949711728311,720.2302236308554,7628515
2022-05-31,724.1740112304688,727.8774004231318,712.2944447182881,712.7753997788676,20272212
2022-06-01,723.9817504882812,726.8193386686997,715.8535973880984,719.5088444816322,10102092
2022-06-02,721.192138671875,723.11595898177,714.8916388990363,722.4426101312393,10949759
2022-06-03,715.94970703125,728.1659775781285,712.9678090748398,727.3483774414684,8563791
2022-06-06,718.3064575195312,722.3464921897306,711.428775955362,712.0059573141566,9107831
2022-06-07,707.2444458007812,714.6511657817688,704.4548828500401,712.7754292259489,9938912
2022-06-08,701.7135620117188,712.7755304327396,698.7797473464735,708.5431016396892,9369224
2022-06-09,704.8397216796875,706.1382770072433,694.6434967164618,697.3849173903425,7444368
2022-06-10,692.5753173828125,700.559159993908,690.6514970567491,697.144390657213,7990818
2022-06-13,661.794189453125,675.5494929860281,656.118896030366,675.501409220141,16622521
2022-06-14,659.389404296875,668.1909056064163,654.7241635784713,656.4075063319644,13348598
2022-06-15,661.07275390625,669.8261128310595,659.966533744062,661.3132314449573,9199591
2022-06-16,652.656005859375,673.3851568678898,650.5397918875506,673.3370731047347,13237239
2022-06-17,660.6879272460938,666.2670527820757,644.4316818180885,645.6821532032684,16335613
2022-06-20,659.822265625,661.6017758819308,651.7902808107496,659.8703493894483,10981042
2022-06-21,669.5855712890625,681.0323245215084,662.3712458174364,664.2469821821254,13319648
2022-06-22,660.4474487304688,672.2789898849275,659.0045835858111,667.8060844523557,6838249
2022-06-23,672.51953125,679.1085925519565,660.8322989846943,663.910423327564,14960412
2022-06-24,686.2748413085938,688.006267919907,679.6376374698306,683.8219820500384,10856736
2022-06-27,690.0262451171875,701.0882122028712,688.8238573904828,701.0882122028712,8285225
2022-06-28,683.2448120117188,689.9781834973959,680.0705200533961,683.9662446708984,8339931
2022-06-29,675.982421875,679.7819790690872,674.250995183237,678.0986361473067,9570557
2022-06-30,680.2628784179688,684.7838679221638,674.4914174450397,675.9823664543122,11970404
2022-07-01,677.0885620117188,679.8299823900704,667.6617957970091,676.6556907124173,9884899
2022-07-04,692.67138671875,693.6332967454169,678.0022588120788,678.0022588120788,8303732
2022-07-05,692.0462646484375,704.2625352158726,690.7476507282008,695.5091176817302,11460367
2022-07-06,698.2987060546875,704.0220833607196,694.4991491062905,695.461059285108,12163533
2022-07-07,713.7373657226562,715.6611861154397,705.0801739551308,707.9178207765542,10374018
2022-07-08,726.9154663085938,728.6468927274638,716.1901453275482,722.6830384310603,9797700
2022-07-11,740.1898803710938,742.1617844896639,726.2421828202414,726.2421828202414,12440573
2022-07-12,730.9555053710938,738.2179148531969,728.8392914180108,736.1978684255724,10219829
2022-07-13,724.5107421875,735.6207927617427,721.3364504106216,735.6207927617427,8674121
2022-07-14,723.7411499023438,730.5706878184897,720.2782384731875,721.4325422829062,7044542
2022-07-15,722.5869140625,730.0898014659325,715.8535430344874,724.5588181214936,6358018
2022-07-18,742.5947265625,743.7009468543406,728.9836727922753,730.3303706510079,8045363
2022-07-19,750.9152221679688,752.2137774556554,737.9294344497446,738.5546408544184,12825591
2022-07-20,753.2717895507812,759.4761215508933,750.5784529637742,759.4280377870839,8152179
2022-07-21,756.0613403320312,758.8989868755986,750.3860472448966,755.0032627037406,8312338
2022-07-22,769.576171875,773.2795610252372,759.0432444269062,759.0432444269062,12267898
2022-07-25,770.393798828125,786.6500437908554,766.7384935925267,772.4137864917292,21034148
2022-07-26,765.968994140625,772.2214097355484,761.4961474412256,771.0671058836498,7374145
2022-07-27,770.0091552734375,773.1834473569809,764.3820037939897,764.7186488974177,9536564
2022-07-28,783.572021484375,784.4377641441448,774.6262684115555,776.2134437176873,11124518
2022-07-29,787.4195556640625,792.0367709439709,777.2233324599823,789.391518265425,11095993
2022-08-01,792.0369262695312,793.5759591910981,786.1692384965793,789.4397568428373,7974903
2022-08-02,786.6019897460938,790.6901076995281,781.2634003960286,788.7662874861472,11106772
2022-08-03,793.3834838867188,796.4616081239511,780.638174336426,786.6020290378756,11073975
2022-08-04,789.0067749023438,798.3373147962578,777.560021005119,792.6139378476455,11113742
2022-08-05,806.2731323242188,808.8703015771094,791.7482532411908,791.7482532411908,16056522
2022-08-08,809.9019165039062,815.0789944859878,804.2893695647675,809.5631921761261,12142951
2022-08-10,821.320556640625,825.4332074397091,814.9338754953446,814.9338754953446,23658553
2022-08-11,831.9166870117188,838.496916436078,830.368359518387,832.2553522738498,22787391
2022-08-12,846.1416625976562,848.8995342963262,830.7554861138741,836.0293679314382,10792853
2022-08-16,850.8348999023438,855.9152333962162,848.0770282021615,852.9638133694502,13804836
2022-08-17,854.70556640625,856.8828520268717,850.0123299157488,853.3024149715411,9058040
2022-08-18,856.4957885742188,858.9634262899489,846.7705909046541,852.0928448500796,13137856
2022-08-19,842.2709350585938,858.2376975110907,836.3680359264401,856.3990769975585,10787199
2022-08-22,824.7073974609375,839.3678107269875,822.1430152518094,837.577562692972,13848023
2022-08-23,835.98095703125,839.9484317589669,815.5628203147241,818.0303989411165,13254855
2022-08-24,845.0771484375,847.0608858274338,829.3523071984492,829.3523071984492,10494109
2022-08-25,844.1578369140625,852.9637834319626,838.6904660215745,845.0771471360761,9827829
2022-08-26,842.706298828125,849.1414112105084,839.2710376950179,845.8996983939115,5976725
2022-08-29,828.1911010742188,833.1746899177208,819.6271339840993,822.578553999964,7755134
2022-08-30,858.6246948242188,861.9632113565701,831.3360357366329,832.6908149001724,12544701
2022-09-01,846.0932006835938,857.076432891248,835.1100275385942,835.1100275385942,15877583
2022-09-02,844.206298828125,852.8186382751104,838.9807893180364,845.8513119492113,8401284
2022-09-05,853.9314575195312,857.2699740492576,843.3836943531853,843.3836943531853,8744999
2022-09-06,855.0927124023438,861.1891006795504,849.7220269779261,853.9798538402657,9879326
2022-09-07,847.8834838867188,854.1250483069637,844.303046547282,850.1575143125283,8814960
2022-09-08,869.7530517578125,871.6884168302877,856.8828858383836,856.8828858383836,12163106
2022-09-09,872.1239013671875,882.4781165024692,868.688640114694,880.7362997186498,9936230
2022-09-12,877.8815307617188,879.526602739828,873.6237043551592,875.8009898684261,6016978
2022-09-13,880.5911254882812,884.4134833949648,876.0430056649864,884.4134833949648,10400475
2022-09-14,888.4293212890625,892.445227477455,869.0272980667082,869.2208463883155,14712947
2022-09-15,887.9454345703125,906.3798333664477,886.155245578044,890.2678961854223,16253099
2022-09-16,879.7201538085938,887.9454552145844,875.9462274246139,885.3327596651574,11966860
2022-09-19,870.14013671875,883.0103024654416,866.4145235666459,875.7043112274364,11235656
2022-09-20,887.1229858398438,892.6871605533197,878.0267461614467,879.8169943329414,12090663
2022-09-21,885.67138671875,887.3648310528203,876.3816585683393,882.5264186697624,8917640
2022-09-22,874.2044067382812,882.2361597916347,866.3661429375974,876.7203576495209,11125669
2022-09-23,853.7379150390625,875.6559480442714,850.351026172373,872.559352125053,15927517
2022-09-26,833.2230224609375,849.528508368895,831.4328334230806,841.8837928319115,14208640
2022-09-27,824.9976806640625,846.5769880025827,821.1753230826242,836.9969669560746,12493809
2022-09-28,822.0462646484375,835.3518987142597,816.7240110221086,816.7240110221086,11411458
2022-09-29,816.6273193359375,833.7552530481105,813.9177609731337,830.2716195282985,13803629
2022-09-30,834.1423950195312,839.0291803007915,810.4341714951942,816.6273637143701,13175031
2022-10-03,820.9334716796875,833.1263073068725,818.3691483472479,831.9167041134606,8232026
2022-10-04,839.6098022460938,844.4482150774257,832.3037516206572,837.0454198204252,8975095
2022-10-06,856.8345336914062,862.8825496852432,844.8352463345713,844.8352463345713,12116698
2022-10-07,854.0281372070312,855.9151298031861,844.5932332889068,848.851059707787,9705750
2022-10-10,853.2540283203125,861.0438604862098,842.5611487090385,843.8191241228382,7357588
2022-10-11,842.4644165039062,854.7056245622693,837.4808867374292,854.7056245622693,11130051
2022-10-12,840.287109375,843.5288813192437,833.6585076058656,839.9000717968735,14557532
2022-10-13,826.0137939453125,837.480867501707,823.0140016911945,834.4810161849339,11563124
2022-10-14,842.125732421875,855.2378190572801,840.4806602874627,855.2378190572801,8199540
2022-10-17,856.5925903320312,858.8182483462003,840.480652526728,843.819169079309,8936947
2022-10-18,867.9144897460938,871.5916715685945,862.3503151667695,867.0919241532964,8097552
2022-10-19,863.2695922851562,871.5433254629044,856.9312832993331,870.9626804865298,5529462
2022-10-20,859.93115234375,864.4308409240948,851.6574189961223,860.9472072449468,8107159
2022-10-21,877.833251953125,880.591123605288,857.0764493698978,859.3021074302151,17022807
2022-10-24,896.3642578125,903.3315833908729,887.9454085329098,895.1062824173084,4390050
2022-10-25,895.1547241210938,912.7665582070067,893.1226144069194,911.6053273434834,15838120
2022-10-27,894.5258178710938,903.52525422655,890.5099114613905,896.1224587213674,16080842
2022-10-28,878.510498046875,897.5254820187473,871.8818968182117,888.3324986449704,9854094
2022-10-31,879.3331298828125,887.4132554113622,875.3655960584165,883.1070563253497,9000840
2022-11-01,879.236328125,891.2356151901904,870.4788129913081,891.2356151901904,9823761
2022-11-02,875.46240234375,890.9936952377803,873.1883129460064,890.8485192322834,7690974
2022-11-03,879.2847290039062,884.316630763821,868.0595765439247,871.9303065516453,9022366
2022-11-04,876.04296875,883.8812325567034,871.1078115500653,877.0106512647051,7099336
2022-11-07,887.8487548828125,890.3647059309873,874.2528266341956,880.8330562747467,11100219
2022-11-09,881.074951171875,892.1065557341796,876.4784591146905,890.2679352862438,11590409
2022-11-10,881.2684936523438,883.4457793492138,874.7366365617335,878.2202700516638,10009741
2022-11-11,877.2526245117188,898.0094275096842,874.3012044773703,895.9773177319772,17921457
2022-11-14,866.0275268554688,877.2526210297223,862.4470895379831,875.7527248604484,12641308
2022-11-15,882.2361450195312,884.1231377026921,869.7530171733775,871.446461544456,15176911
2022-11-16,884.0747680664062,888.4293396104207,878.7525139570553,883.0587131853342,13008311
2022-11-17,890.0744018554688,892.4936082418244,880.9297899025129,883.4941722971123,12584194
2022-11-18,890.6065673828125,892.2032671366974,881.1232906726319,890.0743538190685,10874061
2022-11-21,891.6227416992188,894.9128269925257,884.5102393874712,884.5102393874712,9245704
2022-11-22,893.848388671875,896.5578880157866,890.6550480500273,893.8967609871374,11256509
2022-11-23,897.4772338867188,901.7350018639994,893.8484241581316,897.0417649067566,10959704
2022-11-24,908.5087280273438,910.2506038474994,897.5739271502308,897.5739271502308,10844395
2022-11-25,900.2350463867188,912.4278817096287,897.5255471136236,909.911871692526,9815055
2022-11-28,907.105712890625,913.2988462297513,894.0903698207622,894.1387421392984,9381474
2022-11-29,916.1534423828125,919.201666001015,903.3800210752162,903.3800210752162,13096845
2022-11-30,922.104736328125,927.2334420907079,910.5892902230893,917.411440468021,20858573
2022-12-01,909.8150634765625,926.0721170415646,905.9927059353864,925.1044345786163,15920653
2022-12-02,900.525390625,904.2993763342832,896.1708189893614,898.251360173674,14228874
2022-12-05,903.428466796875,906.7186113167917,898.3965644431103,906.7186113167917,10984608
2022-12-06,892.832275390625,899.7027974627792,890.4614414713092,895.1063056230931,18220912
2022-12-07,892.3485107421875,903.0413913903666,890.8969868787426,892.20333473078,15675663
2022-12-08,901.7833251953125,903.3799658469919,893.9450616831225,895.1062924696674,10136870
2022-12-09,899.8480224609375,904.5896314951109,895.1547266788406,901.8801321809183,9575331
2022-12-12,900.2350463867188,903.718738934402,895.1547131011699,895.1547131011699,8493863
2022-12-13,902.7994384765625,905.6541137851639,897.8158497651402,899.4609218974406,10415140
2022-12-14,891.9613037109375,905.7991510175465,890.2678594131407,905.7507787072823,12319827
2022-12-15,879.4298095703125,890.1711203350919,875.7526280275886,886.3971351085869,8929748
2022-12-16,872.8496704101562,884.1715681914225,870.5756400158575,876.2365593751624,9157260
2022-12-19,877.1558227539062,881.1716697316784,872.0271172648877,878.6557188314514,7015083
2022-12-20,880.3008422851562,882.9619693422077,866.7532863583488,876.720404977683,6384331
2022-12-21,863.4147338867188,886.2520178769291,858.3344006248467,880.8330193559941,11341147
2022-12-22,861.866455078125,874.6398170181222,857.7053730160692,871.3981042199335,9788367
2022-12-23,850.4962768554688,860.8988650022736,847.012583991966,854.5121242838487,11059215
2022-12-26,864.3340454101562,868.0112272022727,846.9641322283046,852.6250513893447,6943159
2022-12-27,871.5432739257812,873.5753835662855,859.4956148959698,868.6885987163848,4994381
2022-12-28,869.8982543945312,874.7366672238433,866.8500306870021,867.0435790127059,8980300
2022-12-29,878.7041625976562,893.5096943878732,860.6084863817653,868.8822197628393,11994220
2022-12-30,862.0599365234375,879.139556373027,859.8342785729984,879.139556373027,9688527
2023-01-02,873.2850952148438,877.6880388341714,865.1081661717191,865.1081661717191,4315403
2023-01-03,872.2206420898438,876.6720172537239,867.7693259886192,869.4627704497066,5846855
2023-01-04,870.0433959960938,878.5590500671148,865.8823726575065,869.9466513618287,12454582
2023-01-05,850.7380981445312,873.8173022704675,843.8191446066974,871.7851926344346,16547196
2023-01-06,841.9805297851562,850.5445554510902,832.6908012981177,850.5445554510902,14804613
2023-01-09,845.12548828125,850.3509974095962,834.4326084620582,845.9964261568585,16811853
2023-01-10,833.5133666992188,850.0124019391619,828.9168744439911,847.1093541990182,13470142
2023-01-11,838.3033447265625,842.7062883246897,827.2233681992996,835.0132596375089,15558460
2023-01-12,832.8359985351562,841.2547893512822,827.3201962654273,837.5292352113945,16659001
2023-01-13,845.2223510742188,846.6255026107519,830.561936539757,836.7551286017936,11223103
2023-01-16,837.287353515625,849.0930928206624,833.2230748614112,848.8995444918602,8319812
2023-01-17,837.1906127929688,839.9001122208812,830.3684033124389,838.9324296350084,12624859
2023-01-18,841.39990234375,843.8191085034503,830.900571235711,836.5131177136856,11313898
2023-01-19,838.1582641601562,842.416031941814,834.1423579533002,839.9484532522791,6694679
2023-01-20,842.2224731445312,848.1737443770304,837.5776087756478,845.2706967636465,8127162
2023-01-23,843.5288696289062,854.7539633041429,836.6582882575105,853.4959878330195,16882379
2023-01-24,842.6095581054688,853.2056935599804,839.9484311634187,850.5929389316187,11504090
2023-01-25,827.6588134765625,848.4639868002098,820.5947431838545,845.077098119616,14918485
2023-01-27,790.7901611328125,815.7563581461058,786.8226273934423,812.030804097546,39718683
2023-01-30,796.8865966796875,799.5477237481382,770.2753259951805,774.1460562765634,36301441
2023-01-31,805.01513671875,811.2082695992232,787.7903400840028,799.3057860504701,27291226
2023-02-01,820.5464477539062,846.915797809219,796.5479318096759,816.191876185139,39237711
2023-02-02,830.1748657226562,832.7875613023073,799.402514032967,801.6282311010465,16798190
2023-02-03,835.8841552734375,844.4481810776783,824.5622578914393,836.7067208592392,14914366
2023-02-06,826.110595703125,839.7548958836825,822.1914932310632,833.6585076979579,8463833
2023-02-07,825.1913452148438,828.3363136955805,819.8207185448867,827.3686310861231,9337066
2023-02-08,831.3359985351562,832.8843259474374,824.3687318991716,824.9493177646199,8082983
2023-02-09,832.9811401367188,836.9486740907996,824.0784487262168,830.7554820497575,6299265
2023-02-10,826.2556762695312,834.0455676189112,824.465487275508,827.9007483266255,8656405
2023-02-13,823.1591796875,831.5295982555967,821.9011451301623,825.8203066835285,9394365
2023-02-14,837.335693359375,839.2710584470253,824.562271968352,826.3041477973615,13402934
2023-02-15,842.657958984375,845.0287930620101,832.7875850885544,838.4001911703535,12070288
2023-02-16,841.3516235351562,849.4317493814649,836.9002482690221,847.6415602493975,10715685
2023-02-17,834.7713623046875,839.5129712878102,827.5137432933884,839.5129712878102,9990618
2023-02-20,824.562255859375,838.5452801570017,822.7720668133345,834.7713537474057,9013430
2023-02-21,826.594482421875,831.6748160330891,819.4819799285804,826.7880307529291,11704445
2023-02-22,812.1275634765625,826.4976254250806,807.7729920906293,823.7397538390513,13880984
2023-02-23,812.6113891601562,817.1595087774535,806.6117457753803,809.5147933103377,11743574
2023-02-24,812.5630493164062,818.2723409257021,808.5471431075151,816.6757001552671,8246139
2023-02-27,828.7232666015625,830.5618278029915,806.6116873736729,806.6116873736729,14422574
2023-02-28,827.223388671875,830.2716122720615,822.5301520177766,827.2718200485879,19600146
2023-03-01,828.6265869140625,836.0777546418046,824.3203875920912,836.0777546418046,11015843
2023-03-02,826.40087890625,833.9971631259353,823.5945759500078,825.4331963782566,12327141
2023-03-03,840.4806518554688,844.7868509379583,822.3849766837857,829.0620097836149,12823098
2023-03-06,839.7064819335938,848.5123689804957,837.3840203291142,843.5772118992917,13904231
2023-03-08,843.9159545898438,845.4159098393197,833.6585428645134,838.6421317777392,16144568
2023-03-09,828.287841796875,841.6902207014982,826.546025121793,839.1742698444524,10624440
2023-03-10,815.4177856445312,818.0304814756973,809.2245932341773,817.4015232085375,17273189
2023-03-13,801.6282958984375,827.6589226097481,797.3220964813469,814.2565421172523,16413159
2023-03-14,803.5151977539062,807.4827317254363,791.8062622910114,800.2734847719724,15456802
2023-03-15,799.2090454101562,816.6757037068646,795.6286081458696,809.4180845479008,12914488
2023-03-16,797.273681640625,804.4344971185735,784.1131634393323,802.886228653789,14987868
2023-03-17,809.2245483398438,811.3050894882914,792.1933587502203,804.91834909519,11104490
2023-03-20,809.4180908203125,810.7244386539869,798.3381136725679,809.9503044168963,14838651
2023-03-21,824.8526000976562,826.8847097557864,811.9340030740609,815.7563608240233,18755854
2023-03-22,832.4005126953125,834.6745429845437,823.4978217289552,829.9329340902065,17431520
2023-03-23,827.8040161132812,839.4162062490099,825.2396338332466,829.3039121932823,17920621
2023-03-24,824.8526000976562,832.2069635927165,821.7076319212885,824.9493447241754,17295696
2023-03-27,821.2720947265625,828.723261291582,816.7723477769475,827.3201099477393,17047675
2023-03-28,827.1266479492188,831.1425541001529,820.7883391486262,827.9007821657716,24469018
2023-03-29,823.4978637695312,834.2391166284191,820.5948160711663,829.352331482036,34881515
2023-03-31,848.8994140625,852.5282231850242,830.7553684498789,834.0938846551309,25739021
2023-04-03,855.23779296875,858.4311334483423,840.7709275903899,851.7541595478591,26416933
2023-04-05,856.011962890625,859.0601865581069,845.7545514523069,857.9473279969231,21068934
2023-04-06,846.7222290039062,861.3342118450829,844.4965709573414,853.4960068359375,26042745
2023-04-10,840.3839111328125,854.2701319147354,836.4648086702014,851.6090049377871,30906205
2023-04-11,853.3992919921875,856.9796702925302,837.0454327447134,845.4642830137524,39504022
2023-04-12,861.3826293945312,863.1728184534817,851.8509210177381,854.8991446182802,22686032
2023-04-13,869.9465942382812,872.51097656716,857.8505626165031,862.3018786282557,34439635
2023-04-17,872.1722412109375,887.6551614909503,864.2856641308982,887.6551614909503,29957514
2023-04-18,867.8660888671875,878.6074008266793,865.2049618009515,878.6074008266793,26699379
2023-04-19,863.0760498046875,867.9144623295201,858.5763025315322,866.9467798245536,24377956
2023-04-20,865.4953002929688,870.236909372004,860.4633391974846,863.4147591759163,16999919
2023-04-21,857.028076171875,871.5916867731976,853.8831078765245,865.6404154507798,29578071
2023-04-24,875.5108032226562,877.204247716317,866.0758981865458,875.7527238646078,30881665
2023-04-25,883.9295654296875,886.3971439195534,873.9140164117832,877.0106121332027,41383839
2023-04-26,885.381103515625,887.3164684901113,876.478412820458,881.9942148102741,30371555
2023-04-27,888.6712646484375,890.1712198822554,879.1879872737524,880.1072975279017,25835108
2023-04-28,887.9938354492188,890.7033345320275,880.8329616007633,885.5261979194149,20381002
2023-05-02,892.300048828125,895.880486047962,889.0099636211668,894.1386692839658,17515017
2023-05-03,893.0258178710938,893.9935004213415,882.091016865825,889.8324772678072,18715142
2023-05-04,891.9130249023438,894.0419383409981,882.3329439597278,890.2679527423538,20485002
2023-05-05,896.9932861328125,911.992364564189,893.6063974547598,895.1062934853671,19002035
2023-05-08,907.5894775390625,911.2666593771053,897.0417142320913,897.0417142320913,18623913
2023-05-09,904.20263671875,914.4600485590047,901.686626544379,910.5893181947338,21507610
2023-05-10,905.7991943359375,910.5892345341686,898.2512826316067,904.3960428952724,25910923
2023-05-11,908.8474731445312,916.3953853081388,903.670336005355,909.6699796963557,20027372
2023-05-12,913.3955688476562,917.3630436179886,904.8799152854667,909.379662700427,13873480
2023-05-15,915.185791015625,918.3307593696306,907.8797994211587,913.2504258746985,10453762
2023-05-16,915.766357421875,921.4273357760685,912.5246445049526,919.2984223538758,19612293
2023-05-17,908.9925537109375,917.7501277880057,905.5572925692524,916.6856415758675,19273344
2023-05-18,915.9114379882812,921.4756120700907,911.653611587576,917.3145893518762,21550141
2023-05-19,923.45947265625,925.1045448518862,911.1698920993472,920.7016009331666,15427412
2023-05-22,919.6370239257812,923.4110092338516,915.5728047480459,920.3144134762877,15509525
2023-05-23,922.5885620117188,927.8623846317511,914.4600050088006,921.2337828236806,16579935
2023-05-24,910.2506103515625,923.0239727062751,908.1700692529853,916.1050779412483,18049620
2023-05-25,909.4764404296875,911.1698849283796,902.7994661295811,906.7185687283087,19328582
2023-05-26,919.975830078125,921.6692745737228,905.3154155340302,909.4280664519105,10957182
2023-05-29,917.50830078125,926.6528543001206,916.2018938052257,923.0240444711529,12108079
2023-05-30,919.2500610351562,921.5240914294349,914.1213552721521,914.7986858150222,18483624
2023-05-31,918.4758911132812,921.23376268112,910.1054136571358,918.8145563715582,27254425
2023-06-01,905.8475952148438,923.4110568080118,902.6542546695372,923.4110568080118,21650700
2023-06-02,907.8313598632812,914.121296105405,904.8315086794461,912.5245963573434,12494376
2023-06-05,916.1534423828125,921.0402273846815,912.524632867169,912.524632867169,10751684
2023-06-06,911.6536865234375,917.1694887487128,907.782956409231,915.9115132741265,11894330
2023-06-07,909.8150634765625,915.2824339546304,903.6218720886329,913.8309102602079,16486469
2023-06-08,907.5894775390625,919.7822539132716,904.9767228695448,906.3314429874264,17608140
2023-06-09,907.734619140625,913.4923422203289,905.9444300187516,910.976391174022,12253128
2023-06-12,905.7025146484375,913.0085062510576,903.1381322087851,907.6862521075698,10520125
2023-06-13,913.056884765625,915.6696395390605,903.9122725899293,905.6541484806579,13528776
2023-06-14,909.4281005859375,916.3470548384208,905.9928391498903,915.4761168686471,13489262
2023-06-15,896.6546020507812,912.4762467370247,894.4773163743614,910.2989610606047,19366819
2023-06-16,904.009033203125,907.4442943791796,897.0417071602234,899.2673651712831,11249387
2023-06-19,893.316162109375,903.7671217485372,889.0099629857297,903.3316527921857,19351375
2023-06-20,895.6386108398438,898.541658614634,885.2360229801786,891.187294543562,15212286
2023-06-21,894.8160400390625,898.396477183526,890.267920372455,898.0093805496068,9210553
2023-06-22,895.8320922851562,905.3153691622226,890.9453073749864,894.5257445090998,27291569
2023-06-23,893.6549072265625,901.7834649292695,889.3003353992539,896.122486116172,8767733
2023-06-26,897.4772338867188,901.6866295468166,893.3645828609866,897.1385095411223,11749040
2023-06-27,905.8475952148438,909.5732084032469,892.3968434482118,899.9447553905696,13422726
2023-06-28,907.154052734375,913.4923618648676,904.1058289611399,913.4923618648676,25708001
2023-06-30,904.3960571289062,911.7504796986727,900.5737584353333,910.1054076065767,13843218
2023-07-03,912.089111328125,915.1857070821438,906.2346441262783,906.7184853671359,12350359
2023-07-04,914.169677734375,920.5563586664051,911.5569231484889,916.6372563189024,14041699
2023-07-05,927.039794921875,933.5716515144874,910.5891931330735,911.6052479016165,13817767
2023-07-06,928.3946533203125,932.7492247541551,923.1691439746393,923.846533565768,16334427
2023-07-07,915.8148193359375,924.1852382336124,913.2988091848515,922.2015007528141,8593807
2023-07-10,917.7501220703125,922.1046933935976,910.9279130803762,915.4276604061656,12069184
2023-07-11,914.41162109375,921.9111607222271,911.4602011815253,917.750137644119,16977595
2023-07-12,913.87939453125,920.4112515342325,910.8311709714633,917.7501246070915,21511161
2023-07-13,924.814208984375,928.2494701654196,911.7504947834543,917.0727487171628,23222286
2023-07-14,929.0236206054688,933.8136610419978,920.6047706053051,928.7333276529091,12871569
2023-07-17,937.39404296875,942.3292000589743,922.056240014047,931.7814963207601,16290763
2023-07-18,943.9259643554688,956.0219963476638,939.7649411626849,946.3935430693452,29709508
2023-07-19,941.9905395507812,948.3288481005554,936.2811891871556,948.3288481005554,15994261
2023-07-20,963.4247436523438,965.8923814574687,940.6842032435259,944.5065612098798,26487838
2023-07-21,964.7794799804688,969.0856790406557,956.84447144192,963.1344078710805,16903003
2023-07-24,959.9411010742188,976.1014116649148,958.1024805821794,972.4726020590396,21687719
2023-07-25,962.5538330078125,966.714856111477,956.3122688209883,966.714856111477,29325327
2023-07-26,964.2472534179688,965.5052288743298,958.0056893867065,961.0054815566945,12780537
2023-07-27,958.2476196289062,973.9724606478103,955.2961997425043,970.1501028645305,25932395
2023-07-28,964.00537109375,966.4245774762064,945.4742265790718,956.070362346762,12584130
2023-07-31,966.0375366210938,967.1020229284449,956.6510035025354,963.8118784332275,14303116
2023-08-01,962.4086303710938,971.2629489797961,958.4411556974744,969.2792116429864,15508569
2023-08-02,955.0543212890625,961.9732162053438,945.9097092186121,953.4092491126727,15787996
2023-08-03,933.8136596679688,951.2319455477858,929.023619238488,944.9903812949868,30994707
2023-08-04,939.1358642578125,944.4581179965224,930.1848011518003,937.3456752616711,20582882
2023-08-07,944.1194458007812,949.7803647470605,936.910199431587,939.5713262813622,16686062
2023-08-08,948.232177734375,954.7156037290013,940.8777547355696,944.2162714278614,23784778
2023-08-09,949.0126342773438,951.5492947573501,940.1342034996886,951.2078418442472,19317331
2023-08-10,940.6220703125,949.9395549383418,936.0853435299007,947.8906587198094,24858441
2023-08-11,929.64599609375,940.0366691362146,926.8654236423497,939.9391281743053,17162177
2023-08-14,936.182861328125,939.4513172807983,922.9628451701761,925.8897886538025,19026691
2023-08-16,933.2070922851562,936.42671801736,923.5481555397309,931.2070262658186,17930805
2023-08-17,928.4752807617188,934.4754791838435,923.4019001385633,933.6462023482969,27077611
2023-08-18,927.4996337890625,931.7436780317744,922.9628475581766,924.8166022554632,13257508
2023-08-21,931.9388427734375,935.9389751584126,925.3044492708552,927.548427427032,13358017
2023-08-22,928.8167724609375,933.6462413283504,926.1825113015468,933.1096469094867,16872719
2023-08-23,943.3051147460938,944.4759040942181,926.7191010359882,930.7680634965125,14707331
2023-08-24,945.35400390625,958.4764795059389,943.2075667089148,948.8175418923399,28389740
2023-08-25,946.7686767578125,948.9150543418253,936.8170569956474,939.5000885244812,10275758
2023-08-28,946.9150390625,951.2566840430246,941.5489757166163,946.3296741533865,10481574
2023-08-29,944.1831665039062,953.4518206829681,942.134329925956,949.5979999303318,13209913
2023-08-30,935.5487670898438,952.134780892738,932.133999542189,946.8174880873403,13936165
2023-08-31,935.40234375,942.6709318902067,930.8167871042523,936.6219035202087,36675400
2023-09-01,945.1100463867188,949.3540905448681,929.5972223729281,933.597414127154,16268147
2023-09-04,943.7929077148438,945.4515209412026,937.1585143582263,945.1100680190779,9512956
2023-09-05,944.8173828125,946.3783955216684,938.8171248357994,940.6220495025765,16623486
2023-09-06,934.182861328125,945.8906360915063,927.6460085088062,939.1098712979502,30802100
2023-09-07,942.1343383789062,945.8905586551218,931.4509828721614,934.0852438880298,13462347
2023-09-08,946.9150390625,951.2566840430246,937.8415256783153,943.9393249350013,13086915
2023-09-11,954.427490234375,958.086169598933,945.7442007229635,951.2078643033275,7894110
2023-09-12,966.379150390625,970.9159365012332,958.7203389445621,965.9888674492851,20959591
2023-09-13,965.6962280273438,970.6232377499122,956.671485433468,965.6962280273438,21997553
2023-09-14,963.6473999023438,968.720780666579,958.3301071739512,968.1353562233099,11464188
2023-09-15,968.28173828125,973.2087481037405,964.5254582610313,966.2328420296343,13307980
2023-09-18,966.0865478515625,971.9892056473607,963.257145164905,965.9889473337481,16713222
2023-09-20,963.1107788085938,971.7452382810216,956.7690679161975,957.6471152335464,25741856
2023-09-21,935.93896484375,958.574006734418,934.1340401518692,956.0861166419703,19742813
2023-09-22,927.1580810546875,937.4999833370895,924.328738198691,933.2071092502335,12701888
2023-09-25,933.060791015625,937.7927187843896,918.5724443637747,927.1581334740866,8997098
2023-09-26,925.5971069335938,935.5974971770788,924.0360346784909,935.5974971770788,10521409
2023-09-27,920.1334228515625,923.4506492144903,911.6453345707359,923.2555077433504,15152973
2023-09-28,919.6456298828125,924.1824161569504,911.9868181606855,922.4750324374734,25991282
2023-09-29,928.7191772460938,932.7193094608657,920.718853267733,923.6457967074638,10447334
2023-10-03,917.401611328125,928.4264195210825,916.133281102177,928.4264195210825,11131636
2023-10-04,907.4012451171875,912.7185376578814,902.4742355248961,912.2307137467868,17334739
2023-10-05,917.938232421875,920.9627764089626,911.7916630335349,912.425857939374,10478856
2023-10-06,922.182373046875,923.4994738438675,915.1576965156688,922.9628794283824,6355755
2023-10-09,915.7431030273438,919.1091002211714,913.4991247477328,917.3529458957726,6725306
2023-10-10,928.0362548828125,934.1828244813858,917.4504398891626,917.4992699211415,11452715
2023-10-11,929.8899536132812,938.6220138894535,927.5972049567132,931.6461674042404,12233117
2023-10-12,931.011962890625,936.7194790060307,925.3044467752193,929.6460320781218,7836818
2023-10-13,928.1337890625,934.0852766849174,921.548166066008,926.8166882827292,6650442
2023-10-16,928.2314453125,931.597382962648,923.1092937854471,925.4020425542179,5763024
2023-10-17,930.6705322265625,937.5488378388338,928.3289535059158,932.1340040397615,7747527
2023-10-18,920.7676391601562,927.4996330037417,916.2308529331116,926.0849317410963,12000153
2023-10-19,912.9624633789062,921.9872058702285,911.2550796643318,913.2063753381311,8612676
2023-10-20,910.0355224609375,917.108969298613,907.3524909018192,909.303786581178,6586576
2023-10-23,907.3037109375,921.7920573857958,902.8645252231158,919.060255373007,11856890
2023-10-25,893.7909545898438,911.0599331166206,889.2054574209906,903.4986624227306,12593434
2023-10-26,886.5224609375,894.2788138653154,877.1074351720209,892.034835673972,21693345
2023-10-27,890.5225830078125,895.7911052641983,889.1078817029663,893.6934385485141,8645505
2023-10-30,902.376708984375,903.7425802279794,886.083378183647,886.9614255083601,7687791
2023-10-31,893.0592651367188,908.3281783124116,891.8397052839899,906.6695650029363,17211107
2023-11-01,891.7908935546875,895.2544314664859,887.1565663286538,891.5469815954225,12927203
2023-11-02,897.5472412109375,902.279109409575,890.5713353440126,897.6447821752898,9747311
2023-11-03,911.0599365234375,911.7429019177837,904.2304016776113,905.9377853890679,7146961
2023-11-06,922.42626953125,924.6702476712292,914.5723162669136,918.0846246991575,10338367
2023-11-07,925.0116577148438,927.3044657799691,907.791509730304,920.6212426036691,15704942
2023-11-08,912.9624633789062,925.3532028172963,911.3526206284945,925.3532028172963,17606074
2023-11-09,914.5234375,919.4016764786073,910.2793934081378,911.2550412038593,9406117
2023-11-10,915.7431030273438,918.523735295646,909.6941336341723,912.1332534052325,9560455
2023-11-13,911.6941528320312,917.987093425993,909.3038036701303,917.987093425993,11470096
2023-11-15,918.1821899414062,921.401875563048,915.8894412581842,921.401875563048,19492138
2023-11-16,913.2063598632812,923.1579795407855,911.2550642225477,916.1333033243815,19706373
2023-11-17,899.4009399414062,915.5479593765705,897.7423862479302,903.9864967116965,10956653
2023-11-20,899.0107421875,904.1816639914177,895.1569211892373,899.5473366065142,10562301
2023-11-21,903.5474243164062,905.4499494794524,899.5472920649286,901.8888706577264,8989572
2023-11-22,900.279052734375,902.6694018743736,892.4738699417713,900.7668766589127,12197979
2023-11-23,900.52294921875,902.8156978051427,896.1325339733714,900.52294921875,5534614
2023-11-24,906.76708984375,907.7427376445077,897.7911181670157,899.0594483982376,7452002
2023-11-28,902.9620971679688,908.3769308976238,899.2546471984909,906.2793237215551,14231987
2023-11-29,916.7186889648438,918.1821607285481,903.4499021267856,908.2306003744137,11680078
2023-11-30,912.1819458007812,917.9382322384056,905.5963229827007,916.0845371003845,23950292
2023-12-01,923.6458129882812,928.8167345798552,910.2794258014757,913.1575988110403,16986046
2023-12-04,967.0621337890625,970.6232126126973,937.987840581793,940.2318186642837,33131257
2023-12-05,988.7703247070312,991.0143028504854,970.8183804617602,978.0869688482517,31378461
2023-12-06,978.8186645507812,991.502086070004,975.8917211232683,989.3068784993693,18786590
2023-12-07,974.6721801757812,977.7942651351568,964.0864250614673,972.0866896120442,11841945
2023-12-08,986.2335815429688,988.1848771958599,969.0622036170539,970.2817634001109,16116363
2023-12-11,992.3314208984375,995.1608235299625,980.1846526032307,982.574942236379,11714606
2023-12-12,990.9655151367188,996.1364367379356,984.0383797983786,992.3313863725926,12380856
2023-12-13,989.2093505859375,995.8437438660465,984.6237939125858,990.0873978964831,15887040
2023-12-14,1008.4783935546875,1014.6737333957984,996.3803367600569,997.3559845806298,16317672
2023-12-15,1012.1371459960938,1018.2836562511309,1000.7219942122084,1018.234945315164,14306067
2023-12-18,996.5755615234375,1004.8685091425787,993.209564351382,1004.8685091425787,8592711
2023-12-19,990.7216186523438,1000.5268676099422,987.9409865576811,1000.5268676099422,10094256
2023-12-20,982.1358642578125,997.1120339024774,977.5990782488085,997.1120339024774,16490281
2023-12-21,979.940673828125,986.2823845261098,965.1108153630744,972.2818028712693,18064916
2023-12-22,970.0866088867188,984.965238040039,967.4523478809576,978.5259862915714,20881976
2023-12-26,970.8671264648438,973.2087050634708,965.7938054158475,970.6720445389727,14339699
2023-12-27,977.8430786132812,980.4285692907043,967.8426879365178,973.6478046781592,12996468
2023-12-28,981.4041748046875,987.0629203019365,974.7697219298256,983.4530114256305,24915990
2023-12-29,972.3306274414062,983.9896312060448,969.501284394201,979.5992158632049,12280140
2024-01-01,975.0624389648438,980.3796718566513,966.8669735931653,967.4035679755073,7683792
2024-01-02,958.3300170898438,973.3550164890929,956.3787215600095,972.7208216223713,16263825
2024-01-03,960.0863037109375,963.9401248241994,951.3542430995774,960.720498665219,16826752
2024-01-04,963.1107788085938,965.0620744677926,957.9886277031968,962.3790429363942,22789140
2024-01-05,969.501220703125,973.9891767169987,959.8422837638905,963.9400163911056,14875499
2024-01-08,958.0861206054688,973.89162656188,956.4275074685884,969.7938939733564,8393164
2024-01-09,955.8909301757812,970.7695590966088,951.6468860736289,962.2326408633471,14660414
2024-01-10,968.8670654296875,970.7208201257515,950.5736686217577,950.5736686217577,9409181
2024-01-11,967.0133666992188,974.1843544018284,962.8180334077583,971.0622694484135,6451345
2024-01-12,979.0626220703125,984.1360028238887,967.598759779006,970.5744738257089,12255743
2024-01-15,985.2579345703125,987.0141482984905,974.9160914205547,979.0625946865415,12388044
2024-01-16,984.4774780273438,991.0631011947543,980.1358330664721,981.5993048814522,11505126
2024-01-17,957.84228515625,983.2578999623713,952.9640458633737,963.8425433060156,41914771
2024-01-18,962.3302001953125,970.086612247944,946.5247532036159,950.2322029973618,17902484
2024-01-19,974.8673095703125,986.2824009262613,963.500988695396,967.1596680050709,23271148
2024-01-23,1003.9904174804688,1033.6013044278507,996.331546511633,1033.3085624484331,50797448
2024-01-24,974.8673095703125,1010.7223072563087,972.379419549497,1004.3805964528723,34578943
2024-01-25,985.3555297851562,990.380080339403,964.0864191743161,974.086809350288,28315035
2024-01-29,991.6484985351562,1006.8685811752547,985.4043284757821,995.1608069755424,14078922
2024-01-30,992.1363525390625,998.9170576629135,983.4530625914942,990.233827264166,16085742
2024-01-31,1003.1123657226562,1013.6981211276084,978.8187103188384,992.0387268414895,25627447
2024-02-01,1000.1853637695312,1008.7709929318956,992.6240933363141,1008.7709929318956,13058880
2024-02-02,999.0633544921875,1024.4301974773407,996.770605964979,1011.8443169459497,14774650
2024-02-05,998.5755615234375,1001.4536750045531,987.453152358168,997.5999136860917,12948430
2024-02-06,1001.4049682617188,1009.6979749138608,991.9411722900987,998.6243361843565,12886927
2024-02-07,997.2584838867188,1006.4295975899541,988.3312821484757,1002.9660000480089,16410895
2024-02-08,965.2084350585938,1003.2099318661822,961.2570730572876,999.1609693476559,20565502
2024-02-09,986.0872802734375,989.0629942650385,961.5009428835466,964.7693393163379,12799837
2024-02-12,971.8428344726562,987.5508011511549,961.2570787394588,985.7946468678402,8050066
2024-02-13,994.9656372070312,1002.0391434670632,975.9405046734194,981.5017091699309,18706292
2024-02-14,997.7950439453125,1010.4784061393933,983.013955556177,984.9652512089306,17878720
2024-02-15,991.8923950195312,1001.6488733670452,982.0870866412254,997.9413639559355,10069878
2024-02-16,998.3316650390625,1001.2097785647912,992.136324995411,998.2828945562029,7159395
2024-02-19,1018.3323974609375,1020.5276050243264,998.4291584000189,998.4291584000189,9388255
2024-02-20,1023.2107543945312,1027.0158050957184,1008.0882116597372,1015.6983130621115,11293528
2024-02-21,1026.332763671875,1038.08936853922,1022.4790020950211,1031.0647512783883,15946325
2024-02-22,1036.8209228515625,1040.0406083965356,1014.9665062834417,1030.284129893754,13432573
2024-02-23,1035.455078125,1043.9431665127322,1031.8939397655,1043.9431665127322,13142759
2024-02-26,1028.5279541015625,1036.4307972587308,1024.9181045612984,1027.4547652461576,7875941
2024-02-27,1034.3817138671875,1040.235600463148,1021.0153871121286,1025.1618901176007,10580973
2024-02-28,1020.72265625,1038.9185111032964,1016.7713542133081,1037.1135865360943,7730332
2024-02-29,1026.57666015625,1034.869667204587,1013.2103317291641,1017.6495772588014,20944844
2024-03-01,1060.431640625,1063.40729502092,1028.3328034897127,1029.3084513108604,14909562
2024-03-04,1065.748779296875,1068.3342696136383,1053.7970945454895,1054.6752013263406,11424581
2024-03-05,1061.5535888671875,1072.7247080376237,1050.2848096430214,1059.748545239955,9222544
2024-03-06,1070.3831787109375,1086.4326564967669,1053.9923671118995,1053.9923671118995,21796484
2024-03-07,1061.4560546875,1068.3344198240536,1056.3339033595764,1068.285589791398,9963926
2024-03-11,1052.4312744140625,1061.456016908724,1050.5288087704587,1061.456016908724,13310362
2024-03-12,1050.6263427734375,1068.1392927948118,1029.9426563996108,1050.821543798178,21785435
2024-03-13,1057.5533447265625,1063.1146084324603,1047.016420348109,1050.9190113988607,24855870
2024-03-14,1057.2119140625,1070.383159135781,1048.8701969746664,1053.6996058624843,14231421
2024-03-15,1054.041015625,1059.797361129833,1043.9430853016538,1045.894380788199,66192734
2024-03-18,1054.870361328125,1058.3827887115601,1034.2355054874226,1048.8702225929605,8769440
2024-03-19,1057.5533447265625,1062.2365016265157,1049.0652568302282,1052.1872820317788,16708715
2024-03-20,1058.0899658203125,1063.4560283486774,1041.503954369003,1053.6995510243776,18725251
2024-03-21,1055.455810546875,1073.212552411357,1052.870320123813,1065.4073702120015,19992607
2024-03-22,1063.7489013671875,1067.0660087880365,1052.431290998509,1054.821699696048,17214415
2024-03-26,1057.3094482421875,1062.626800085145,1050.7238257477718,1054.675246883473,13367635
2024-03-27,1057.3583984375,1065.8953174560265,1053.2607249476644,1057.3095684040516,26907245
2024-03-28,1066.67578125,1078.1396428341293,1058.5778569174774,1058.5778569174774,22070566
2024-04-01,1072.8712158203125,1076.0907823680045,1067.7977753821392,1069.3589072693567,10848191
2024-04-02,1054.870361328125,1067.7976947713503,1052.967895743458,1067.7976947713503,14380396
2024-04-03,1050.9677734375,1057.2607732714453,1046.1383644163889,1048.8213958942579,15477184
2024-04-04,1052.57763671875,1059.358460590309,1037.5526363294593,1058.3339827305892,21419689
2024-04-05,1057.0169677734375,1059.5536285157325,1041.4553121759684,1043.9432619814309,15340637
2024-04-08,1060.675537109375,1065.1634932016668,1050.0897822238517,1052.089788769452,8023461
2024-04-09,1080.091064453125,1088.0913296616127,1061.7976661736764,1065.3586857606263,12298463
2024-04-10,1082.3837890625,1089.3596952702449,1078.2372855450287,1083.8959718279336,10598000
2024-04-12,1077.505615234375,1084.7741447920198,1069.115066719454,1076.6275082635652,12216657
2024-04-15,1052.08984375,1079.2129018387545,1050.3824599986701,1073.4077256256494,10526597
2024-04-16,1041.06494140625,1048.4310101922226,1036.8207785700372,1044.4797084070326,11278092
2024-04-18,1029.7474365234375,1051.7971723738806,1024.8691974587614,1047.8457510924395,16564216
2024-04-19,1041.2601318359375,1045.8944589628718,1022.5764523362437,1027.308320425271,11284433
2024-04-22,1060.187744140625,1062.1877507445827,1044.2846367847953,1052.52893245238,10346714
2024-04-23,1063.7000732421875,1073.2126398224318,1056.3338843025326,1073.2126398224318,9848215
2024-04-24,1070.041748046875,1071.6515907716011,1062.4804774315448,1065.6513328508768,5461309
2024-04-25,1086.6278076171875,1098.2380410085623,1063.407340834438,1063.4561708666527,19905338
2024-04-26,1080.9202880859375,1092.7256033742926,1075.8956777866083,1085.066791491599,14190059
2024-04-29,1131.8978271484375,1135.1173934530657,1080.9202292309824,1081.017770192159,28578063
2024-04-30,1122.38525390625,1141.0689331118688,1118.8241156136564,1131.702618945696,29568491
2024-05-02,1111.701904296875,1127.361100058772,1105.6529352155806,1115.16550183226,25118334
2024-05-03,1114.2386474609375,1129.2148177723732,1107.7992765304286,1113.5069115913466,19933604
2024-05-06,1118.3851318359375,1130.2391574450266,1110.3847483382629,1113.7508047401204,14970524
2024-05-07,1104.3358154296875,1124.6780491020515,1098.8722113377237,1119.9948918245757,15097728
2024-05-08,1095.6524658203125,1104.4332959114815,1088.8717613334063,1099.1160631064367,19913090
2024-05-09,1088.5302734375,1101.3600666593375,1082.9691282557828,1093.262260852585,12229853
2024-05-10,1089.847412109375,1101.408814608253,1084.969173156462,1090.7742298713763,8573656
2024-05-13,1100.53076171875,1103.1162523100456,1079.7494151217084,1085.3106792591882,9707983
2024-05-14,1093.26220703125,1100.4331946539014,1091.3109114007254,1098.4818990233766,8944262
2024-05-15,1096.9696044921875,1100.335660935582,1086.3838494464303,1094.7743968933958,10743423
2024-05-16,1103.5064697265625,1108.8725325190837,1085.7008977331961,1105.4089352594046,14265565
2024-05-17,1102.9698486328125,1116.1410940609796,1093.3109114992967,1103.5065025670874,8641784
2024-05-21,1093.65234375,1106.1895131432295,1089.0668467710689,1094.8719034888254,10452900
2024-05-22,1084.042236328125,1098.481871268217,1071.3588150501846,1097.603764437141,17527411
2024-05-23,1106.8724365234375,1109.311556039796,1084.3349960118126,1088.383958228494,13787687
2024-05-24,1104.3843994140625,1107.3601726271318,1096.7744185849785,1102.4819339811972,6312670
2024-05-27,1102.2869873046875,1119.8486485845435,1094.2378925514201,1104.3358239678098,11599857
2024-05-28,1099.5062255859375,1107.5553198262376,1097.6037600409186,1104.9211184411913,9311718
2024-05-29,1075.1639404296875,1096.1891994265106,1071.7491729237856,1087.896192626463,19268547
2024-05-30,1086.5789794921875,1093.7012565449618,1070.1881668205704,1070.2857077875317,15255387
2024-05-31,1093.7501220703125,1103.0674880238118,1084.188725045031,1090.774348346767,26197718
2024-06-03,1131.75146484375,1144.4348864325161,1108.6286592786682,1141.5079429889547,25699977
2024-06-04,1045.35791015625,1131.1662156790471,1027.8939077680864,1129.702743807571,43476837
2024-06-05,1081.6519775390625,1095.8964118662052,1025.454687026523,1058.5778828175676,42172104
2024-06-06,1083.3592529296875,1090.7741517877903,1069.8952667444207,1090.7741517877903,18574162
2024-06-07,1094.3841552734375,1100.8235264178431,1076.724952853582,1083.3594059306379,17197635
2024-06-10,1096.4329833984375,1105.6039769227384,1087.9447765589168,1088.8228833488845,10851455
2024-06-11,1090.9693603515625,1101.5552346286859,1083.9447435857408,1092.4816621333332,12250002
2024-06-12,1092.28662109375,1105.7993202810974,1084.9204320321733,1093.701262866966,16096514
2024-06-13,1080.3836669921875,1095.8476622265855,1078.0909182705975,1094.872014336748,12494254
2024-06-14,1078.7249755859375,1086.8716106071388,1072.6758879821507,1086.8716106071388,11377979
2024-06-18,1095.506103515625,1107.4090780810202,1074.3833049204777,1086.8228143148967,18306176
2024-06-19,1116.580078125,1137.166342002539,1098.7257948267247,1100.4818894098034,34309514
2024-06-20,1128.6295166015625,1131.751542182319,1107.8481690931235,1125.9464849282854,15475933
2024-06-21,1130.4344482421875,1141.410486972395,1122.629265145151,1135.2151467086508,69259425
2024-06-24,1141.6055908203125,1147.0204843368606,1124.580582502217,1126.531878313925,12210295
2024-06-25,1168.77734375,1176.631356914064,1139.2152841020384,1141.7519447999034,27309845
2024-06-26,1188.339111328125,1193.0709797006668,1164.7771913357117,1172.728745333667,25403461
2024-06-27,1190.19287109375,1204.9251302431871,1179.6558263643078,1198.4370480300415,20516632
2024-06-28,1170.3870849609375,1197.119858680918,1167.2162295895332,1197.119858680918,12507092
2024-07-01,1182.3387451171875,1185.7535123666644,1163.0209904215824,1170.3870597440186,8636894
2024-07-02,1161.6063232421875,1187.3634506753801,1156.6793729867939,1187.3634506753801,16153925
2024-07-03,1172.33837890625,1186.24136013032,1150.7277562015904,1167.70405183156,22330897
2024-07-04,1202.9737548828125,1204.8762204814082,1184.729188396717,1199.0711636260962,15275791
2024-07-05,1203.364013671875,1212.339925743088,1191.1195862106667,1195.1685483777583,9535575
2024-07-08,1204.973876953125,1209.3154620742414,1187.2658453589734,1198.9736190942626,6617190
2024-07-09,1217.8524169921875,1219.7548826422453,1199.3639380524303,1204.8762530735444,13366874
2024-07-10,1212.9254150390625,1222.2429000724055,1206.2422507799674,1222.2429000724055,18226503
2024-07-11,1208.291015625,1227.1698965417374,1195.2174298923792,1215.998657353838,11307116
2024-07-12,1202.876220703125,1222.389177096727,1200.144359168967,1205.8031641621653,12208290
2024-07-15,1199.998046875,1208.2910537479374,1194.241819735426,1203.071361476852,15612671
2024-07-16,1209.7056884765625,1214.6814682619654,1199.0711040112092,1200.0467517768816,12320605
2024-07-18,1219.8525390625,1225.8526779859858,1201.7053940039573,1204.8275385430438,10999632
2024-07-19,1218.2427978515625,1220.0477226821429,1210.0473315126171,1213.706011208785,7958817
2024-07-22,1210.92529296875,1214.974255165563,1202.8761986042646,1209.8032741772045,9958965
2024-07-23,1196.8759765625,1218.2426878788428,1182.972994972106,1210.9253291470568,19369832
2024-07-24,1193.21728515625,1203.6079582700647,1172.777510944099,1195.1685807983697,20122521
2024-07-25,1168.728515625,1188.5829244027202,1161.6062390935692,1176.143415035895,14154461
2024-07-26,1177.802001953125,1190.2903417018374,1157.0694857554495,1161.020907069825,19309265
2024-07-29,1183.16796875,1212.486231027865,1174.826252016832,1185.5583771757993,28458261
2024-07-30,1179.9971923828125,1200.876079269409,1175.0702424166864,1183.4607897362628,23972277
2024-07-31,1185.314697265625,1194.827264609521,1181.509646508537,1189.3148299701952,22297629
2024-08-01,1180.63134765625,1192.875774860644,1177.5093224180825,1182.97292613369,8725046
2024-08-02,1167.4114990234375,1172.3872793090957,1161.118498843589,1167.8504929230744,10735395
2024-08-05,1144.0445556640625,1159.9476620150213,1138.5809519506631,1153.2156685567127,14306771
2024-08-06,1138.4346923828125,1158.776926636575,1133.215000102,1146.3862463365044,13575619
2024-08-07,1143.8983154296875,1151.069422664435,1133.312559694185,1150.2400266838533,15753644
2024-08-08,1136.239501953125,1145.8008988559393,1130.6783566530576,1138.5322506611303,10806438
2024-08-09,1143.0689697265625,1152.1912530849597,1140.5323091971482,1147.8984979263976,8687307
2024-08-12,1154.09033203125,1159.4533399572713,1137.5582949209468,1152.3189994398172,10860455
2024-08-13,1149.7113037109375,1170.2779103089574,1145.0370803987933,1164.3243778306348,13117927
2024-08-14,1143.1181640625,1151.3841824712085,1134.6061339161688,1148.3827912230433,13431801
2024-08-16,1168.3096923828125,1173.9679621079767,1147.0543031789523,1151.33488320732,10961370
2024-08-19,1157.140869140625,1176.67417769156,1154.58237101426,1171.9999545311712,6686394
2024-08-20,1160.6341552734375,1170.8191375512558,1151.3349594196018,1155.4679086606573,10427061
2024-08-21,1156.1075439453125,1159.846970432822,1146.513086110094,1158.223268928432,17234142
2024-08-22,1172.098388671875,1173.5744592109102,1157.829706794536,1163.1435847596479,8564142
2024-08-23,1184.300537109375,1185.7766075752363,1169.589082848793,1173.968043848346,7518309
2024-08-26,1193.9442138671875,1195.5677952382332,1181.889638715724,1186.3178499958535,10920226
2024-08-27,1206.7860107421875,1212.8379237983015,1189.6144386937667,1193.9442695051366,16295325
2024-08-28,1204.325927734375,1206.8352956977394,1197.8804917932434,1203.1451193533376,12291305
2024-08-29,1202.4071044921875,1215.2980967161698,1197.5852499624118,1199.504093644897,10806748
2024-08-30,1209.5904541015625,1215.8392482869917,1199.4548426639624,1210.3777397050092,21211148
2024-09-02,1210.3284912109375,1219.4309254466023,1202.997389524353,1219.2341641068904,12516759
2024-09-03,1227.79541015625,1230.9935629487222,1200.930998773239,1207.6224463883482,19114907
2024-09-04,1216.62646484375,1223.859186152754,1213.1331701237295,1220.070629288316,13505843
2024-09-05,1216.23291015625,1224.9909529744998,1211.65718744667,1218.2502546691317,9142811
2024-09-06,1188.8763427734375,1214.21555165295,1185.7765708665058,1206.3923063523205,10170479
2024-09-09,1215.2979736328125,1218.5453765912819,1181.299103730193,1183.710090812365,13863250
2024-09-10,1217.5614013671875,1221.5467196441462,1207.4256692162026,1217.216888818786,15545130
2024-09-11,1216.62646484375,1219.5294755207808,1206.83524540051,1211.8538609951502,11993242
2024-09-12,1232.174560546875,1236.9471648033514,1206.7860981365827,1218.2502705064035,15376442
2024-09-13,1230.403076171875,1235.9137150505585,1222.2355585854264,1232.0267776590285,9877288
2024-09-16,1242.7037353515625,1245.4098646133787,1224.8432581989914,1231.042802375231,8973335
2024-09-17,1247.8699951171875,1251.9538142521255,1238.3247871252927,1239.849987924078,11513121
2024-09-18,1267.796875,1274.6852037097235,1241.8672616672682,1241.8672616672682,12466597
2024-09-19,1271.388671875,1279.2610475522447,1264.8447355687065,1267.7968764476732,13172268
2024-09-20,1317.09765625,1340.616403523679,1270.9459481482343,1274.340862241716,73257767
2024-09-23,1300.8116455078125,1310.553734024932,1287.62539277616,1309.7664484410157,11380409
2024-09-24,1297.5643310546875,1310.1601805182468,1294.4645590257803,1299.9260678444703,13886037
2024-09-25,1302.7305908203125,1306.568398126912,1289.1999446337225,1289.8395992053097,8728019
2024-09-26,1307.84765625,1312.0789860913483,1295.8914616978661,1298.9419832399822,11100869
2024-09-27,1285.7557373046875,1311.7346011418329,1283.0496081575457,1311.7346011418329,17117379
2024-09-30,1252.69189453125,1276.1122623682022,1250.625419751032,1271.4871691598821,12622212
2024-10-01,1254.069580078125,1259.8262312755362,1247.3780121127852,1249.542987688833,10972413
2024-10-03,1236.307373046875,1245.5574384870451,1228.2382360313827,1233.6012439093365,17648551
2024-10-04,1219.97216796875,1244.2289485494368,1216.4787533567373,1227.2048887996382,13488887
2024-10-07,1214.215576171875,1242.8020684792546,1205.4575341441214,1221.7435594913184,20667247
2024-10-08,1216.8724365234375,1227.8938344569156,1210.1317389284563,1221.202267135771,12219259
2024-10-09,1224.302001953125,1244.9177369185495,1212.9854623508438,1223.2195743635768,14765997
2024-10-10,1223.6624755859375,1234.6837542167523,1218.2502169484444,1226.8606284171833,9118195
2024-10-11,1203.489501953125,1221.0055869072553,1202.5054549359925,1217.2661601929808,8472512
2024-10-14,1212.099853515625,1218.1517663968125,1197.9788035414683,1201.5213486036762,11833929
2024-10-15,1235.470947265625,1238.2263267782284,1215.691627570544,1219.1849221736488,11657338
2024-10-16,1223.3179931640625,1234.9296751311315,1221.7926723383464,1228.5826203359522,7869727
2024-10-17,1211.60791015625,1236.897870871355,1204.867212000474,1229.5175181191341,8459497
2024-10-18,1244.327392578125,1248.6572232672752,1205.7035490362575,1208.3604278039818,11018126
2024-10-21,1238.9644775390625,1252.0522311372122,1230.6000776735575,1244.3274858742436,7742775
2024-10-22,1247.279541015625,1264.4019824079978,1239.653176958133,1246.3938747133964,20090801
2024-10-23,1231.6331787109375,1247.7223228428932,1223.2196490881518,1240.8832443668052,14055447
2024-10-24,1232.764892578125,1240.3420065108755,1221.251590602818,1230.3047750515273,12223031
2024-10-25,1235.4217529296875,1248.657257098042,1214.5107542672154,1227.3526156126327,13546055
2024-10-28,1272.2252197265625,1286.9367953731105,1260.1706432204314,1264.9924978474703,24096412
2024-10-29,1310.6029052734375,1314.0470695956533,1278.5229987539544,1280.5894733227,20656117
2024-10-30,1291.21728515625,1309.6681662645217,1284.771729306591,1302.878217992093,15055031
2024-10-31,1271.6346435546875,1297.908648500615,1267.9937179678298,1286.3953474845157,23497314
2024-11-01,1271.19189453125,1275.521605000899,1265.7303859247397,1269.3713115804678,1007022
2024-11-04,1256.82470703125,1271.1918884914494,1249.7888674900407,1269.5189366152897,14309121
2024-11-05,1276.013671875,1280.540384084737,1242.9497173467564,1252.6918064806564,16431920
2024-11-06,1281.5736083984375,1294.0218271864514,1272.077530661039,1279.507133687592,12037405
2024-11-07,1258.30078125,1282.016408736549,1254.905867336954,1276.4565194695,9909035
2024-11-08,1238.7674560546875,1254.6598380276207,1232.7155433996181,1249.739603368689,11195808
2024-11-11,1249.0509033203125,1255.545589486218,1226.7622147783625,1241.8673121816607,8387780
2024-11-12,1250.330078125,1274.34084864136,1244.3274155266408,1255.7915869540607,13486168
2024-11-13,1233.6995849609375,1255.8898912252891,1230.058659378344,1250.330002060316,12260404
2024-11-14,1236.897705078125,1247.4762092717035,1223.219549242433,1233.7488030417599,9506892
2024-11-18,1233.45361328125,1242.4576669848584,1229.468295169204,1239.8991689148563,6195554
2024-11-19,1229.173095703125,1240.8832791422965,1221.054707873685,1236.996341503432,11537317
2024-11-21,1230.5999755859375,1236.8486497660301,1212.887130281342,1228.6318816632047,9593870
2024-11-22,1257.6612548828125,1260.9577881469831,1235.962971544977,1237.931065448711,11604338
2024-11-25,1280.1959228515625,1290.2824048083883,1269.420656029783,1275.3249381508517,22717581
2024-11-26,1284.132080078125,1293.2837651950626,1281.6719625867895,1289.691969633128,7646955
2024-11-27,1279.9498291015625,1289.9379297411074,1277.1453192983001,1277.7849738450245,21938082
2024-11-28,1265.8287353515625,1289.593492566128,1261.8434173872402,1280.294297193127,22803745
2024-11-29,1279.3594970703125,1282.4592691846208,1262.6306978559342,1262.6306978559342,11397228
2024-12-02,1283.8369140625,1289.6428152581445,1268.58418590124,1279.1626909163074,9626400
2024-12-03,1287.527099609375,1291.8569303693412,1275.4232736408442,1283.1480184509742,11509276
2024-12-04,1295.0550537109375,1298.9419911656362,1280.9338836934899,1281.819549984778,11570281
2024-12-05,1315.1788330078125,1321.4767579162362,1287.7238973177443,1295.2518809925427,19210697
2024-12-06,1307.552490234375,1325.6097291981625,1305.5351457750585,1321.0831368877882,8942672
2024-12-09,1301.205322265625,1307.8476391384686,1299.1879779810015,1301.008440803049,8000764
2024-12-10,1309.2252197265625,1310.750540551898,1294.2677540997624,1297.957930171136,8218214
2024-12-11,1306.3223876953125,1310.01256393174,1295.005847236935,1303.567008056277,8138066
2024-12-12,1308.04443359375,1317.392879799611,1300.467319981326,1300.467319981326,9076896
2024-12-13,1323.44482421875,1325.658929951843,1292.5457246301107,1304.206657466483,13536684
2024-12-16,1324.6256103515625,1328.9061906725217,1318.672198220594,1323.4448020295467,9071006
2024-12-17,1312.47265625,1326.5937063526414,1304.8955425723648,1320.591043814433,9879257
2024-12-18,1293.1854248046875,1313.6535308964567,1286.5922376487658,1304.108322781897,8510595
2024-12-19,1266.3701171875,1282.2132499737959,1263.9591299468714,1265.4844508567164,11517304
2024-12-20,1267.84619140625,1277.0470069229707,1252.1014392500044,1263.4671101390386,58491181
2024-12-23,1276.1121826171875,1286.149413849784,1266.5177244802055,1273.9964575675247,6827512
2024-12-24,1276.5550537109375,1283.689394924585,1269.6667242632777,1276.1122805813325,7138516
2024-12-26,1276.6533203125,1291.8076677677632,1268.6333134333681,1286.149397655659,7338444
2024-12-27,1286.6907958984375,1294.9566951975391,1277.834372258314,1277.834372258314,4756066
2024-12-30,1273.9964599609375,1305.3383325760412,1268.8793435378464,1284.1320718868315,14207425
2024-12-31,1261.203857421875,1269.3713754212274,1259.6785365277274,1266.3701041548643,8449607
2025-01-01,1263.1719970703125,1272.3728127979782,1246.8859706361397,1261.2039030056599,4705399
2025-01-02,1270.0111083984375,1272.7664882086394,1258.0057823459824,1264.5988495821298,7433222
2025-01-03,1244.86865234375,1267.4524819820733,1242.1132728120124,1265.6811494083963,11194997
2025-01-06,1243.933837890625,1257.3661039966464,1236.9471279387867,1247.8208957681682,7504047
2025-01-07,1258.8421630859375,1268.387371227451,1246.2955634538516,1246.2955634538516,7539758
2025-01-08,1243.58935546875,1264.500353533012,1232.3711960120443,1260.1213925757818,7566309
2025-01-09,1242.260986328125,1244.5734728084612,1228.1890658447487,1237.9311554007072,8684920
2025-01-10,1229.9111328125,1244.7702186556908,1223.2688154875007,1238.9151869887507,7854524
2025-01-13,1210.1318359375,1224.1052557235084,1205.3592318634503,1215.1997021699149,9669336
2025-01-14,1220.5135498046875,1224.9908916090162,1207.868449677033,1213.6743510380347,10342698
2025-01-15,1218.49609375,1224.5480063080474,1210.3777066929133,1214.3138943569554,5355382
2025-01-16,1229.173095703125,1235.4710205893364,1219.8738995113004,1225.2369076646085,11895924
2025-01-17,1205.9002685546875,1229.0746219251816,1198.569166937447,1223.51473271735,9790533
2025-01-20,1213.28076171875,1221.9404238041425,1195.8631769905248,1204.3752079938956,7676418
2025-01-21,1177.0677490234375,1219.1848851844006,1173.6727150709557,1217.216791341657,20520898
2025-01-22,1181.299072265625,1188.236651072606,1172.787162540538,1181.840346118592,10377123
2025-01-23,1182.5784912109375,1188.6304043313805,1167.0797508434964,1178.150279677383,8770650
2025-01-24,1189.90966796875,1198.569330226456,1182.824577120033,1183.9070048715128,9216792
2025-01-27,1208.3604736328125,1214.9536606503923,1174.0664594794448,1175.9361728164579,16164687
2025-01-28,1227.0081787109375,1243.8353577059515,1216.28204282006,1227.4509517938643,18066499
2025-01-29,1231.6824951171875,1235.7663143361442,1223.2197146425951,1232.0268875547777,7666777
2025-01-30,1235.5693359375,1239.7515355072983,1219.72620394473,1230.058696999526,11921041
2025-01-31,1232.814208984375,1235.963111537846,1219.332692143045,1234.4870409428568,10195417
2025-02-01,1235.520263671875,1241.2276642201673,1214.117241339197,1231.1904328305643,3011914
2025-02-03,1233.0108642578125,1239.8991931084147,1218.0533982313877,1226.9589513144845,6176831
2025-02-04,1247.9683837890625,1260.0722101946521,1239.8992462672875,1242.6546259748302,14839077
2025-02-05,1247.476318359375,1257.366038635732,1244.9670706142904,1249.9364358288246,6840709
2025-02-06,1252.101318359375,1258.5960039721779,1243.0480146698765,1254.6598163131562,8396554
2025-02-07,1236.8487548828125,1254.6599823726938,1229.616033126662,1251.707841237699,7382039
2025-02-10,1242.4576416015625,1244.8193782805915,1229.4190196551453,1237.143764104477,5740361
2025-02-11,1232.764892578125,1241.7196963503554,1228.48431210643,1235.815414286521,6586627
2025-02-12,1231.8299560546875,1249.49354984024,1224.7939967031841,1237.1437132102558,8809352
2025-02-13,1228.976318359375,1245.8034979804984,1226.0241773689,1232.5681139223714,7263785
2025-02-14,1239.99755859375,1243.3433423047895,1224.5971995418054,1232.125182860914,10368438
2025-02-17,1231.1904296875,1238.0787586965241,1213.5759643398394,1231.1904296875,8386151
2025-02-18,1223.2196044921875,1237.537415485285,1217.3153228151366,1232.912442887429,8135042
2025-02-19,1241.52294921875,1244.2782088063445,1210.6238487061553,1215.150440982361,10683412
2025-02-20,1230.009521484375,1243.8354301295267,1226.8606190775215,1235.323399403501,8398849
2025-02-21,1213.28076171875,1224.843314551203,1205.0148626007026,1221.3007691973355,7786428
2025-02-24,1198.9136962890625,1212.2475818317712,1190.9429392289517,1207.1304651110468,11522480
2025-02-25,1204.6212158203125,1212.0015686679765,1201.5214435997075,1207.0320830347105,11059417
2025-02-27,1202.9482421875,1215.1504493679895,1199.0120540726923,1205.6052412387521,12008162
2025-02-28,1184.8909912109375,1205.4575979266801,1180.9548031360748,1196.6011747582393,20215075
2025-03-03,1186.9573974609375,1197.5851526992194,1184.9401732626818,1191.188847446512,8158881
2025-03-04,1191.0904541015625,1197.2407475483415,1187.0066352283177,1187.8923015092375,9574490
2025-03-05,1196.305908203125,1206.3923901078597,1191.9761974350436,1197.5852173719204,9052846
2025-03-06,1198.6185302734375,1208.3604997504162,1189.7128566225836,1208.3604997504162,11949475
2025-03-07,1195.17431640625,1198.4215993904008,1187.0559287614878,1191.7792822265046,6620284
2025-03-10,1195.469482421875,1206.2448692222129,1188.7287844485525,1188.7287844485525,7363437
2025-03-11,1225.5321044921875,1228.0906025562624,1197.7819082260587,1197.7819082260587,10927950
2025-03-12,1224.105224609375,1231.9776006544478,1215.5933141089804,1227.0573656262773,11548372
2025-03-13,1230.10791015625,1235.5692985318378,1225.4336872491594,1231.0919570840585,8132940
2025-03-17,1248.7557373046875,1253.626722273369,1234.7330664957105,1236.9964228158067,11164812
2025-03-18,1248.7557373046875,1248.7557373046875,1248.7557373046875,1248.7557373046875,0
2025-03-19,1292.1519775390625,1297.2690935608202,1281.3767118900164,1284.771625690972,11278014
2025-03-20,1300.6148681640625,1303.1242360561191,1290.1348637421092,1298.9420363179743,10886735
2025-03-21,1321.673583984375,1327.47948567053,1290.676101553966,1295.005932648197,60494318
2025-03-24,1336.4835205078125,1351.0965951268047,1323.592528220555,1334.3185449313019,9352280
2025-03-25,1322.263916015625,1342.0433569660177,1308.8317704607064,1337.3198832805363,16419207
2025-03-26,1314.58837890625,1336.3357930453642,1310.2585481884407,1322.608385783058,10859639
2025-03-27,1315.326416015625,1329.9394896015347,1311.8822515956433,1311.8822515956433,15109614
2025-03-28,1326.8397216796875,1336.2865486646785,1306.027104024632,1314.6867654992452,8266544
2025-04-01,1297.416748046875,1330.7759661157215,1294.4154767036698,1318.6230094191676,14288024
2025-04-02,1310.0125732421875,1316.605640115626,1301.0577695360655,1301.0577695360655,8042214
2025-04-03,1308.3397216796875,1311.7346357410256,1300.172083625529,1300.8608684683468,4591008
2025-04-04,1313.998046875,1317.196199721689,1301.0085540085365,1308.3397764539347,8648542
2025-04-07,1267.009765625,1303.8622778051142,1244.8194576780902,1274.5868794921314,19185012
2025-04-08,1279.1627197265625,1289.1508208042862,1266.8128818235116,1279.113469327377,13085762
2025-04-09,1280.04833984375,1284.2796697185806,1264.008326268558,1284.1320386492785,13005622
2025-04-11,1290.7252197265625,1303.8622226242683,1284.2796640863085,1284.2796640863085,13064247
2025-04-15,1328.66015625,1332.6948448810174,1314.8834988213314,1329.4474418665204,15202603
2025-04-16,1334.7613525390625,1338.0086355110902,1321.4767182608662,1335.35175670462,14039073
2025-04-17,1384.2587890625,1386.4237644145942,1338.4022254639915,1340.271938683508,17490424
2025-04-21,1387.3095703125,1413.0915548092914,1382.2908342910866,1413.0915548092914,16882426
2025-04-22,1393.902587890625,1396.1659440599142,1376.5833845612567,1390.2616620074302,16135274
2025-04-23,1401.676513671875,1407.0887719511927,1388.7855225220842,1406.2031056627204,13990764
2025-04-24,1380.3226318359375,1398.5275007158652,1376.4849447649922,1393.7057666784372,15678099
2025-04-25,1382.38916015625,1392.2296293483562,1366.2507666566128,1387.5061560869792,11705093
2025-04-28,1406.00634765625,1412.1073907727903,1381.4051736009749,1383.1763860592027,10948561
2025-04-29,1406.9903564453125,1415.354755397171,1399.9051464358704,1406.0063095097996,10786910
2025-04-30,1404.235107421875,1410.828174453101,1377.665837694902,1410.1393895834246,14192027
2025-05-02,1407.2855224609375,1423.5222971739024,1401.8732642232824,1404.136620262742,8842434
2025-05-05,1406.5968017578125,1423.719243532893,1403.251017942901,1417.0276759030696,4565705
2025-05-06,1408.7615966796875,1410.8280712604956,1397.740318833432,1406.2030986214052,6301690
2025-05-07,1412.5010986328125,1418.9957848579238,1398.3307976997987,1402.2669857299177,10480453
2025-05-08,1412.5994873046875,1425.7857413048096,1403.3494213569647,1415.6500090207114,15306490
2025-05-09,1366.742919921875,1397.2483773146432,1364.8732065732167,1392.6232842813388,13491197
2025-05-12,1425.39208984375,1429.8203013758846,1381.601998025975,1386.9158758891217,9925445
2025-05-13,1407.777587890625,1424.8016487219365,1404.6286855985884,1417.126034216079,12475424
2025-05-14,1403.44775390625,1417.7164351068907,1394.6898318883327,1407.088799803615,8026837
2025-05-15,1427.6553955078125,1433.2644152009339,1392.9184893353395,1403.152601872172,18209264
2025-05-16,1430.8043212890625,1435.4292940858757,1423.915992369514,1430.115536446277,6439208
2025-05-19,1425.8841552734375,1436.413410510274,1420.7671587350164,1423.4240376832488,6005334
2025-05-20,1415.25634765625,1435.724573309837,1412.5994688048465,1427.0649116587983,11352383
2025-05-21,1421.6527099609375,1428.1475165201844,1415.5516663650185,1419.88149736354,5510460
2025-05-22,1419.0941162109375,1422.2431385993382,1405.0223165661077,1418.11006923761,7245933
2025-05-23,1426.67138671875,1428.639480716087,1411.5170389146704,1419.1925334305297,5203706
2025-05-26,1437.2989501953125,1448.1234666381572,1431.7883113035389,1434.7404521515875,5608725
2025-05-27,1423.3255615234375,1439.660717201896,1412.7961868700127,1429.3282240162364,14842959
2025-05-28,1430.6075439453125,1434.7404932016627,1419.487765050342,1424.5063806110309,8618343
2025-05-29,1433.264404296875,1439.5623288964678,1421.9478642011566,1433.3627849687755,15545514
2025-05-30,1422.7352294921875,1437.5943154688398,1421.2591589622632,1436.6102684488903,11803975
2025-06-02,1427.3602294921875,1436.7086763589064,1409.9426449581042,1418.9958296640707,9458990
2025-06-03,1414.961181640625,1431.7883610343827,1409.1552804132207,1431.6899803606145,11167345
2025-06-04,1408.1712646484375,1417.1260683724902,1403.6446724484365,1414.4691895072294,8025388
2025-06-05,1431.591552734375,1435.724501880477,1404.5302615748733,1408.072806574806,11385668
2025-06-06,1436.413330078125,1438.0862820195339,1419.0941272375726,1425.4904326139017,11580994
2025-06-09,1411.9107666015625,1443.40027245163,1410.5330766960358,1441.6289396983907,11022031
2025-06-10,1400.200439453125,1418.7004501751119,1393.902514902332,1416.0435714397854,12905272
2025-06-11,1408.1712646484375,1411.6154291671444,1395.9690577575766,1399.1180802484353,7136877
2025-06-12,1402.4637451171875,1413.5835243358638,1397.3467487343728,1407.679242298958,7953247
2025-06-13,1393.5089111328125,1398.822788875249,1381.2083238229704,1381.2083238229704,7573103
2025-06-16,1404.13671875,1406.2031934701922,1391.639249505445,1394.000986381205,5451137
2025-06-17,1400.49560546875,1406.990411596049,1395.1818479070278,1404.1366513466178,6970098
2025-06-18,1390.064697265625,1409.1552321163663,1387.7029605615166,1394.3945278693373,6751745
2025-06-19,1388.78564453125,1392.1313083904192,1382.2908379271437,1385.538241229197,8849883
2025-06-20,1404.33349609375,1410.4346597691706,1387.7030772194692,1388.7856250535913,12408178
2025-06-23,1397.4451904296875,1400.4957122573712,1389.3760526760818,1394.394668602004,5514384
2025-06-24,1401.38134765625,1412.993150628414,1393.9026142728064,1404.9238929302046,11188438
2025-06-25,1403.05419921875,1406.104720760603,1392.7217061711412,1399.3147727333048,7527388
2025-06-26,1416.1419677734375,1424.4079863300926,1399.0195265038492,1402.0701682033073,13617435
2025-06-27,1438.8734130859375,1442.6128395732899,1414.1738584793554,1415.9451910518737,22532899
2025-06-30,1422.7352294921875,1438.5783624887893,1419.291064922364,1438.4799818113797,6325073
2025-07-01,1409.1552734375,1424.506382279972,1406.7935366641375,1422.6366689959384,7761449
2025-07-02,1405.0223388671875,1427.8521809615802,1399.905222450911,1409.352049520214,13372280
2025-07-03,1403.152587890625,1423.030288484485,1400.9876124993152,1409.253631009119,10177738
2025-07-04,1419.7830810546875,1421.35753225384,1398.4291887589882,1404.2350901711065,5066503
2025-07-07,1412.796142578125,1417.9132587357801,1406.7934802735126,1414.0754516482682,5177477
2025-07-08,1418.9957275390625,1421.947868442403,1407.1871639257,1409.1552578612602,5315847
2025-07-09,1409.0570068359375,1415.7484547587683,1403.8415093776578,1413.2883371129633,8827347
2025-07-10,1401.38134765625,1416.0436723886824,1399.4132536015054,1413.8788169776346,7795964
2025-07-11,1399.2164306640625,1405.2190932422636,1392.032839631232,1399.3148113378843,7158015
2025-07-14,1400.2989501953125,1402.1686636122888,1393.5090015352046,1402.1686636122888,5846154
2025-07-15,1407.9744873046875,1410.9266282871913,1396.3626847243358,1398.429159387504,6041457
2025-07-16,1403.6446533203125,1406.3999128239755,1396.4610622300193,1403.2510104989537,5649093
2025-07-17,1396.0675048828125,1400.495716617636,1387.0143200519017,1398.3308611520058,12927394
2025-07-18,1403.05419921875,1406.2031014317106,1386.0301388149505,1393.213729649599,11297246
2025-07-21,1442.4161376953125,1444.2857308931439,1414.07553610418,1424.9000530820128,13867136
2025-07-22,1450.0916748046875,1458.3576938551728,1446.25386737522,1450.5836983181339,8930165
2025-07-23,1464.852294921875,1466.2299847038992,1449.1075434082761,1459.243275244324,11974174
2025-07-24,1459.7353515625,1464.9507286163912,1454.5198543856832,1463.9666816111749,6700578
2025-07-25,1453.5357666015625,1476.0704664133914,1450.0916021799312,1476.0704664133914,8696077
2025-07-28,1464.6556396484375,1469.969517693696,1453.5358600374882,1453.5358600374882,7507479
2025-07-29,1462.4906005859375,1466.0332658775797,1451.8629650797843,1456.2911765714125,9776027
2025-07-30,1458.7513427734375,1464.754005637929,1453.7327269399423,1463.9667199639605,7238625
2025-07-31,1457.767333984375,1470.6583264040125,1440.6448911712775,1446.4507928310486,12406146
2025-08-01,1448.12353515625,1461.408169601032,1446.3523226373668,1456.7831967694258,4416771
2025-08-04,1439.8575439453125,1455.2087734738848,1437.987950715613,1453.240679444368,6140054
2025-08-05,1421.357421875,1438.184600497358,1418.0116382597967,1429.820201520808,14799343
2025-08-06,1420.5703125,1430.8044259536912,1418.6022183790183,1419.291123395121,7805252
2025-08-07,1417.322998046875,1424.8017315172433,1406.301599138448,1418.110163604165,7432535
2025-08-08,1412.9931640625,1424.5064663430474,1409.1553565946745,1422.8336344297813,5415511
2025-08-11,1413.681884765625,1415.4532174004985,1397.7403715434584,1405.1207239838918,8492484
2025-08-12,1410.112060546875,1421.8134608053708,1408.2279203629066,1419.0368204237539,5913947
2025-08-13,1408.922119140625,1415.7643381003145,1403.368838463484,1412.6902784003407,9009465
2025-08-14,1415.3677978515625,1419.1359571615956,1400.1956576735638,1400.1956576735638,7577793
2025-08-18,1422.606689453125,1440.2579294966365,1419.0368097392131,1437.8779693374279,6908844
2025-08-19,1424.29248046875,1426.474039895735,1414.3760811646432,1419.1358802007367,6709554
2025-08-20,1418.64013671875,1423.8958770531979,1411.1036970512757,1420.6234166864958,5817858
2025-08-21,1433.911376953125,1435.6963772945633,1424.3916575816534,1428.0606770004104,6238645
2025-08-22,1424.3917236328125,1433.9114434457279,1417.450243616132,1432.2257038615987,6657207
2025-08-25,1421.2183837890625,1423.8958843891958,1412.0953443103494,1423.8958843891958,6738427
2025-08-26,1404.7572021484375,1415.9627825871721,1401.2864621426106,1415.9627825871721,8720155
2025-08-28,1387.4034423828125,1399.9973424915918,1384.6269231275805,1396.2290622275916,12990789
2025-08-29,1386.1143798828125,1393.254139151069,1380.4619594997932,1380.4619594997932,8519507
2025-09-01,1399.2039794921875,1400.5922996421114,1386.4117998354175,1386.4117998354175,4927348
2025-09-02,1382.54443359375,1402.0798141390458,1378.3795940317052,1402.0798141390458,7163073
2025-09-03,1385.321044921875,1388.2959648465462,1372.6280048233573,1377.387925122752,9813382
2025-09-04,1393.75,1403.2697196534332,1390.180120261188,1398.1132401473494,10564859
2025-09-05,1391.0726318359375,1399.699851362779,1376.098771088494,1399.2040313658385,6621077
2025-09-08,1390.973388671875,1398.807368933041,1385.9160488487796,1390.4775686686341,5880943
2025-09-09,1391.9649658203125,1395.7332460946977,1383.5360261458507,1387.304306420236,6470679
2025-09-10,1392.163330078125,1401.8813288190768,1390.3783297737682,1398.2123094765393,7452347
2025-09-11,1389.882568359375,1396.2290884258164,1384.3294086949145,1386.3126886500647,10192026
2025-09-12,1405.847900390625,1407.8311802789096,1388.39506158368,1393.3532613043915,7770038
2025-09-15,1407.5338134765625,1414.8719735471493,1404.4597537449094,1410.1120532176328,5845637
2025-09-16,1409.71533203125,1412.987792293879,1401.8813521978338,1402.1788926034542,8213151
2025-09-17,1407.33544921875,1414.1777894755733,1404.5589298296168,1408.2279494348236,7484283
2025-09-18,1409.814453125,1420.821753289835,1403.4680543540285,1419.1358927633355,8130537
2025-09-19,1390.4775390625,1406.145499251229,1388.494259091765,1404.26135906907,13457344
2025-09-22,1389.783447265625,1398.1132473992611,1385.5193468847744,1392.1634074537787,8847948
2025-09-23,1382.6436767578125,1391.568436605077,1379.3712163938944,1379.3712163938944,12827524
2025-09-24,1371.1405029296875,1379.2720231049968,1364.9923836933056,1374.8096433544556,9735678
2025-09-25,1364.29833984375,1379.867039189023,1360.331779903573,1365.488259405882,21613389
2025-09-26,1348.233642578125,1361.2241016242142,1345.655402935739,1356.563442311047,18342280
2025-09-29,1336.829833984375,1355.076033842118,1334.9456938107846,1348.233693764239,20563163
2025-09-30,1336.730712890625,1345.2587926353076,1331.3758327091439,1342.3830124406416,20166871
2025-10-01,1360.530029296875,1367.8681892333634,1335.8381700071102,1336.7306701838102,20952632
2025-10-03,1353.786865234375,1360.4309257938526,1349.9195661151996,1360.4309257938526,12163695
2025-10-06,1352.001953125,1361.1249923873581,1347.73785285358,1359.5383926525742,14314283
2025-10-07,1364.3974609375,1371.5372203120692,1352.2002408686599,1352.2002408686599,16126464
2025-10-08,1358.8443603515625,1370.0498198860423,1352.8945202642897,1360.8276403806535,8100832
2025-10-09,1364.69482421875,1367.173924045517,1353.687645197864,1358.3484255020637,7909575
2025-10-10,1368.7607421875,1373.4214017735967,1358.8443421746942,1358.8443421746942,7673816
2025-10-13,1367.8681640625,1374.8096436760768,1361.6207839903618,1361.6207839903618,8923018
2025-10-14,1372.52880859375,1377.3878684808556,1363.6040491867466,1377.3878684808556,10610855
2025-10-15,1386.7093505859375,1388.692630514965,1373.9171708337506,1374.9088107982643,8988550
2025-10-16,1405.451416015625,1407.0380158006922,1387.7010358612888,1389.287635646356,12185032
2025-10-17,1424.5899658203125,1427.5648857493748,1399.1048668479334,1400.1956466119625,17037215
2025-10-20,1378.6771240234375,1432.9197829584125,1377.5862231965677,1429.944862993793,23330227
2025-10-21,1370.4464111328125,1375.999570643796,1364.3974316467445,1372.9255110082336,3415560
2025-10-23,1352.2994384765625,1378.1813396780694,1348.7295586366392,1373.4214191916344,21124942
2025-10-24,1366.182373046875,1370.0497932383416,1356.66265330236,1356.66265330236,10570263
2025-10-27,1366.083251953125,1375.206412664237,1362.5133721313011,1370.5456319928564,11499836
2025-10-28,1351.7044677734375,1364.298368477702,1344.8621275230646,1361.521728041381,26477914
2025-10-29,1358.9434814453125,1360.2325408166014,1347.043801434495,1353.191921020162,16129382
2025-10-30,1351.0103759765625,1358.7450954369456,1349.9195961737937,1351.0103759765625,9324401
2025-10-31,1334.0533447265625,1350.6136843601014,1332.07006472016,1345.6554843440952,15926798
2025-11-03,1335.14404296875,1340.3005222505137,1326.715103456384,1329.2933430972657,11071450
2025-11-04,1325.7235107421875,1338.5156906678078,1322.0543701938611,1331.375810196628,15211183
2025-11-06,1309.3614501953125,1330.979129069885,1306.386530263507,1318.88116976713,24221853
2025-11-07,1331.7724609375,1333.0616413002483,1307.576421800604,1309.3614221413634,7719245
2025-11-10,1336.730712890625,1338.3173126722259,1329.7892329275433,1331.6733731274833,8542340
2025-11-11,1346.944580078125,1349.0269997439532,1334.9456399539874,1337.7222802082897,8305184
2025-11-12,1347.53955078125,1358.5467300041707,1344.0688109600715,1358.5467300041707,9736761
2025-11-13,1374.3138427734375,1378.7762225869417,1347.142883699029,1347.5395638924115,18296626
2025-11-14,1361.521728515625,1369.653128146561,1351.8036080349211,1362.513368521827,9694498
2025-11-17,1367.4715576171875,1370.9422976111398,1362.1166774165574,1363.6041374139656,7660717
2025-11-18,1361.9183349609375,1371.2397747243117,1357.6542347453071,1368.6614140079962,9529560
2025-11-19,1371.5372314453125,1372.4297316368286,1360.133371680989,1362.0175118520117,10393918
2025-11-20,1371.4381103515625,1376.6938507345087,1363.9016706145442,1368.5623301618334,10131863
2025-11-21,1358.0509033203125,1364.4965629563708,1353.1918433847088,1361.5216431243439,11483595
2025-11-24,1356.960205078125,1365.488284898759,1350.1178648436169,1361.8192653055182,15896003
2025-11-25,1346.4488525390625,1365.3891524995797,1342.978112507823,1353.5886121834044,12235000
2025-11-26,1363.5050048828125,1365.4882848899147,1348.5312650391513,1348.6304048295453,9659004
2025-11-27,1380.5611572265625,1382.3461576434415,1364.1990972544559,1367.471557668799,15158741
2025-11-28,1377.189697265625,1386.8085569633604,1374.0163765969262,1380.3628968845176,7683986
2025-12-01,1378.478759765625,1388.2960201178482,1373.8181001180092,1382.3461800316288,8867593
2025-12-02,1361.521728515625,1370.2482089901266,1359.1417682907786,1370.2482089901266,12126396
2025-12-03,1379.8670654296875,1382.544445020301,1355.5718853340877,1355.5718853340877,7955933
2025-12-04,1375.1070556640625,1379.9661155774988,1368.3639767054422,1375.4045960658268,7373909
2025-12-05,1380.858642578125,1383.6352828825825,1369.4547830523452,1369.4547830523452,4942638
2025-12-08,1377.98291015625,1383.2386505394277,1371.7356508298087,1375.404670384236,7826227
2025-12-09,1363.7032470703125,1372.7272676950297,1361.9183677427457,1368.3640275890855,10492030
2025-12-10,1352.2001953125,1367.8681547535796,1346.5478960855444,1366.3806948465074,8725381
2025-12-11,1348.63037109375,1355.1751707435094,1341.490611666704,1352.299390595187,6734750
2025-12-12,1354.5802001953125,1359.240859638436,1351.90282069391,1356.5634801370334,3890885
2025-12-15,1353.786865234375,1358.5467856038574,1344.7629655399599,1344.7629655399599,5342530
2025-12-16,1354.5802001953125,1357.257579696715,1344.1679805012782,1352.5969202535916,12359741
2025-12-17,1341.0938720703125,1353.5885110391764,1331.8715722565005,1353.5885110391764,9440391
2025-12-18,1345.4571533203125,1358.0509324595278,1334.2515732926577,1335.0449336848067,7314573
2025-12-19,1342.7796630859375,1349.0270433350909,1339.5073238052678,1342.6805232986085,14318512
2025-12-22,1357.059326171875,1359.8359665635035,1343.4739067302291,1346.647106277973,9375294
2025-12-23,1351.605224609375,1353.5885044694035,1345.6553850292898,1349.7210845323889,9105467
2025-12-24,1348.43212890625,1356.7618081188289,1346.2504482626368,1352.3986889312134,8955140
2025-12-26,1339.110595703125,1350.6135947672478,1337.2264556120658,1345.159575111433,2812144
2025-12-29,1332.070068359375,1344.3663075928198,1330.2850679288142,1340.7964277815033,6057201
2025-12-30,1331.276611328125,1335.8381308143366,1326.9133714087848,1332.0699716952038,18621277
2025-12-31,1331.67333984375,1338.7139594203709,1328.3017397359904,1331.574200056716,6150634
2026-01-01,1326.8143310546875,1337.1274113505744,1324.8310510381634,1332.665031313395,4179311
2026-01-02,1344.06884765625,1345.5563076202234,1325.12854832495,1326.8142878641993,8226205
2026-01-05,1360.0341796875,1364.0007394532674,1341.2921605842894,1342.878760280637,6920565
2026-01-06,1399.4022216796875,1401.7821817231495,1354.5801452353044,1360.5299848190614,17260416
2026-01-07,1415.7642822265625,1417.9459627064246,1392.4607438290054,1396.2290239898057,15813795
2026-01-08,1423.00341796875,1430.1431776389843,1411.4012782421678,1417.0535778936194,14861699
2026-01-09,1392.56005859375,1417.549337423264,1389.7834182572258,1415.1693772847862,12555636
2026-01-12,1401.286376953125,1412.3928169264516,1380.0652579976486,1388.1967781468372,10923811
2026-01-13,1424.9866943359375,1429.746614803746,1399.3031938675902,1408.1288141663404,14295581
2026-01-14,1406.5421142578125,1431.8289327125644,1403.0713744699053,1413.6818734015883,13832255
2026-01-15,1406.5421142578125,1406.5421142578125,1406.5421142578125,1406.5421142578125,0
2026-01-16,1399.0057373046875,1417.0535365865687,1388.494256638521,1406.0463569783972,12530886
2026-01-19,1369.05810546875,1388.2959449153948,1348.6303464892405,1388.1968051292893,23302883
2026-01-20,1364.29833984375,1376.1980196642805,1360.0342394881388,1363.207439020359,15012785
2026-01-21,1337.7222900390625,1360.0341888721825,1328.3017105317451,1356.0676290796277,21766068
2026-01-22,1334.2515869140625,1346.6470866066866,1326.814287098488,1343.7713064680374,17179765
2026-01-23,1332.169189453125,1343.8704687287582,1324.5334888848981,1329.2934092663852,14056524
2026-01-27,1350.0186767578125,1357.6542560921293,1317.492837384778,1328.7975572308817,25263634
2026-01-28,1356.2659912109375,1368.859891948821,1351.2086513775284,1351.2086513775284,13242696
2026-01-29,1372.0330810546875,1376.098780848474,1343.0772414479197,1347.6387612421634,23118234
2026-01-30,1343.672119140625,1370.347257745332,1341.8871188281207,1356.7617179329986,24013717
2026-02-02,1341.4906005859375,1343.0772003288644,1317.9886606539171,1318.7820210502812,12800245
2026-02-03,1378.08203125,1405.15385111339,1361.918372212169,1400.1956512153185,24896698
2026-02-04,1396.625732421875,1402.1788919423802,1375.3054734566974,1375.4046132419246,11080683
2026-02-05,1384.8251953125,1402.1788945018798,1381.5527350454402,1402.1788945018798,8982761
2026-02-06,1394.344970703125,1398.7082108846507,1383.0402505668367,1385.0235305539115,10851190
2026-02-09,1384.626953125,1402.1789323590788,1377.1896532716103,1401.6831123688528,7889742
2026-02-10,1394.7415771484375,1397.716496971719,1383.8335377964056,1389.2875574724217,16497628
2026-02-11,1394.344970703125,1401.1873108684945,1388.6926711598828,1395.6341511146452,8551341
2026-02-12,1418.045166015625,1421.0200859443291,1393.5517070225485,1394.3449463736551,19646265
2026-02-13,1402.77392578125,1422.4084462850303,1398.9065055547715,1413.3845464564506,12228083
2026-02-16,1399.7989501953125,1402.1789103209517,1388.7917707952565,1392.2625106722887,5000042
2026-02-17,1395.7332763671875,1401.782256054804,1381.9494563906167,1394.4440959690942,11756187
2026-02-18,1396.4273681640625,1400.4931889124357,1387.2051890014204,1398.3115083316352,4758071
2026-02-19,1377.189697265625,1400.4932375506726,1373.2231372171063,1396.7249570846573,14323091
2026-02-20,1382.8419189453125,1391.9649581225938,1372.4296994050287,1376.8920792080073,10337877
2026-02-23,1387.7010498046875,1396.5266700756697,1383.6353499865377,1388.29600959884,10728445
2026-02-24,1373.2230224609375,1389.1884011120849,1370.7439226377844,1389.1884011120849,18274784
2026-02-25,1388.791748046875,1395.634087902335,1376.5945282588896,1380.164528913772,16297015
2026-02-26,1393.155029296875,1398.2123689746954,1380.4619891586024,1393.3533088725535,27288792
2026-02-27,1367.3724365234375,1390.4775761692113,1365.1907558675261,1388.296016563106,15096898
2026-03-02,1362.5133056640625,1367.6697850385044,1343.672146415433,1343.672146415433,16928683
2026-03-04,1353.9852294921875,1364.4965888884906,1314.9145907457403,1314.9145907457403,20009132
2026-03-05,1346.2503662109375,1359.3400861254038,1336.3339667529167,1357.45594601842,17590491
2026-03-06,1302.419921875,1346.2503588188658,1299.4450020539286,1327.8058801381828,22778852
2026-03-09,1267.7125244140625,1271.9765035292385,1240.6407056127512,1262.060104122135,16116652
2026-03-10,1300.9324951171875,1304.006554800674,1274.8523156012538,1276.8355955325096,19136143
2026-03-11,1283.777099609375,1295.5776396338345,1280.1080800869731,1289.1319797351587,13224259
2026-03-12,1255.9119873046875,1269.7949465011072,1247.780588195275,1265.0350263567016,19676187
2026-03-13,1244.3099365234375,1251.747236619689,1238.2608356053079,1241.434156276259,17344394
2026-03-16,1262.258544921875,1266.125965023717,1229.7327054112554,1244.5081652081492,22740688
2026-03-17,1277.9263916015625,1283.578812107693,1262.3576923623407,1268.2083924442081,22303102
2026-03-18,1278.521484375,1286.2562036480494,1260.1761446052265,1275.2490239961462,12961135
2026-03-19,1239.6490478515625,1275.1498056385733,1233.3025281122907,1257.0027465645267,14422899
2026-03-20,1234.9884033203125,1263.34928134462,1231.3192629188682,1247.8797225177066,16421006
2026-03-23,1212.4781494140625,1224.5762297429494,1207.9166297375125,1216.3455695278035,17049534
2026-03-24,1240.7398681640625,1243.4173686829902,1213.46976929413,1226.757768953439,20617782
2026-03-25,1249.1688232421875,1262.2585434912949,1243.9132040249544,1248.3755838951454,17290030
2026-03-27,1223.4854736328125,1250.358893273775,1219.8163330232837,1245.499833090769,23630905
2026-03-30,1195.8187255859375,1212.3790655174357,1190.3647054702,1206.3300855990337,23952775
2026-04-01,1202.561767578125,1223.6837477872427,1199.884388024768,1217.8330476356737,25472333
2026-04-02,1205.635986328125,1211.883245832491,1177.67166509731,1186.001465486272,20851722
2026-04-06,1221.10546875,1224.0803886246306,1190.4637698313447,1202.8592693089724,10058414
2026-04-07,1235.0875244140625,1239.9465842479708,1206.429106422035,1218.7254656803555,25600557
2026-04-08,1298.2550048828125,1322.3519046587187,1281.595525957938,1299.048365281531,25148651
2026-04-09,1270.58837890625,1297.065118454786,1265.2334987026684,1289.032858674316,22923062
2026-04-10,1310.848876953125,1312.931296642674,1277.7280783414542,1278.2238983175278,18174755
2026-04-13,1339.8046875,1345.655387306946,1285.8594510059597,1293.9909710757174,30572141
2026-04-15,1336.829833984375,1353.3902942945808,1326.8142943876721,1346.647094004827,23827473
2026-04-16,1334.2515869140625,1355.4727065977952,1328.995846624469,1340.697246754227,24017236
2026-04-17,1335.540771484375,1341.5897511433582,1322.8477313394578,1335.7390510601572,18151993
2026-04-20,1344.862060546875,1364.893260297481,1341.6888611060856,1353.2910001768837,21551520
2026-04-21,1376.79296875,1381.4536282235813,1348.6303691835594,1356.5634890022861,23312455
2026-04-22,1356.166748046875,1368.5622472083335,1353.588508431251,1368.463107425001,13613487
2026-04-23,1336.730712890625,1342.680552858981,1332.268332914358,1337.1273930984762,20111792
2026-04-24,1315.1129150390625,1337.5240758015216,1312.931355466517,1325.1285758443225,14056743
2026-04-27,1303.114013671875,1324.7318126631535,1299.9408143015023,1316.7986931874252,15385625
2026-04-28,1281.1988525390625,1306.6839515728986,1275.943112231791,1303.3124724850059,16774778
2026-04-29,1270.290771484375,1285.9587310592146,1265.5308513211887,1283.876190331697,11716030
2026-04-30,1252.8380126953125,1261.5643721523936,1248.474772441869,1250.4580524616338,17740110
2026-05-01,1252.8380126953125,1252.8380126953125,1252.8380126953125,1252.8380126953125,0
2026-05-04,1260.1761474609375,1271.4807465048432,1253.7304875272214,1253.7304875272214,14597051
2026-05-05,1240.839111328125,1256.11026963796,1235.0875512284588,1253.4328902069624,24447935
2026-05-06,1268.8033447265625,1272.0758050555082,1241.6323852719695,1251.449645209005,22909586
2026-05-07,1268.3074951171875,1283.1820943562475,1262.5559349914981,1273.9597944081108,25028552
2026-05-08,1254.226318359375,1268.902517705381,1250.6563175253964,1268.902517705381,11137424
2026-05-11,1255.8128662109375,1265.035045184508,1241.5332266149906,1248.871386509416,18980488
2026-05-12,1229.93115234375,1249.3672723222166,1225.9645923052954,1245.4998520747622,21110708
2026-05-13,1225.2703857421875,1238.7566658178762,1216.940585355795,1227.9478864287817,19490295
2026-05-14,1235.5833740234375,1246.193873036946,1225.6669745529443,1228.7410341788377,16535600
2026-05-15,1234.095947265625,1247.4830869105315,1231.616847331383,1236.178367000428,11745614
2026-05-18,1240.6407470703125,1243.218986792355,1221.7004477797907,1225.171187688256,13918850
2026-05-19,1230.4268798828125,1245.7972988767476,1219.518840596794,1240.6406985843882,38929053
2026-05-20,1226.9561767578125,1229.3360158332805,1213.0732172518474,1219.7171565954964,14953103
2026-05-21,1232.41015625,1237.8641758775068,1224.0803566089394,1234.8892560806848,14394386
2026-05-22,1253.73046875,1260.1761285871792,1231.6168488886804,1231.6168488886804,11601085
2026-05-25,1281.0006103515625,1282.6863499447102,1260.2753099809177,1260.3744497717253,13853923
2026-05-26,1268.4066162109375,1290.9169153575494,1265.5308361904704,1279.215515708668,18400405
2026-05-27,1262.0601806640625,1282.587201311576,1256.1103406589523,1275.2490410953124,18366272
2026-05-28,1262.0601806640625,1262.0601806640625,1262.0601806640625,1262.0601806640625,0
2026-05-29,1245.896484375,1277.0340036893715,1237.4675446174365,1264.4401034217194,31007884
2026-06-01,1229.3360595703125,1251.3505402000205,1225.5679002002253,1246.5906197801364,9911975
2026-06-02,1216.3455810546875,1227.3527606751832,1210.4948809348448,1222.692101166893,17920892
2026-06-03,1231.6168212890625,1237.8642014111729,1203.5533622069204,1209.7016025437176,13934754
2026-06-04,1241.2357177734375,1251.7471984286103,1221.8987381131592,1221.8987381131592,19461560
2026-06-05,1251.548828125,1254.4246083541127,1239.5500082550523,1246.4914883012805,10166393
2026-06-08,1239.748291015625,1243.516571470306,1232.7076711606426,1235.98013161075,10714196
2026-06-09,1264.3409423828125,1269.2000023713417,1242.2273229706288,1244.5081432866116,22368579
2026-06-10,1282.488037109375,1295.0818164605482,1260.6719575059049,1260.6719575059049,25951584
2026-06-11,1305.9898681640625,1321.8561080202699,1275.7448484381675,1275.7448484381675,35919374
2026-06-12,1329.5909423828125,1333.0616823357286,1307.6756018402702,1318.881182108178,18339846
2026-06-15,1316.501220703125,1351.3077599885314,1314.2205213660739,1343.2755003149457,16172921
2026-06-16,1323.145263671875,1326.1201835892518,1315.2121438922036,1320.7653035280132,13069159
2026-06-17,1325.6243896484375,1334.7474291543856,1322.2527894658729,1330.7808691866162,8026424
2026-06-18,1331.078369140625,1335.6398887549333,1320.2694693470728,1322.4510288431072,13467985
2026-06-19,1335.2431640625,1340.994724069171,1320.8643850956182,1329.293324489997,9057322
2026-06-22,1341.0938720703125,1351.307690769155,1337.1273123310036,1341.6888318212496,4814845
2026-06-23,1327.11181640625,1357.654254763427,1320.3686162099664,1346.647075338441,11884879
2026-06-24,1362.11669921875,1366.0832592753275,1329.3925787519856,1329.3925787519856,16440708
2026-06-25,1375.9005126953125,1392.2625728462838,1368.562352417643,1370.3473528540349,17173209
2026-06-26,1375.9005126953125,1375.9005126953125,1375.9005126953125,1375.9005126953125,0
2026-06-29,1375.9996337890625,1390.2792739367474,1371.6363935981306,1378.379593988644,13249405
2026-06-30,1363.7032470703125,1390.2792468566804,1354.6793474953972,1390.2792468566804,18398057
2026-07-01,1368.264892578125,1373.5205118412996,1356.2659519824388,1359.935092537661,11948034
2026-07-02,1388.2960205078125,1393.2542205810548,1365.2900205878914,1370.347360452637,15779429
2026-07-03,1399.6007080078125,1408.128787723501,1394.1466880553623,1402.1789477753737,12901785
2026-07-06,1414.9710693359375,1419.6317286825692,1399.7989296759679,1400.1956098660596,12306949
2026-07-07,1402.873046875,1421.0201071305735,1398.212387337131,1419.6317869331858,15664178
2026-07-08,1369.05810546875,1406.4430046152802,1364.397446073597,1398.5098849300493,10573142
2026-07-09,1369.1572265625,1391.8658055614053,1365.7857475821456,1371.3389070760331,13948838
2026-07-10,1389.48583984375,1396.4273194454097,1377.9828407138161,1378.081980498166,6409645
2026-07-13,1397.716552734375,1401.1872926666704,1374.710553603081,1381.850313043882,10091437
2026-07-14,1395.9315185546875,1399.9973392167874,1380.36281965522,1388.2959393084109,14133017
2026-07-15,1404.3604736328125,1416.061873669893,1397.4189938599209,1401.0881343697583,12961648
2026-07-16,1406.34375,1411.7977698077207,1394.4440704195183,1408.2278901435363,10165264
2026-07-17,1432.2257080078125,1442.935347434669,1407.8312670387277,1410.2112272612976,11112550
2026-07-20,1447.99267578125,1467.6271961496604,1427.4657762550246,1432.4239762420166,22236415
2026-07-21,1450.868408203125,1461.5781682422519,1444.4227484323062,1457.7107481698004,18269907
2026-07-22,1428.6556396484375,1454.1408592092237,1426.374940373995,1454.1408592092237,8345136
2026-07-23,1422.606689453125,1433.9114094220142,1414.673569622298,1420.5242697074934,12409328
2026-07-24,1420.9208984375,1427.9615178223592,1403.5671994361867,1416.0618385071728,10870914
2026-07-27,1433.6138916015625,1436.8863520032721,1416.8552725346733,1423.6974916567503,10608300
2026-07-28,1418.8385009765625,1433.8122401392648,1405.7487808950839,1430.2423604987887,19486209
2026-07-29,1425.879150390625,1436.3905099608405,1416.557710375603,1430.4406700852692,10856166
2026-07-30,1421.91259765625,1430.143136895818,1410.7070174140658,1419.13595728037,14141173
2026-07-31,1423.4000244140625,1429.8456841613988,1419.4334645695478,1422.309244666781,8752440
2026-08-03,1460.0,1460.0,1433.0,1442.0,7706747
2026-08-04,1454.5999755859375,1454.5999755859375,1430.800048828125,1452.0,11458963
2026-08-05,1450.0999755859375,1454.5999755859375,1431.199951171875,1454.5999755859375,11723296
2026-08-06,1457.5,1460.0,1448.300048828125,1460.0,14954726
2026-08-07,1421.0,1455.0,1418.199951171875,1451.0,14395789
2026-08-10,1431.800048828125,1441.9000244140625,1415.5,1428.0999755859375,12749354
2026-08-11,1429.5999755859375,1434.0,1412.199951171875,1432.0999755859375,10471914
2026-08-12,1431.699951171875,1435.0,1418.5999755859375,1429.4000244140625,8201733
2026-08-13,1406.800048828125,1429.0,1406.4000244140625,1429.0,11408206
2026-08-14,1417.0,1417.800048828125,1401.0,1403.0,6089877
