Date,Close,High,Low,Open,Volume
,TCS.NS,TCS.NS,TCS.NS,TCS.NS,TCS.NS
2021-08-16,3016.946533203125,3035.5368090935935,2985.282514035125,3005.6969295974195,2083489
2021-08-17,3086.52978515625,3093.2621997032534,3008.3034291964027,3024.895658268676,4336019
2021-08-18,3093.04443359375,3122.9710539890493,3072.2391472921595,3104.5981658626997,2631309
2021-08-20,3092.13232421875,3105.5971510274003,3040.4447632436086,3045.656954266312,2836148
2021-08-23,3159.803955078125,3190.729707647399,3094.2172159201127,3109.9407441812386,3744176
2021-08-24,3138.78173828125,3185.821894709705,3122.4501621886025,3176.8307793682116,2511141
2021-08-25,3178.56787109375,3212.229938599867,3133.4390255895655,3136.001643795692,2123263
2021-08-26,3189.73046875,3203.412469252929,3168.9249713334366,3179.436307347297,1902533
2021-08-27,3231.68798828125,3239.810402452228,3171.7045386194036,3184.6480588255445,3944728
2021-08-30,3215.313720703125,3249.2364387035072,3203.412593965281,3227.214847440969,2033114
2021-08-31,3289.283203125,3304.6158580161027,3217.1812317850963,3222.349945144956,3207480
2021-09-01,3227.171875,3315.5619590111364,3220.265763432762,3297.5799401108075,2643336
2021-09-02,3332.978759765625,3352.437520105116,3233.2956131746023,3243.7199945174543,3403717
2021-09-03,3337.582763671875,3350.4828077907487,3305.00657334456,3322.7714133861414,1746812
2021-09-06,3346.226318359375,3368.4650827752403,3313.2157783547914,3344.2282695737613,1723693
2021-09-07,3314.86669921875,3361.819898080558,3308.221240170939,3356.651184145082,1585039
2021-09-08,3278.597900390625,3314.08431398627,3262.8311096546345,3309.7408220937587,4147175
2021-09-09,3293.583251953125,3308.6117777077047,3270.649697473994,3292.1065069900405,1441148
2021-09-13,3340.4501953125,3346.5743506812473,3272.3875762084303,3272.3875762084303,1691473
2021-09-14,3375.67529296875,3384.8835815661164,3322.771641085691,3344.445625451803,1991188
2021-09-15,3435.3115234375,3457.419856737662,3358.3882327004526,3372.374362683401,2461369
2021-09-16,3390.791015625,3458.9403729078654,3381.0616345028816,3413.985223966324,2946666
2021-09-17,3325.24755859375,3427.015500602913,3305.3977135092737,3405.2980386219065,6477148
2021-09-20,3321.468994140625,3362.7321763615428,3307.8739463058937,3308.8728648310816,2002008
2021-09-21,3355.739013671875,3363.209906018723,3319.861721221568,3351.438998276078,1568129
2021-09-22,3355.043701171875,3385.1877076595533,3346.6173684546684,3355.3478304693117,1744067
2021-09-23,3361.2119140625,3369.6817250496706,3331.458988287055,3361.86343798459,2003869
2021-09-24,3362.992919921875,3426.494660091767,3348.8330903783194,3379.2375412637257,2320754
2021-09-27,3333.152587890625,3391.3988633473587,3303.573362252145,3387.9240694299947,1673362
2021-09-28,3282.94140625,3344.4887714625593,3258.7048062205004,3344.4887714625593,2253075
2021-09-29,3294.017822265625,3306.2665561909757,3233.4261006959136,3266.13272711656,2489161
2021-09-30,3279.814453125,3305.397579887502,3257.7061201389893,3305.397579887502,2252412
2021-10-01,3240.4189453125,3309.7411246713523,3235.9017557482384,3285.200393235141,1578374
2021-10-04,3277.8603515625,3286.851254497421,3220.6564659820315,3235.7284709822225,1356860
2021-10-05,3329.98193359375,3335.802171006452,3250.322325208248,3261.0941015516205,1877966
2021-10-06,3310.52294921875,3350.9609058383885,3296.7107282346856,3332.327365878328,1678154
2021-10-07,3381.75634765625,3387.055493405651,3318.4717883990315,3327.115296164053,1647233
2021-10-08,3418.89306640625,3466.019958648897,3387.9240506234883,3409.6415124864593,2934339
2021-10-11,3201.67529296875,3264.1346306074806,3179.436526420061,3261.9628843462647,11845402
2021-10-12,3173.225830078125,3220.265775386487,3153.897285836865,3219.3970767689025,5752877
2021-10-13,3175.26708984375,3192.858236546606,3166.4064065140506,3170.749899527101,3545655
2021-10-14,3143.281005859375,3194.2409413041028,3140.4523183772935,3155.0744992445157,6442299
2021-10-18,3174.3525390625,3179.1831087021405,3134.5768896042064,3136.3176201055894,3590107
2021-10-19,3163.03857421875,3211.7356920493535,3155.2488457940203,3193.370895714602,3135441
2021-10-20,3141.017822265625,3159.425962920744,3114.4281204926015,3143.7593878979965,2933693
2021-10-21,3074.566162109375,3139.800014543854,3056.0708950336993,3136.884417582166,4871211
2021-10-22,3045.27783203125,3099.8932567069073,3033.2231871659847,3098.5005871767303,2691670
2021-10-25,3040.142822265625,3058.9428001547594,3002.760670331834,3048.890037151424,2595594
2021-10-26,3031.134765625,3071.519637034841,3024.519903285937,3041.49202936193,3878763
2021-10-27,3037.357421875,3056.070276540897,3031.482455875242,3031.482455875242,2510813
2021-10-28,2978.085693359375,3061.9454848556675,2972.297848431525,3061.9454848556675,2424942
2021-10-29,2957.283935546875,3012.334545192476,2947.0135816838533,2959.2858183959333,3960501
2021-11-01,3025.738037109375,3034.963994875041,2970.513397796722,2992.2725316859896,2020718
2021-11-02,3032.5263671875,3058.1152313923385,3019.9496326293856,3041.055988589113,3087414
2021-11-03,3039.533203125,3063.5987185482923,3016.729674881842,3049.9340259076293,1537639
2021-11-04,3053.807373046875,3057.811138748893,3050.630624440296,3057.549986639362,328991
2021-11-08,3048.672119140625,3088.056149799711,3029.9157040300906,3088.056149799711,2526082
2021-11-09,3051.239501953125,3076.7412470079594,3042.7970012842507,3053.2413845838532,1782692
2021-11-10,3032.614013671875,3063.4248618840948,3029.0454307612417,3044.5379763984556,1516489
2021-11-11,3036.00830078125,3055.0258682331873,2990.5752730659246,3028.8713475755,1284514
2021-11-12,3068.95166015625,3076.0014917098492,3033.832334714238,3051.500793099573,1747259
2021-11-15,3092.668701171875,3106.8556964004206,3070.6484191597583,3070.6484191597583,1809157
2021-11-16,3095.36669921875,3112.0343202233034,3082.8335253882506,3106.3333856890645,2013204
2021-11-17,3065.33935546875,3100.9809832225665,3051.8486938011238,3090.319008678797,1632914
2021-11-18,3025.128662109375,3064.425783307155,3004.152985656586,3059.4645310524397,2136598
2021-11-22,3010.0712890625,3060.16085491759,2994.317804519924,3027.4785951812783,3167936
2021-11-23,3015.1630859375,3029.6981444091452,2966.0310056960593,2998.408553382316,2153461
2021-11-24,2996.929443359375,3040.230125174157,2980.131347413317,3022.0829202611835,2161746
2021-11-25,2999.19140625,3014.074736407611,2988.87770595789,2997.450675821812,1849619
2021-11-26,3000.01904296875,3037.5752247190135,2969.599602458624,2981.0014741153645,1941251
2021-11-29,3048.01904296875,3071.823617064497,2964.855602539076,3000.27942498904,2981745
2021-11-30,3071.649658203125,3101.7643830180255,3038.4453065214807,3038.4453065214807,5588446
2021-12-01,3113.9931640625,3124.611578739854,3076.7414849151487,3076.7414849151487,2102118
2021-12-02,3170.653564453125,3175.092512337047,3110.7726037312136,3123.914991843836,3152938
2021-12-03,3168.521240234375,3190.7155548684677,3160.165861043513,3173.743431912985,2486263
2021-12-06,3077.95947265625,3183.7959681863304,3065.426298510731,3168.521016108567,1849642
2021-12-07,3119.82421875,3131.5741495501466,3067.4282735320944,3100.6761833719834,1484458
2021-12-08,3156.7275390625,3173.7432216529896,3134.185164806538,3134.185164806538,1428660
2021-12-09,3134.83837890625,3163.5604352688256,3103.722817846793,3142.018892996894,1567957
2021-12-10,3165.3447265625,3169.8705838544292,3111.6432273189575,3120.259759230678,1510718
2021-12-13,3141.714599609375,3187.278316464804,3134.7952366964664,3176.833930938431,1883864
2021-12-14,3154.029541015625,3163.777589025462,3113.035253971401,3137.6666323072327,1747007
2021-12-15,3107.5087890625,3153.3334364504094,3096.8901625623257,3150.7223405880436,1603233
2021-12-16,3117.30078125,3140.669964592238,3107.2044576794074,3117.6488424111026,2072320
2021-12-17,3119.694091796875,3178.0085695838147,3110.4245734298493,3135.4911377231397,4333992
2021-12-20,3095.802978515625,3138.538009790884,3055.1133911729394,3123.7417962117256,2312310
2021-12-21,3140.539306640625,3169.1742414013142,3104.0708713088916,3118.2143081191102,2340989
2021-12-22,3160.078369140625,3165.3441209643534,3138.7544222855827,3154.2034041907664,1224328
2021-12-23,3187.88720703125,3194.676099434365,3159.4263018517217,3175.0928785551187,1792861
2021-12-24,3195.023681640625,3224.7032213873817,3172.3072763209016,3207.295916548583,2209923
2021-12-27,3216.95654296875,3220.3508818746745,3179.530843530747,3195.1102938816025,1534135
2021-12-28,3226.052490234375,3242.110687247403,3214.998893611058,3229.0552079698964,1456218
2021-12-29,3215.738525390625,3237.715248491065,3207.296024757275,3213.606172974233,1456923
2021-12-30,3249.7265625,3255.1663458319385,3202.94442584533,3204.1195040416433,1966475
2021-12-31,3253.730712890625,3272.574039584694,3247.5945940680917,3257.6037965827786,1207141
2022-01-03,3322.83740234375,3333.4993781616295,3259.5183214661365,3263.870148330577,2346158
2022-01-04,3381.1513671875,3384.9808892481374,3317.5711438865596,3334.4563570429486,2488606
2022-01-05,3360.43701171875,3368.3138605317376,3318.180732029534,3363.9620338385444,1733031
2022-01-06,3313.87255859375,3337.8511668408105,3283.0181489761508,3317.8327634933953,1810293
2022-01-07,3353.952392578125,3363.8744711407244,3304.2544532630545,3324.7951575576585,2460591
2022-01-10,3376.88720703125,3462.3134841433975,3360.480734609768,3462.3134841433975,3937092
2022-01-11,3408.263671875,3416.1840817490493,3356.1288711399575,3356.1288711399575,1906106
2022-01-12,3359.52294921875,3419.665276673529,3339.200046881566,3416.1838154603215,3203744
2022-01-13,3392.59716796875,3414.443424249762,3356.9993085218794,3410.09159730068,6684507
2022-01-14,3453.740234375,3461.4430528434973,3359.653866015669,3375.146411994142,3348123
2022-01-17,3498.12841796875,3518.8867142278687,3448.64828088195,3475.10729954909,3442604
2022-01-18,3473.2802734375,3517.755818179657,3464.0543151392512,3511.010486284599,2389041
2022-01-19,3413.162841796875,3498.041884432763,3409.544563577846,3498.041884432763,3102539
2022-01-20,3336.3486328125,3417.827148146218,3322.790627955417,3409.108201339722,6176776
2022-01-21,3342.40869140625,3358.1464350043802,3288.002541429297,3319.303479374878,3112358
2022-01-24,3288.22021484375,3356.4894006591326,3260.9735050308036,3348.075701814863,3258414
2022-01-25,3286.9560546875,3321.3958985887766,3245.366716144262,3286.6073819205503,3330501
2022-01-27,3181.76220703125,3255.1320717987264,3160.7060320416385,3253.0396093535915,5718297
2022-01-28,3217.3349609375,3251.992773976616,3178.927958254504,3178.927958254504,3143862
2022-01-31,3257.616455078125,3276.580164117389,3244.668734105354,3268.733112101142,2739393
2022-02-01,3313.766357421875,3320.1748683247147,3257.7471254655034,3287.0428712143316,2105169
2022-02-02,3362.20068359375,3369.0015056035154,3313.766884903713,3337.5260181924546,1984212
2022-02-03,3334.6484375,3385.1310537087656,3327.193695504169,3357.666371624586,1960538
2022-02-04,3326.19140625,3334.7360179114785,3286.1715198488655,3326.5402918909444,2307366
2022-02-07,3294.890380859375,3340.9264679175108,3274.967499946627,3305.353118242363,1919149
2022-02-08,3263.894287109375,3312.938365711903,3244.3202929778845,3305.832508802573,2946443
2022-02-09,3278.8037109375,3293.974593822682,3266.204874886914,3269.605179127238,1638721
2022-02-10,3287.34814453125,3304.3064532399912,3276.580160242393,3304.3064532399912,2112459
2022-02-11,3221.607177734375,3271.7847587121223,3217.2913416782762,3271.7847587121223,3851488
2022-02-14,3255.43701171875,3307.3147491669633,3234.7295114768162,3246.9360379352192,5951745
2022-02-15,3328.7197265625,3343.7162732725105,3267.861432131778,3300.993431710489,3931683
2022-02-16,3324.621826171875,3360.3695095219214,3318.431288543338,3351.5632877458197,3256906
2022-02-17,3299.424072265625,3343.716368163964,3294.8902621360157,3334.997420658973,3134372
2022-02-18,3307.881103515625,3327.1064235629706,3276.231497285131,3286.1710113776135,3688883
2022-02-21,3242.925537109375,3337.439064154171,3230.849921464297,3321.9192936476043,7465922
2022-02-22,3126.962646484375,3198.0220549797664,3112.6636604729756,3182.4152270942186,5408531
2022-02-23,3107.25830078125,3158.787148610905,3100.152231425736,3148.411687072803,2426203
2022-02-24,2965.880859375,3037.550782181064,2956.682539532843,3028.962533260586,5039136
2022-02-25,3069.72314453125,3077.788170189679,3018.4993329169033,3023.7307009115602,2549723
2022-02-28,3098.88818359375,3107.2148207758987,3013.180889703397,3042.912584919786,3288942
2022-03-02,3091.868896484375,3114.3638193433144,3056.862414053534,3097.4055122433483,2761341
2022-03-03,3090.343505859375,3120.162475048833,3077.8755818754444,3106.4301334512893,1928039
2022-03-04,3072.8623046875,3104.9914980604067,3040.3405883905943,3052.939424780361,2370257
2022-03-07,3038.4658203125,3093.4824622131614,2991.950364784815,3008.0367797732265,3054130
2022-03-08,3138.777099609375,3146.6677887571,3016.7554860347927,3016.7554860347927,3300992
2022-03-09,3167.244384765625,3185.9028439162776,3136.2484894008503,3143.180008844603,2719654
2022-03-10,3157.0869140625,3212.059914730972,3151.8991834290077,3212.059914730972,2005441
2022-03-11,3138.079833984375,3173.5661198059825,3132.5870674744247,3141.654687525225,1623423
2022-03-14,3176.312744140625,3180.9774664485976,3121.383371952632,3121.383371952632,1765688
2022-03-15,3133.50244140625,3190.262874496947,3126.091336067845,3190.262874496947,3651133
2022-03-16,3187.5595703125,3198.109580738433,3152.989032536903,3174.1324778294074,3090475
2022-03-17,3202.25146484375,3234.7295445021614,3191.3964177054013,3223.046239918665,3600452
2022-03-21,3162.1005859375,3238.173401399915,3151.89946013329,3222.52293351387,2413831
2022-03-22,3226.83837890625,3235.6009624851517,3160.61802452403,3173.6964439358535,2907611
2022-03-23,3236.822021484375,3251.993118025489,3217.291664008723,3232.985769686814,1596195
2022-03-24,3269.474853515625,3276.7550474937625,3221.6513378204054,3226.0108118905273,1879046
2022-03-25,3232.505859375,3295.325913070277,3201.597235823272,3278.2366923518357,1690133
2022-03-28,3232.72412109375,3237.3452058404378,3192.181015230141,3221.651100344847,1760990
2022-03-29,3230.67529296875,3245.1922553919017,3218.163518176117,3221.433123484478,2689063
2022-03-30,3253.51904296875,3259.1427217856817,3231.416424918209,3259.1427217856817,1583455
2022-03-31,3260.842529296875,3273.6593387691028,3243.6226090320506,3260.886166604706,2168110
2022-04-01,3277.234130859375,3280.9396832520993,3250.4670067366783,3267.861263042484,1387014
2022-04-04,3287.34814453125,3295.7618429260897,3258.3576468388446,3280.067738912156,1472994
2022-04-05,3326.104248046875,3344.239702036937,3288.7871089041378,3288.7871089041378,2314947
2022-04-06,3274.269775390625,3321.308450856893,3253.1697538188087,3321.308450856893,2051729
2022-04-07,3212.191162109375,3265.6819935656586,3207.7009890076247,3265.6819935656586,2494829
2022-04-08,3213.49853515625,3230.369782323255,3175.8763649426332,3217.2913621519056,2296773
2022-04-11,3222.871337890625,3236.7782280173724,3187.734153364789,3217.2912972094496,2291660
2022-04-12,3218.2509765625,3260.0146522734094,3180.9774739188283,3211.1885435471963,4483476
2022-04-13,3192.834716796875,3234.5986001579863,3187.2546759280217,3232.113615146046,1621672
2022-04-18,3076.087890625,3147.539612949871,3071.248832857596,3147.539612949871,3820792
2022-04-19,3027.131103515625,3107.0403799545356,2998.576552281814,3095.2261642756557,3170014
2022-04-20,3101.155029296875,3111.922800837386,3034.193475539571,3051.631369077155,2640370
2022-04-21,3163.800537109375,3177.184205558116,3110.3969880999252,3121.3829461849764,2280996
2022-04-22,3149.763427734375,3153.64331680634,3113.9721056051544,3122.342380367201,1581465
2022-04-25,3093.65673828125,3124.8706111779416,3080.491256003329,3102.2013489316732,1960694
2022-04-26,3092.0,3128.270689253386,3067.456038200025,3117.1540326092236,1943469
2022-04-27,3104.9912109375,3111.3124472027903,3057.1242793987144,3091.7384547198044,1727648
2022-04-28,3125.132080078125,3142.657035068176,3084.806951954192,3128.358047755058,1703660
2022-04-29,3092.3486328125,3159.0922091212788,3083.7605984504776,3136.2049751491727,2051115
2022-05-02,3088.599853515625,3093.4389119139187,3045.3103646568115,3068.9822217914025,1324161
2022-05-04,3033.9755859375,3091.259025222723,3021.376750080482,3085.199399623491,2305825
2022-05-05,3063.3154296875,3080.40465472383,3038.8589482486464,3062.182136619397,1612262
2022-05-06,2992.86572265625,3029.398024101116,2985.803290699171,3015.8836567465128,2010812
2022-05-09,3003.7646484375,3013.2682159401834,2918.1009903888535,2962.6983211124834,2481830
2022-05-10,2998.227783203125,3020.9406818291613,2983.623547545211,2994.0862835389403,1622685
2022-05-11,2974.905029296875,3006.685551881528,2948.8788846185103,2994.958609506086,1841769
2022-05-12,2971.98388671875,3007.7752079636566,2920.934620561456,2945.2603983861713,2807195
2022-05-13,2977.433349609375,2999.230718747237,2948.8787960387763,2994.958519542189,2187823
2022-05-16,2944.214111328125,2990.5988675166236,2935.32082782278,2977.520446813198,1195813
2022-05-17,3009.43212890625,3022.8592234664716,2921.1962062592934,2938.285429213155,1754076
2022-05-18,3006.990478515625,3047.271971010071,3001.977083999657,3021.1151300571946,1866781
2022-05-19,2844.0771484375,2968.801739876672,2816.220152658341,2961.826581603834,4642963
2022-05-20,2871.149169921875,2889.3716835160767,2851.139229667737,2885.9713794234453,3065125
2022-05-23,2896.216064453125,2911.1689726105033,2848.479832187359,2881.437492653417,2293690
2022-05-24,2866.789794921875,2898.9192000018056,2855.9783857074317,2890.4616510569685,1711510
2022-05-25,2780.461181640625,2890.357885421766,2768.523667729061,2890.357885421766,3548046
2022-05-26,2832.512939453125,2845.2845046149496,2791.78459666296,2800.9572278964383,2813186
2022-05-27,2862.664306640625,2878.112892084147,2834.4878731863514,2855.554301399254,3103153
2022-05-30,2962.68603515625,2972.64878630767,2884.652556391541,2894.0006985882987,2094624
2022-05-31,2953.118408203125,2969.839714625581,2918.5781569271903,2944.165004523289,4840965
2022-06-01,2945.086669921875,2973.8774984812158,2931.7885726124696,2973.8774984812158,1493835
2022-06-02,3004.60009765625,3012.500010270596,2937.275329680426,2944.9118690145247,2657939
2022-06-03,3019.653076171875,3052.262281379866,3011.7970965329273,3036.550107803173,1913622
2022-06-06,3011.577880859375,3030.9327068602524,2964.3539226711787,3000.210828858483,1084210
2022-06-07,2951.670166015625,3000.956963708526,2945.7891637629878,2985.3326517441806,2308256
2022-06-08,2988.05322265625,2996.655390105723,2937.4499938250347,2966.986795089598,2185707
2022-06-09,3008.198486328125,3016.888302906763,2943.243661069149,2971.2443716436987,1279197
2022-06-10,2949.21240234375,2978.266606743859,2942.2781213691173,2968.6111594481968,1527582
2022-06-13,2826.06201171875,2890.4900988680024,2802.230481322181,2887.856794799796,3030921
2022-06-14,2818.117431640625,2843.002020001427,2786.6493705312914,2800.0792606285445,2611493
2022-06-15,2814.386962890625,2838.7010882886284,2809.73475065303,2825.0956872779684,1404536
2022-06-16,2757.946533203125,2848.225040609445,2750.090553952072,2843.967780896921,2032028
2022-06-17,2711.33740234375,2737.538862021221,2654.2387672178434,2714.0585687758285,5240434
2022-06-20,2731.96435546875,2755.0936222142564,2693.869319498384,2715.813514020202,1502769
2022-06-21,2819.346435546875,2841.9928891984864,2743.375584391192,2747.4134022673966,2964461
2022-06-22,2829.001708984375,2853.2281861623023,2793.934927975882,2808.7691181856167,3336315
2022-06-23,2904.35791015625,2912.4333304188162,2829.001464757283,2829.001464757283,3692578
2022-06-24,2890.5771484375,2936.1332102856513,2876.883885414416,2930.8666036304303,2132118
2022-06-27,2909.537109375,2951.845477755388,2902.3394557167258,2940.5223579770245,2037686
2022-06-28,2912.565673828125,2922.9673098846292,2872.5835146469863,2902.7786467833243,1400046
2022-06-29,2888.295166015625,2925.600300358632,2871.1786926111868,2871.1786926111868,2133994
2022-06-30,2867.755126953125,2906.2011833020665,2857.1340513652553,2872.0561032464257,2719603
2022-07-01,2909.88818359375,2925.6001418403152,2854.544879724983,2861.5230910289315,1502879
2022-07-04,2839.623046875,2912.3899190179127,2830.8453680013654,2907.16724294786,2622535
2022-07-05,2823.164794921875,2872.0564215860604,2814.9575797580337,2857.134368050925,2170627
2022-07-06,2862.181884765625,2868.9845864774807,2810.8324589406493,2825.0961883364757,2182144
2022-07-07,2885.9697265625,2913.663136694547,2865.956572456411,2871.179249417504,1989921
2022-07-08,2866.306884765625,2901.022644904037,2852.745414807298,2896.6338058043334,2136916
2022-07-11,2733.19384765625,2830.80159948252,2726.34721488146,2814.2555881350117,6974600
2022-07-12,2707.65087890625,2752.855930441553,2703.7448542061684,2734.159429373983,3734815
2022-07-13,2667.3173828125,2729.8583498303165,2664.025752969457,2724.591742081448,3863530
2022-07-14,2639.154296875,2690.419236530846,2611.21160444456,2689.539151729887,4764908
2022-07-15,2635.502197265625,2665.688935952516,2598.8905812888142,2656.580186606266,4574806
2022-07-18,2696.14013671875,2707.977235850919,2652.8400018798093,2660.496697666323,3202795
2022-07-19,2705.600830078125,2709.7371858696033,2666.701122969062,2666.701122969062,1865074
2022-07-20,2785.292724609375,2791.585245676255,2726.547057742832,2735.127885487383,3402251
2022-07-21,2796.293701171875,2802.1902268295585,2767.0308792365477,2787.228784035556,2420640
2022-07-22,2790.749267578125,2813.631475385451,2766.5469323972993,2803.0704563974546,2075886
2022-07-25,2787.0087890625,2804.3464181965073,2771.475376902359,2785.468640525085,1797504
2022-07-26,2742.25634765625,2788.9008455480016,2725.1827872039253,2785.2045320841903,2639367
2022-07-27,2806.45849609375,2811.078941286618,2737.063723775086,2741.4641477682935,1389808
2022-07-28,2869.516357421875,2872.5966540791287,2817.7232833962703,2830.3525856367887,2106333
2022-07-29,2905.9521484375,2919.5055843641176,2882.277951362933,2895.4792244226105,2430257
2022-08-01,2903.22412109375,2928.042472386347,2878.757717816574,2928.042472386347,1306913
2022-08-02,2897.063232421875,2915.632893070421,2879.329394508913,2895.4790367844817,1269114
2022-08-03,2939.04296875,2947.40377372174,2884.081720092872,2886.677927084893,2895824
2022-08-04,2952.640625,2981.6393778391775,2910.748715052076,2948.284247964706,2150567
2022-08-05,2961.529296875,2972.0462668986875,2952.6844019677515,2958.1408845663077,1106933
2022-08-08,2969.802490234375,2973.718825122396,2935.9632683191207,2961.4857307835255,1068836
2022-08-10,2952.024658203125,2979.0872677998295,2935.0830245531556,2979.0872677998295,1878359
2022-08-11,3012.08984375,3017.54632584103,2970.3298682901786,2992.287938276114,1449248
2022-08-12,2993.65283203125,3009.010270550342,2975.787065603493,3009.010270550342,1472354
2022-08-16,2985.86376953125,3005.3577774981677,2981.2873713731783,3001.969364945804,839942
2022-08-17,2993.2568359375,3008.086137566978,2966.8542889674754,2979.175477553487,1622326
2022-08-18,2975.787109375,2985.248022181146,2958.845474815157,2983.4878523567468,1430659
2022-08-19,2979.746826171875,3011.209854758051,2966.9855977942652,2980.8469320664967,1398410
2022-08-22,2952.28857421875,2978.295123607797,2945.995838840667,2961.4854176096087,1536532
2022-08-23,2890.726806640625,2941.155497044556,2877.877481785338,2921.837677410358,1849256
2022-08-24,2864.98388671875,2911.320261402616,2860.4513214801914,2897.2389058456506,1691923
2022-08-25,2832.288818359375,2885.0498583635745,2829.25256881732,2883.157762017432,1946930
2022-08-26,2835.8095703125,2866.436568329258,2831.0571977170034,2846.4586837304396,1457962
2022-08-29,2756.90966796875,2765.842442693576,2711.5412538067208,2750.264984792601,2539173
2022-08-30,2826.08447265625,2839.5938614918264,2765.314783665754,2776.6677926566595,3431525
2022-09-01,2756.16162109375,2807.4706096920486,2746.7447563789606,2807.4706096920486,3546935
2022-09-02,2755.017333984375,2783.708184014529,2746.1286065456165,2783.708184014529,2052900
2022-09-05,2757.657470703125,2770.4627467931514,2739.043764179659,2749.076644387517,2147912
2022-09-06,2752.069580078125,2764.214794894149,2733.85186528633,2759.506254646854,1936453
2022-09-07,2771.91552734375,2782.7403998797736,2730.0233995480266,2730.0233995480266,1291534
2022-09-08,2789.560546875,2801.7498066300514,2781.1559093890387,2789.868662483827,1346113
2022-09-09,2831.80517578125,2845.75460780209,2788.5490876205113,2811.871338156078,1561185
2022-09-12,2854.071044921875,2877.7014084575,2838.2735652602178,2851.386743228349,1785928
2022-09-13,2842.101806640625,2872.1125680484006,2838.2733519875155,2872.1125680484006,1972678
2022-09-14,2746.216552734375,2764.698333727928,2740.408121912217,2759.065876894723,5090269
2022-09-15,2732.091552734375,2761.4863014530865,2728.2630976032406,2754.6656437090783,2138023
2022-09-16,2647.911865234375,2723.2912792057496,2640.2551682194417,2707.141632481001,5322221
2022-09-19,2665.60009765625,2677.217170611073,2629.516631517179,2671.9366633712093,2072220
2022-09-20,2675.721435546875,2710.6167063802277,2666.6565205733623,2684.258213778467,1544295
2022-09-21,2641.310546875,2676.6899140420137,2638.626245172588,2664.896863274496,2253818
2022-09-22,2646.766845703125,2666.612800197156,2622.0365926375753,2631.4534566835873,2017983
2022-09-23,2624.45703125,2660.056419935131,2621.772729524154,2643.7748504500028,2652374
2022-09-26,2635.326416015625,2663.005260925755,2575.2167829099085,2604.9196514115106,2925489
2022-09-27,2655.611572265625,2662.256254816649,2619.132103912181,2648.5268473584333,2227447
2022-09-28,2671.62890625,2684.214159832934,2622.652280975536,2622.652280975536,2739767
2022-09-29,2637.87890625,2689.407927785233,2631.454242551137,2687.779684532165,2493902
2022-09-30,2644.259033203125,2657.5922330079447,2596.3384551119543,2632.2019134840502,2817353
2022-10-03,2627.00927734375,2658.4723112978595,2617.372391035595,2635.8541732184285,1763331
2022-10-04,2720.47412109375,2726.502788091317,2660.496426210475,2666.612972771875,2145875
2022-10-06,2729.97900390625,2749.3849167299395,2721.6181983015977,2737.943814323573,1790816
2022-10-07,2697.372314453125,2732.6638073798995,2691.3879086023094,2725.9750757219967,1939879
2022-10-10,2744.5888671875,2752.0255417803355,2644.6551816597084,2649.055606254816,3064063
2022-10-11,2701.464599609375,2767.8669611577366,2687.2072674564333,2728.263141363747,4730645
2022-10-12,2728.9228515625,2736.9755412651284,2694.8636139240957,2714.973422007187,1665247
2022-10-13,2731.16748046875,2737.064006255312,2686.3271983230893,2728.9232210277037,2054781
2022-10-14,2727.514404296875,2772.2667971102837,2702.740106008153,2767.866373622807,2245977
2022-10-17,2745.691650390625,2760.3829006019378,2710.132396730235,2711.191188700507,1517005
2022-10-18,2774.765869140625,2784.1631609093292,2760.5157980657386,2779.4424344159797,1793722
2022-10-19,2754.603515625,2787.3831970318834,2745.9121586461606,2787.3831970318834,1194289
2022-10-20,2785.883056640625,2788.265392214425,2739.7354565904398,2739.7354565904398,1587601
2022-10-21,2768.32421875,2788.6185576972553,2759.1477342638077,2786.324544285981,1021913
2022-10-24,2789.765380859375,2804.147932217598,2783.853595389088,2797.17735486645,260949
2022-10-25,2790.118896484375,2809.663142136303,2780.45685356415,2806.3542823473385,2069643
2022-10-27,2785.971435546875,2800.618740078452,2765.6331510594896,2788.8832750526153,2438421
2022-10-28,2791.133544921875,2804.5895748151993,2775.0304271806835,2779.442240260462,1355739
2022-10-31,2817.51611328125,2822.678020775369,2803.971976319488,2822.678020775369,1919414
2022-11-01,2876.23681640625,2878.7957967468583,2826.603928917729,2836.354077010689,2991060
2022-11-02,2860.354736328125,2885.325640459638,2843.0163977761526,2885.325640459638,1405955
2022-11-03,2829.515869140625,2848.3102329584,2819.1481100504548,2848.3102329584,1422652
2022-11-04,2838.9130859375,2841.2514758680345,2793.692006783395,2838.560227097683,1464013
2022-11-07,2853.295654296875,2861.325239443402,2819.2365900807545,2849.148593513063,1474498
2022-11-09,2837.722412109375,2867.5021512162307,2825.01626083811,2867.5021512162307,1162267
2022-11-10,2828.544921875,2845.618720365395,2797.0887887002486,2797.0887887002486,1573092
2022-11-11,2925.86962890625,2948.5023542732615,2872.133843597439,2884.972259916198,3265394
2022-11-14,2943.12060546875,2955.0325011886807,2919.7379953518493,2932.973435040661,1342074
2022-11-15,2940.5615234375,2947.0467589345967,2904.737517701037,2930.326031678355,1400708
2022-11-16,2960.63525390625,2971.7087315184385,2930.723034354456,2946.120217692935,1748235
2022-11-17,2955.032470703125,2964.738459708122,2927.4586383025658,2947.0912069717638,1417986
2022-11-18,2950.135009765625,2967.164649978448,2930.3260137026023,2955.9145275229503,1164540
2022-11-21,2897.237548828125,2941.5321075260067,2887.972741682489,2931.6496896547724,1304194
2022-11-22,2924.98779296875,2928.517243290538,2872.310790000173,2894.1492638662367,1149739
2022-11-23,2919.11962890625,2938.266850281943,2903.8547159993614,2938.266850281943,1150011
2022-11-24,2982.517333984375,2993.811616370863,2919.1197215276015,2926.134459885213,1296591
2022-11-25,2990.900146484375,3002.988685816619,2954.149832260228,2985.032521665577,1588981
2022-11-28,2995.841552734375,3015.032938868525,2969.635427166336,2970.032447243622,2195437
2022-11-29,2997.694580078125,3025.6212694061737,2985.03259095978,2985.03259095978,1576028
2022-11-30,2991.914794921875,3013.179601826006,2977.9734243991,2985.0323243680464,3410702
2022-12-01,3066.782958984375,3070.621321804839,3017.6795748771697,3022.091387121142,2180856
2022-12-02,3034.576904296875,3060.827188659679,3011.5032111008086,3051.297846000532,2411749
2022-12-05,3022.885498046875,3034.576800767576,3006.2089335417827,3029.1503577484414,1475065
2022-12-06,2987.1064453125,3007.0477116962575,2971.797367361695,3000.0771330182374,1166999
2022-12-07,2982.9150390625,2994.473859666086,2959.4441081486752,2972.061936190009,1167505
2022-12-08,2956.400146484375,2982.915186541277,2946.605835144837,2964.7384302352993,1285619
2022-12-09,2905.399658203125,2977.1799469967655,2890.928996700097,2977.1799469967655,1797896
2022-12-12,2899.840576171875,2908.2671822385046,2855.413747710101,2872.5314962917028,1527610
2022-12-13,2940.120849609375,2943.9589981160875,2883.3848847074064,2891.6790079495595,1378016
2022-12-14,2969.458251953125,2979.7376872704754,2947.8843199324615,2954.8551118230303,1213311
2022-12-15,2916.29638671875,2968.929223708033,2910.86972808808,2963.679209913898,1415694
2022-12-16,2859.075439453125,2904.7377043992556,2845.7958391238103,2889.7375400691258,2703680
2022-12-19,2825.369140625,2863.707751618169,2818.7072600660117,2847.384043898269,2120965
2022-12-20,2862.340087890625,2866.7960620653575,2791.4863286526675,2822.589610027799,1529971
2022-12-21,2884.046142578125,2896.840399494086,2858.8546488077627,2866.7959117211176,1432566
2022-12-22,2876.23681640625,2906.5018913277986,2863.3544539726518,2906.5018913277986,1384101
2022-12-23,2848.5751953125,2882.54615313989,2838.56029430426,2838.56029430426,1360281
2022-12-26,2870.236572265625,2887.089780317712,2845.6629086139424,2848.574747625626,870157
2022-12-27,2876.060546875,2888.6783736131365,2851.354397062912,2884.6194199757956,835883
2022-12-28,2873.943115234375,2881.884378094464,2846.501554071851,2867.5018256081944,910795
2022-12-29,2884.222412109375,2886.6489089761594,2848.2661403561187,2851.00155026507,1037927
2022-12-30,2873.590087890625,2910.9140670266365,2864.3252810692306,2899.487515031026,1163131
2023-01-02,2877.78125,2882.546136946802,2854.6192334296225,2877.3842299429016,709547
2023-01-03,2921.811279296875,2929.443629089992,2863.531190519576,2869.4429764459805,1245178
2023-01-04,2924.72265625,2935.9288318835124,2899.6194872236865,2917.707917742617,1231668
2023-01-05,2921.5908203125,2944.708676788832,2895.8698218927307,2938.4438163122472,1826057
2023-01-06,2833.751708984375,2913.1643446061225,2823.5603776621383,2911.7966394640803,2488376
2023-01-09,2929.399169921875,2935.619868272381,2842.221716863226,2849.1483482571443,2885060
2023-01-10,2899.795654296875,2910.031144125433,2850.11882438517,2898.5604331267577,3864655
2023-01-11,2937.119873046875,2955.4730552710416,2886.3398704670703,2903.0608113950348,2720512
2023-01-12,2942.10546875,2955.9143556162335,2925.5170107746744,2937.384743237744,2250391
2023-01-13,2977.576416015625,2981.502886054615,2916.208061086269,2949.6495136518442,1742837
2023-01-16,3008.710205078125,3025.8110015993384,2976.2231200624447,2993.323916583658,1843607
2023-01-17,3048.732177734375,3051.8005344403805,2996.933416683974,3005.0551874608955,1688475
2023-01-18,3059.20068359375,3076.3014811096996,3043.1827449112166,3050.176492786689,2421189
2023-01-19,3043.94970703125,3056.4932433752856,3033.030348681528,3050.176310188505,1585044
2023-01-20,3034.925048828125,3063.3961884764685,3028.1569071715403,3036.639556587615,1529349
2023-01-23,3081.669921875,3085.3699271417267,3028.156662422473,3057.3949438889063,1067916
2023-01-24,3100.982421875,3115.1051909529156,3083.8364610513177,3090.7850432164355,1387863
2023-01-25,3095.0712890625,3099.8089883897333,3072.7364208055433,3091.055568934269,874110
2023-01-27,3078.196044921875,3109.735541536543,3052.25150144562,3091.6871634661047,1785879
2023-01-30,3098.591064453125,3120.971100823279,3055.1848405969054,3086.27313262084,1953798
2023-01-31,3030.95458984375,3112.4430679566062,3024.0060077479234,3112.4430679566062,2820375
2023-02-01,3075.759521484375,3085.3701945661082,3027.615385425356,3034.83473656795,2205161
2023-02-02,3122.73046875,3130.491359902265,3086.363161059032,3092.5897637316407,1813847
2023-02-03,3142.49365234375,3162.0761001103447,3115.9624021902155,3162.0761001103447,1804469
2023-02-06,3122.324462890625,3134.2363491995434,3101.4787169293004,3134.2363491995434,1138714
2023-02-07,3133.695556640625,3152.1499835660047,3123.633451270605,3130.401594665035,1455647
2023-02-08,3176.60546875,3194.473190151551,3138.658702645944,3138.658702645944,1986946
2023-02-09,3195.330810546875,3201.422139571356,3163.249766954506,3172.003188304031,1655427
2023-02-10,3192.3525390625,3196.6841945451315,3165.821286929602,3176.5150407476153,1187821
2023-02-13,3142.583740234375,3202.6849319015614,3134.461969485681,3202.6849319015614,1087939
2023-02-14,3158.55712890625,3180.892001269694,3153.954703443889,3162.9788942978053,1579818
2023-02-15,3177.101318359375,3181.929348066534,3122.504969647513,3146.7350075745903,1429449
2023-02-16,3210.85205078125,3226.148009166878,3182.8318960368056,3183.0123357780853,1618931
2023-02-17,3159.50390625,3193.570220400415,3149.4420234423537,3182.064379197295,1061369
2023-02-20,3147.005859375,3178.319754975871,3135.951226496393,3160.2713747659004,1296082
2023-02-21,3114.24755859375,3166.4975236812143,3108.607440587024,3153.0515704800237,1139541
2023-02-22,3069.622802734375,3110.637694327229,3063.711915358556,3081.715126880233,1218430
2023-02-23,3080.677734375,3115.510972284333,3075.443660607491,3087.1751064959585,1441570
2023-02-24,3068.630615234375,3098.861651446193,3052.2517986673643,3088.5289980581183,977592
2023-02-27,3006.724609375,3059.200182190444,2992.421181163278,3059.200182190444,1128022
2023-02-28,2989.577880859375,3061.004232895786,2977.891382431194,3003.700645399064,4116217
2023-03-01,3055.31982421875,3058.297850845702,2991.5188479060203,2998.738199575175,1669307
2023-03-02,2997.339111328125,3041.061261510807,2994.2258102904307,3033.029821695641,1556538
2023-03-03,3016.019287109375,3030.322715031711,3006.047734357381,3026.7130393735433,1043190
2023-03-06,3042.821533203125,3072.6914693231265,3031.22536115521,3033.8422880766893,1334132
2023-03-08,3059.56103515625,3064.6146692630373,3005.8221644268447,3035.7372636633854,1844590
2023-03-09,3011.23681640625,3054.68820151513,3005.8223026074047,3054.68820151513,1648500
2023-03-10,3005.9580078125,3011.598127160692,2968.9588248883592,2989.6241340532706,1024404
2023-03-13,2961.694091796875,3040.97169171865,2952.7150665107374,3007.762627347276,1901233
2023-03-14,2901.23193359375,2981.9532694589166,2896.2234640568317,2959.9343338825,2670334
2023-03-15,2886.748046875,2942.2018705999863,2880.521443910695,2932.8617458363906,1780522
2023-03-16,2874.204833984375,2905.6090627331,2862.4733856823977,2894.960473287873,1901060
2023-03-17,2869.060791015625,2907.0524989935184,2837.2053560273353,2843.0710795687405,6739966
2023-03-20,2836.573486328125,2860.3520931076205,2793.031772654829,2860.3520931076205,2289468
2023-03-21,2803.003662109375,2848.7110949967246,2795.197605797223,2836.5736038648693,1815297
2023-03-22,2825.29345703125,2836.7541342993322,2803.003751733395,2824.616642779389,1123939
2023-03-23,2819.743408203125,2839.326076534462,2798.4012872223343,2810.944823053039,1372218
2023-03-24,2815.99853515625,2860.668276380488,2802.9134594440998,2841.6271470449155,1329577
2023-03-27,2817.62255859375,2845.1011698701245,2802.913086548761,2829.083234491425,1524217
2023-03-28,2811.84716796875,2842.2136983642395,2806.6582589143677,2821.864106617975,1303530
2023-03-29,2832.60302734375,2842.619966782127,2801.1990211073035,2823.6691670035793,1740616
2023-03-31,2893.064453125,2899.4717149761873,2844.4241660768575,2878.670916779496,2382581
2023-04-03,2887.740966796875,2910.256278083939,2864.052466678619,2910.256278083939,1521830
2023-04-05,2923.656494140625,2945.810919909518,2874.655108871209,2874.655108871209,2655065
2023-04-06,2906.420654296875,2939.4944408464216,2901.276910369909,2910.301099826736,1703464
2023-04-10,2944.9541015625,2952.7149931554736,2901.2771097172517,2905.7892047556925,2203187
2023-04-11,2900.19384765625,2953.57183641114,2880.656346666499,2945.4952314789316,2348779
2023-04-12,2925.326171875,2942.742900903807,2886.8380934850798,2912.9630768697316,2417727
2023-04-13,2877.6787109375,2914.8131620108825,2869.6922152305283,2896.7647832987404,4174070
2023-04-17,2833.144287109375,2854.7120118386847,2770.6517749633886,2828.2713129172603,5505048
2023-04-18,2825.248046875,2848.8012689229336,2807.064393679631,2847.08654077672,2617302
2023-04-19,2788.11328125,2833.5951017629236,2771.779412441025,2825.247727657412,3298034
2023-04-20,2801.830078125,2809.229868601423,2777.645208980141,2788.474235136009,2419999
2023-04-21,2852.410888671875,2855.659464544931,2798.2205892743714,2806.5227991505576,1929184
2023-04-24,2864.99951171875,2870.5492997183014,2821.096700902608,2843.612228270697,1640676
2023-04-25,2866.08251953125,2879.799243193542,2840.363580045532,2872.399452036514,2024090
2023-04-26,2886.07080078125,2895.3205941340657,2870.5944053958196,2870.5944053958196,2000029
2023-04-27,2876.866455078125,2887.018668292053,2861.254563139059,2874.20436323212,2434446
2023-04-28,2905.11181640625,2912.3311670411026,2884.356183331048,2888.101133346039,2931312
2023-05-02,2905.24755859375,2919.325382723846,2896.7649083596743,2919.325382723846,2321159
2023-05-03,2869.60205078125,2902.1794643631756,2863.510722614443,2902.1794643631756,2468285
2023-05-04,2906.420654296875,2909.804725343185,2867.8874093796485,2869.827521986016,1953253
2023-05-05,2915.44482421875,2927.447040179334,2896.809961242115,2905.788985628069,1710027
2023-05-08,2933.40283203125,2937.2381121830967,2915.9861039841476,2928.349198292563,928235
2023-05-09,2962.866943359375,2976.177622538405,2929.2518383140277,2935.2078913616624,1107375
2023-05-10,2966.071044921875,2983.8486565469284,2947.3458492093846,2968.958741883984,1559987
2023-05-11,2961.874755859375,2986.7364460851772,2952.7152901369464,2986.104796779693,1719623
2023-05-12,2954.79052734375,2968.9584613481547,2941.8858917917887,2959.1671272317485,1027479
2023-05-15,2937.41845703125,2970.7627887406024,2931.372294932895,2963.5434380996776,1150390
2023-05-16,2940.216064453125,2964.4461001565937,2933.267482954537,2938.4563916534416,986306
2023-05-17,2895.591796875,2959.93431554151,2886.161562402632,2938.2310945607733,1588815
2023-05-18,2887.605224609375,2913.8654825847825,2883.228404788249,2911.1582258666713,1369364
2023-05-19,2908.36083984375,2918.873931901369,2890.492901561237,2896.7646688524947,1152449
2023-05-22,2976.809326171875,2985.6079108748772,2903.126907529479,2914.813188789529,1333243
2023-05-23,2975.3203125,3003.204968703597,2969.0485451363493,2983.396917684391,1687418
2023-05-24,2981.005615234375,2993.5039850346407,2956.324369747154,2956.324369747154,1016555
2023-05-25,2972.116943359375,2983.3971807335947,2948.293170151878,2972.5681528543437,1374917
2023-05-26,3004.062255859375,3012.8608403328844,2969.8606669045807,2972.1167142054805,1791115
2023-05-29,2996.346923828125,3042.9567756365113,2988.8116372799896,3032.84972720672,1210372
2023-05-30,2992.601806640625,3002.3028107703726,2979.201016847023,2991.518947917476,1344224
2023-05-31,2968.50732421875,3002.9796862307608,2946.5333332663195,2986.1044948593535,5815424
2023-06-01,2999.640625,3014.0793283694343,2975.7265225443743,2990.6164353941035,1177314
2023-06-02,2983.0361328125,3010.379250409834,2975.681286269555,3001.670995775546,2030661
2023-06-05,2967.9658203125,3002.3480730267693,2964.491639283323,2991.5190448102617,1861468
2023-06-06,2916.888916015625,2967.920753448757,2906.330658002561,2959.9342573409676,2022849
2023-06-07,2955.33203125,2958.896762718088,2924.740113866195,2935.5691423655453,1567196
2023-06-08,2920.634033203125,2950.910235802077,2917.520731604928,2942.788464510879,1759366
2023-06-09,2896.133544921875,2932.86195674756,2892.569033684028,2928.3498614294867,1775689
2023-06-12,2930.064208984375,2936.8323515906563,2897.6674545025,2901.2771305591828,2324605
2023-06-13,2927.176513671875,2946.398082746791,2922.9351883665713,2941.885987673672,1371928
2023-06-14,2933.809326171875,2938.140981423725,2911.068411496085,2927.176458412748,1658544
2023-06-15,2924.0361328125,2952.3554558246337,2918.3085669348598,2950.4009142583286,2273810
2023-06-16,2886.397705078125,2908.6713974620043,2869.2152311642453,2906.4895735209416,4156189
2023-06-19,2918.672119140625,2922.7632059010452,2886.4889920742507,2900.1259479423184,1468186
2023-06-20,2934.399658203125,2938.7635277863233,2910.1714258668903,2921.944618191877,1528452
2023-06-21,2962.12841796875,2965.0375906543964,2930.9907039438817,2954.673593600641,1645987
2023-06-22,2944.218994140625,2970.7200582622286,2936.5823870603735,2963.7652990268452,1529603
2023-06-23,2924.08154296875,2954.1281240159633,2917.535626765662,2943.1277797551047,1119505
2023-06-26,2899.807373046875,2921.8537828251756,2884.6704423318647,2913.76261193622,1978803
2023-06-27,2906.807861328125,2917.989986483776,2893.1254058850895,2911.035228452272,863542
2023-06-28,2923.263427734375,2937.354949548723,2903.2170571492807,2916.490450350226,1575872
2023-06-30,3002.176025390625,3009.2217863707983,2922.0362650887305,2927.4000459558824,2672406
2023-07-03,2974.947509765625,3017.2220741820643,2971.720052392161,3013.130987303054,1687264
2023-07-04,3008.176025390625,3013.7670882199945,2979.4929186666623,2991.0388296361334,1656681
2023-07-05,3018.266845703125,3026.494518629424,3004.675393232276,3018.312346605493,1453008
2023-07-06,3020.948974609375,3025.9946921480014,3001.948240187536,3006.084827429316,1848238
2023-07-07,3026.72216796875,3051.8595329506525,3001.9483663386086,3001.9483663386086,1789326
2023-07-10,2974.62890625,3022.6310315390187,2968.492276589758,3022.6310315390187,1407431
2023-07-11,2975.038330078125,2995.5847665765177,2964.4925502644905,2995.5847665765177,1110172
2023-07-12,2963.674072265625,2990.266136197233,2954.764772000077,2982.811311383607,1515240
2023-07-13,3036.99560546875,3061.4511244735218,2975.3565198894707,2985.5842369007783,4585146
2023-07-14,3195.275390625,3204.548699195468,3047.405405082493,3059.224101462586,6306101
2023-07-17,3174.41064453125,3227.3219906075915,3161.0919726546085,3191.047775615765,2743228
2023-07-18,3179.09228515625,3203.775083295527,3150.136397167708,3160.1368301745892,2600090
2023-07-19,3154.727783203125,3197.2751275399046,3132.5448697161914,3181.9561925165294,2405370
2023-07-20,3156.77880859375,3170.9979886535184,3131.940584552698,3147.4816096060504,1715404
2023-07-21,3070.186767578125,3130.8921637786366,3061.7554440058743,3102.772693816824,3770223
2023-07-24,3094.295654296875,3111.3405552900845,3073.6503948838067,3081.762606135278,1680132
2023-07-25,3098.30615234375,3105.2792181395616,3081.0333776826646,3096.8022755718303,1272980
2023-07-26,3088.417236328125,3118.0864304359116,3085.4092596039177,3099.400790902121,1066803
2023-07-27,3096.25537109375,3109.699914070163,3085.454295510359,3094.4780014441108,1701769
2023-07-28,3058.427978515625,3093.3382557772507,3036.187605930215,3085.4082996318757,2599831
2023-07-31,3118.632080078125,3123.371805858388,3063.4410565586927,3066.631286559437,2743678
2023-08-01,3146.524169921875,3153.7705056233212,3112.7532591629024,3112.7532591629024,1956167
2023-08-02,3136.133544921875,3141.3746384347655,3111.477796074465,3130.9380706417523,1914899
2023-08-03,3099.03564453125,3129.3884555329005,3069.913440103345,3117.3111535491207,2026351
2023-08-04,3138.77685546875,3163.7973343932103,3100.220594527487,3100.220594527487,2248493
2023-08-07,3175.6923828125,3179.292741496562,3136.680374620139,3148.2563099923013,1853889
2023-08-08,3163.432373046875,3181.0696551602423,3150.6714521754197,3175.691927520392,1634225
2023-08-09,3156.049560546875,3160.1512856075137,3121.9141376043485,3158.2370582327517,1794589
2023-08-10,3137.455322265625,3158.237218937404,3126.4717689822373,3144.656039836463,1096701
2023-08-11,3143.561767578125,3159.831808251447,3111.841719602854,3133.8088225124093,1679974
2023-08-14,3144.51904296875,3149.213150112812,3109.107396536846,3136.1787356940604,1190425
2023-08-16,3152.3125,3159.2399472355787,3131.1658720380547,3144.6560351883286,1328445
2023-08-17,3131.6669921875,3154.499972197025,3111.112748256115,3149.2132599891765,1843241
2023-08-18,3069.093017578125,3108.196040036422,3059.431087502126,3108.196040036422,2526749
2023-08-21,3100.584716796875,3107.967910164372,3073.558997895524,3076.293480989737,1375579
2023-08-22,3082.810546875,3109.1072480565263,3067.224126908382,3099.0808101413627,1222012
2023-08-23,3097.486083984375,3100.9041882483175,3077.2053320183186,3088.143265662933,1330046
2023-08-24,3087.915771484375,3110.976628925359,3079.1199377774756,3106.373536777729,1152881
2023-08-25,3082.036376953125,3086.138102175971,3053.73442840892,3076.2939171345733,1158046
2023-08-28,3076.79541015625,3093.612439755008,3062.712864151854,3093.612439755008,1037485
2023-08-29,3077.341796875,3089.555955621917,3067.1787231057706,3081.8082530524075,944517
2023-08-30,3090.83203125,3106.464294438142,3083.6313141767887,3097.2581115677926,1188200
2023-08-31,3059.705322265625,3114.9417651973404,3047.719033954869,3099.993341771487,3417652
2023-09-01,3080.1220703125,3089.054760630272,3059.704683185733,3068.090387808054,1277950
2023-09-04,3115.944091796875,3129.0241274875875,3071.782225743971,3079.0285628462316,1828332
2023-09-05,3125.833251953125,3141.9210382883625,3103.7749105597304,3117.310690729968,1501842
2023-09-06,3126.3349609375,3139.0958842003674,3097.3496132666887,3130.0721774776193,1314818
2023-09-07,3149.44140625,3153.771005173287,3119.4077066466084,3127.155409983017,1885092
2023-09-08,3137.272705078125,3158.3283161992513,3131.029101522507,3149.441245179643,1518917
2023-09-11,3172.59326171875,3177.1963534783295,3140.0985716091377,3155.593978203435,1783604
2023-09-12,3263.879638671875,3272.174105327243,3174.7354296463814,3182.938880368982,4476016
2023-09-13,3252.07568359375,3271.2170677568156,3231.247945622234,3255.0380406666054,1754929
2023-09-14,3244.9658203125,3279.2834969091505,3231.794770182642,3254.0807646975677,2604721
2023-09-15,3279.830810546875,3288.079880546778,3247.153642645778,3252.075846625595,2952897
2023-09-18,3286.9853515625,3298.9716361140518,3258.820264386671,3263.1954818934582,1395753
2023-09-20,3286.894775390625,3304.167551602088,3263.1502992373726,3263.1502992373726,1649396
2023-09-21,3267.981201171875,3285.937597907689,3215.752523000923,3270.943558229628,2004073
2023-09-22,3284.70703125,3312.143104423616,3249.523477440977,3266.7962535271386,1989083
2023-09-25,3260.552001953125,3299.6096247844835,3243.689356080608,3283.6584732834535,1238778
2023-09-26,3268.345458984375,3276.7767822705646,3223.0442313478416,3251.847543695411,1726062
2023-09-27,3271.626953125,3294.1408207023737,3241.000651722388,3272.264954709884,1541134
2023-09-28,3223.728271484375,3283.932529557507,3215.160311935428,3281.380300372871,1755753
2023-09-29,3216.29931640625,3252.622235715334,3195.28932540776,3224.1380349399456,2243791
2023-10-03,3202.855224609375,3221.404005246326,3172.0922834404655,3221.404005246326,1948148
2023-10-04,3224.6396484375,3233.982467007632,3169.5398507426544,3177.7433011944777,1788138
2023-10-05,3271.673095703125,3303.256293268838,3236.8994446369993,3239.451673917619,2990768
2023-10-06,3300.88623046875,3313.2370259636054,3258.638592157678,3273.176885530309,2075691
2023-10-09,3316.3359375,3353.388098061812,3309.636364246382,3322.4429058385053,4233074
2023-10-10,3307.721923828125,3325.1315558006227,3282.610431250672,3317.885219860744,1848148
2023-10-11,3290.403564453125,3326.9545791162677,3285.9373308805875,3326.9545791162677,2426417
2023-10-12,3229.0146484375,3271.0344082830998,3224.9585427168286,3258.592598284596,4241281
2023-10-13,3254.809814453125,3260.4154159090654,3213.017707877958,3217.575179804026,2890357
2023-10-16,3212.15234375,3258.273833459736,3207.6404903319494,3250.389494786418,1671104
2023-10-17,3196.656494140625,3221.3578589700005,3193.2840093522973,3217.5752462064243,1672065
2023-10-18,3178.60888671875,3210.9213191020513,3175.646529881174,3200.2568789933416,1408245
2023-10-19,3157.955810546875,3177.3296712861907,3154.5288620352453,3170.6127629599455,1514545
2023-10-20,3193.504638671875,3198.028165823499,3147.355068054905,3153.1578999999892,1481211
2023-10-23,3116.37548828125,3179.2486146541296,3108.288023694424,3173.811234327899,1106272
2023-10-25,3098.052978515625,3129.9463572629693,3086.2641415822154,3098.418430452583,1518537
2023-10-26,3049.298828125,3083.065649974906,3043.1303207181386,3077.9024700555783,1984471
2023-10-27,3062.275390625,3072.3735099895516,3049.5271870419792,3061.407274974717,1108851
2023-10-30,3087.497802734375,3091.427414880595,3046.5571476248833,3061.407257455826,910972
2023-10-31,3078.5419921875,3106.1860427295915,3061.4529873832034,3106.1860427295915,999811
2023-11-01,3043.724609375,3081.1470707221565,3025.76748596392,3065.977020661115,1563475
2023-11-02,3070.63720703125,3085.121641576822,3055.1929592139313,3055.1929592139313,1245384
2023-11-03,3062.229736328125,3096.0422952066797,3056.1984407717223,3090.6506520884154,1402598
2023-11-06,3089.051025390625,3100.0629966023776,3069.631652773348,3084.253298038121,1099852
2023-11-07,3080.095458984375,3110.892257060667,3076.028858205322,3086.9950929939328,1191144
2023-11-08,3090.239501953125,3108.8820129756928,3079.273266502525,3081.009497872084,992899
2023-11-09,3059.076904296875,3099.3321699375433,3054.1421877854477,3098.0528650963947,2112352
2023-11-10,3046.283203125,3059.0771449775716,3036.139568807074,3050.441278848814,1338557
2023-11-13,3044.546875,3066.8905352612105,3040.388799408238,3066.8905352612105,1030990
2023-11-15,3111.029296875,3118.9797720354964,3066.9358969333903,3091.6556611078686,2059802
2023-11-16,3196.5205078125,3225.3068746335257,3120.0765776114918,3134.5612355569488,3951984
2023-11-17,3200.72412109375,3220.874622639635,3191.6770664120663,3196.5205315189633,2021292
2023-11-20,3216.39697265625,3229.4648915192706,3190.489151953326,3190.489151953326,1475621
2023-11-21,3207.806396484375,3234.1711418231757,3199.398994448308,3216.396747586853,1807236
2023-11-22,3226.037841796875,3228.3224741290987,3181.2135339255397,3198.485265113703,1798051
2023-11-23,3206.024169921875,3238.6944083811372,3198.484884123584,3225.900468844643,2729804
2023-11-24,3159.281005859375,3202.6432821116277,3155.5341196594813,3193.230552452981,1989733
2023-11-28,3171.206298828125,3181.3501544527285,3137.256755543617,3159.2806979209345,1689195
2023-11-29,3211.05078125,3214.934656261117,3176.37010665481,3181.122097340804,1441634
2023-11-30,3187.15380859375,3213.7010597281014,3181.122289556821,3197.9828327668433,3266235
2023-12-01,3209.13134765625,3213.9748124979737,3189.3922594927312,3198.485050944408,1172141
2023-12-04,3209.86279296875,3242.167584431117,3196.657662284584,3239.2888137345485,1625213
2023-12-05,3227.363037109375,3233.2116065096975,3201.044028590681,3233.2116065096975,1377656
2023-12-06,3293.617431640625,3301.613644771774,3221.468564387526,3228.276947197519,1896572
2023-12-07,3303.487060546875,3317.788993602691,3282.285715953096,3294.440005254403,1967653
2023-12-08,3314.270751953125,3330.994307087806,3291.744363920943,3320.0280706858707,1641155
2023-12-11,3329.074462890625,3338.304465932567,3303.5780575817766,3310.797405863893,1102503
2023-12-12,3355.759765625,3379.7939215758247,3318.2003172411905,3325.4654041320105,2236866
2023-12-13,3283.976318359375,3335.5632728478577,3256.058066070388,3329.6689659326335,3850968
2023-12-14,3351.327392578125,3361.151312264597,3315.093210605896,3317.286368548256,3290396
2023-12-15,3528.38623046875,3560.3253463636993,3350.824558139156,3350.824558139156,8531230
2023-12-18,3526.741455078125,3590.528439137833,3500.19398079059,3525.7363506427123,2521612
2023-12-19,3487.445556640625,3522.9945699903956,3463.5026541544753,3513.7645660221524,2004435
2023-12-20,3454.409912109375,3562.929950670811,3442.0728971992326,3497.543727025331,2586083
2023-12-21,3461.21826171875,3478.764194819794,3420.8717407298955,3432.6603552689257,1517562
2023-12-22,3494.5732421875,3514.632267300616,3437.9143663988953,3472.640774140298,2413058
2023-12-26,3468.57470703125,3503.712309330165,3463.639767096589,3490.7813789656334,1285231
2023-12-27,3482.8759765625,3489.2729465846164,3443.397577619161,3471.7270162885334,1293976
2023-12-28,3472.549560546875,3507.367445431527,3465.421686382815,3494.5735047759663,1682889
2023-12-29,3466.60986328125,3493.2945492321064,3441.0219794117156,3465.33055833123,1574996
2024-01-01,3482.784423828125,3501.8838577126107,3447.9665436194364,3463.50204090052,825907
2024-01-02,3457.28857421875,3482.785206409597,3442.7126637044803,3482.785206409597,1344068
2024-01-03,3373.716552734375,3446.9162616362587,3369.4214885871284,3442.483985684402,1803075
2024-01-04,3350.916015625,3398.6190946223346,3336.477094505551,3382.8551313574153,3598144
2024-01-05,3415.890869140625,3424.8924099852666,3358.2726188503784,3358.409607550091,1963127
2024-01-08,3361.42529296875,3417.5815111616193,3356.0334267910252,3415.890793989658,1067805
2024-01-09,3372.025634765625,3429.0959253055153,3365.491675951761,3390.3484295340677,1370944
2024-01-10,3393.181640625,3407.9860133570014,3370.2895802803837,3372.1172861265227,1292227
2024-01-11,3413.743408203125,3447.9671563203865,3387.6528620407294,3403.188362082459,1777909
2024-01-12,3548.30859375,3568.8245496763097,3492.3808328688324,3516.5064636462303,6813450
2024-01-15,3567.499267578125,3623.4270246995534,3550.318787126801,3618.8577598512566,2801505
2024-01-16,3528.660400390625,3563.1126115927123,3523.405745987789,3563.1126115927123,1432672
2024-01-17,3549.95361328125,3573.119654011733,3484.1104570374932,3490.0047645318223,3458696
2024-01-18,3566.40283203125,3572.068676049219,3529.3003107278364,3562.1990189583394,2239110
2024-01-19,3628.471435546875,3647.3359347309056,3602.705290319906,3630.2658185854475,2941975
2024-01-23,3550.436767578125,3620.051280568456,3536.173365803367,3588.8559304230384,2618854
2024-01-24,3535.299072265625,3573.8101208438484,3501.98717363284,3570.451409769425,2657709
2024-01-25,3506.312255859375,3552.9673375818998,3477.2332310375527,3533.550617096936,2205154
2024-01-29,3497.754150390625,3515.2383200453005,3479.211818227295,3497.570151432114,1646747
2024-01-30,3497.34033203125,3540.8207042314343,3484.871312637016,3503.6897568365657,1411621
2024-01-31,3511.511474609375,3528.12148113154,3493.5671947757637,3507.140432085803,2459358
2024-02-01,3546.663818359375,3593.3649569612444,3501.481176697016,3515.2384129880293,2363107
2024-02-02,3649.86669921875,3666.522537605696,3563.089954213246,3565.896668660393,2826510
2024-02-05,3656.30810546875,3701.1227492201515,3646.0016922235036,3665.2341894937504,1691523
2024-02-06,3806.027587890625,3818.818548187844,3671.675550213635,3678.1170862666413,4474396
2024-02-07,3757.62451171875,3823.512322961572,3748.928481692986,3821.6718838169454,2124267
2024-02-08,3804.279541015625,3826.272697294097,3760.0629489197368,3763.697771027623,2345173
2024-02-09,3803.911376953125,3850.888400846203,3772.8998012950433,3806.533642964029,2100596
2024-02-12,3791.948486328125,3827.7449332471438,3778.006802130109,3800.5063475256047,1013716
2024-02-13,3818.45068359375,3837.3151826933213,3755.875759751269,3796.3195851121786,1257415
2024-02-14,3772.9921875,3786.611256823303,3726.4289893837145,3779.3416123963243,1391283
2024-02-15,3775.844482421875,3815.505579737829,3757.255870513131,3798.6657441778602,1091582
2024-02-16,3798.941650390625,3817.0243214473626,3772.9917323521654,3785.0925278553214,1307556
2024-02-19,3776.396484375,3798.941861408623,3731.489953932272,3794.110709187132,772291
2024-02-20,3709.082275390625,3771.0591425249713,3690.0798344375635,3756.4277437698097,1193648
2024-02-21,3673.055908203125,3739.1737650742916,3663.0256061355944,3692.8406262355356,1885939
2024-02-22,3761.029296875,3768.2528853223134,3654.1917205441428,3654.1917205441428,2982052
2024-02-23,3728.821533203125,3800.5065425299695,3723.5761023123614,3800.5065425299695,2538072
2024-02-26,3681.843994140625,3726.8886902919344,3665.0039336444943,3714.0056182761105,1379284
2024-02-27,3776.94873046875,3794.985122078048,3679.957687485479,3679.957687485479,2960475
2024-02-28,3790.33837890625,3823.4200011181556,3762.777624498999,3768.8511632078385,1939225
2024-02-29,3768.390869140625,3807.9603066412583,3740.278119193048,3771.979635234801,3772719
2024-03-01,3767.70068359375,3809.708612609149,3760.752981650241,3779.5255936695676,2043265
2024-03-04,3755.139404296875,3789.371522353806,3750.722306075315,3777.500781504877,1749271
2024-03-05,3692.012451171875,3739.7717495452293,3662.473317714078,3737.9313106921068,2070859
2024-03-06,3740.0478515625,3747.1334961978687,3642.6425356235145,3675.4024369976914,1744204
2024-03-07,3780.814208984375,3794.985500474008,3715.57050678028,3740.692545932794,2688905
2024-03-11,3793.466552734375,3821.671187622541,3762.777145723229,3762.777145723229,2304068
2024-03-12,3857.790283203125,3892.482738841845,3792.270473640545,3793.4670286122573,4039801
2024-03-13,3817.99072265625,3902.650917036673,3802.2548792703546,3869.5230148878118,2837260
2024-03-14,3871.916259765625,3887.927991688682,3760.0174613112317,3822.086455962199,2919608
2024-03-15,3882.6357421875,3900.8100755188275,3843.756472149597,3858.1119847979994,3373143
2024-03-18,3821.211669921875,3915.3041186273567,3789.326152475134,3878.9554465113024,1526904
2024-03-19,3659.98876953125,3734.2504323086932,3650.1424666014186,3728.0389511805306,8931209
2024-03-20,3654.099365234375,3697.441791681991,3644.2530619412323,3667.994768950826,1817913
2024-03-21,3655.9853515625,3688.607081962037,3633.0259241527315,3671.7211920110058,3829582
2024-03-22,3598.88623046875,3623.824267937054,3547.4460520308135,3586.095269718309,5852485
2024-03-26,3568.15087890625,3631.8300192271254,3562.583506361182,3565.8503303060525,3440925
2024-03-27,3534.470947265625,3584.2549115114957,3523.8884231366437,3578.2734848298974,1968575
2024-03-28,3567.046875,3602.659324539871,3534.102972131641,3542.937169152786,4311783
2024-04-01,3604.269775390625,3619.499453254275,3577.8595203158884,3586.7395487458493,1569676
2024-04-02,3573.948486328125,3597.9202488822098,3564.0100709420926,3579.653802211397,2142666
2024-04-03,3632.38232421875,3663.3936751293795,3543.7651451703696,3543.7651451703696,3973090
2024-04-04,3683.91455078125,3707.241978924869,3621.2935725878497,3658.7004031789797,3394637
2024-04-05,3661.783447265625,3682.718440901434,3644.5293316317166,3660.633172890031,1636819
2024-04-08,3655.617919921875,3710.9229755652163,3644.0691205793664,3665.2341685019233,2302538
2024-04-09,3631.69189453125,3695.4631434716894,3611.907177559117,3666.1540659059356,1876992
2024-04-10,3666.752685546875,3671.8599489060657,3605.4201433160924,3640.756483645732,2101965
2024-04-12,3682.16650390625,3693.163307517169,3630.7263197194047,3654.191918795021,4354821
2024-04-15,3626.76904296875,3739.9560412971437,3606.3862709398386,3682.166211852168,4200329
2024-04-16,3563.825927734375,3615.2661050786087,3554.669789147579,3590.6962907179723,3051420
2024-04-18,3553.887939453125,3621.9841868688504,3542.8453047370613,3567.5072338688656,3476284
2024-04-19,3520.94384765625,3545.1917216335364,3497.6622490979976,3531.802482817412,2957749
2024-04-22,3556.280517578125,3568.6113695261515,3507.8768799983727,3530.8823684558647,1728883
2024-04-23,3565.574462890625,3584.2549637317557,3552.5995026977444,3567.737068587587,1807586
2024-04-24,3525.40673828125,3587.015384991863,3519.3332000987416,3579.6536294557072,1317312
2024-04-25,3544.869384765625,3564.6080473941747,3506.9563876693583,3507.1403866301107,2856271
2024-04-26,3516.480712890625,3567.5068368634634,3499.1805421614235,3547.583950815871,2039178
2024-04-29,3561.433349609375,3568.42710744999,3514.502156616341,3531.8023275934233,1110693
2024-04-30,3515.83642578125,3572.0619252249066,3506.036178297648,3563.089785398555,2203078
2024-05-02,3555.083984375,3562.261741296734,3476.635273211625,3476.635273211625,2491044
2024-05-03,3536.771484375,3582.966682325397,3494.625611625741,3579.7917453667596,2962234
2024-05-06,3608.2265625,3625.6186204477826,3545.605583246127,3545.605583246127,2053831
2024-05-07,3661.50732421875,3669.8353556027478,3601.2790030469796,3617.1988452844685,2062112
2024-05-08,3659.6669921875,3666.43069555621,3624.3767082288086,3644.9895357076884,1247685
2024-05-09,3644.25341796875,3654.191834044049,3598.1044973888866,3645.9098580917957,1726486
2024-05-10,3583.242431640625,3656.584101641413,3575.0986242941894,3646.461687676862,1672489
2024-05-13,3632.842041015625,3639.467575487213,3561.2489297434927,3574.5921104880094,931326
2024-05-14,3589.960205078125,3631.0020839186186,3582.322338430397,3621.983888045264,1058317
2024-05-15,3570.819580078125,3613.6558418017335,3566.310594491623,3592.9969594097643,1115021
2024-05-16,3615.820556640625,3623.745662755798,3562.5697543936335,3606.6906515489186,2599399
2024-05-17,3553.857177734375,3633.4784647992665,3550.0567653523444,3632.5515570276343,2765804
2024-05-21,3540.97314453125,3563.728776359017,3531.5651208470945,3550.613121462056,1908117
2024-05-22,3551.910400390625,3560.4842968425073,3538.516629030364,3554.6911235642083,1311168
2024-05-23,3608.868896484375,3619.5747261448155,3545.885560785401,3560.2062401149506,2095742
2024-05-24,3568.131591796875,3599.924574735908,3563.3117164748414,3594.7801911641072,1309452
2024-05-27,3565.86083984375,3622.680335515065,3560.577510431646,3573.229711889253,1841538
2024-05-28,3559.2333984375,3587.1334155210093,3550.057101148699,3576.0105212093163,1801993
2024-05-29,3525.6328125,3567.57539103945,3522.2496895007944,3567.57539103945,1568095
2024-05-30,3463.0205078125,3517.0590544137885,3443.8797249385125,3500.930948347214,2919230
2024-05-31,3402.6318359375,3475.718599887057,3386.689068476094,3466.6348590080306,10956800
2024-06-03,3432.20068359375,3477.3410487975398,3425.8512745605985,3459.961527315394,2156773
2024-06-04,3443.4619140625,3471.269143516571,3328.988819476573,3429.558299335464,3395997
2024-06-05,3472.613525390625,3507.2336206771465,3429.5587052821297,3444.389229413079,2799670
2024-06-06,3550.427490234375,3559.233114194575,3468.0254786409455,3504.6383361596722,4328036
2024-06-07,3609.33251953125,3628.8439736397468,3556.8232840964106,3556.8232840964106,4552445
2024-06-10,3576.658935546875,3620.4089366489284,3561.08683988795,3610.3057325626605,1734661
2024-06-11,3570.541748046875,3596.3559953752433,3560.2529805994373,3563.960611925237,1419898
2024-06-12,3551.5859375,3608.9152715121113,3547.6929702664606,3591.2112432293293,2177001
2024-06-13,3594.687255859375,3605.6712033854537,3570.448708339529,3574.897910867656,1932323
2024-06-14,3551.957275390625,3604.7446322415467,3548.2032533352126,3604.7446322415467,1860730
2024-06-18,3536.24609375,3561.179823442644,3517.661546809407,3546.395689059985,1774045
2024-06-19,3523.8251953125,3553.6254156533255,3515.7147523909116,3547.8784064893566,1509050
2024-06-20,3510.431640625,3531.4724028758133,3503.757949581445,3518.542084048452,2846526
2024-06-21,3532.2138671875,3594.363079879569,3520.4421834921905,3547.2761188024833,4642195
2024-06-24,3537.821533203125,3575.0831793648726,3514.185385660008,3530.359880582307,1702154
2024-06-25,3557.889404296875,3566.416911288198,3515.668706319215,3538.0072761024458,1338808
2024-06-26,3574.017822265625,3584.3063639061556,3560.2531497961004,3563.497327360351,1639845
2024-06-27,3646.593994140625,3653.870310416638,3539.0265319698215,3550.983551295317,4526556
2024-06-28,3618.787109375,3670.555002133022,3612.94777109011,3631.4395370159273,2731571
2024-07-01,3687.424560546875,3709.206893822337,3600.1098911444064,3600.1098911444064,2658723
2024-07-02,3723.759033203125,3729.320479596894,3691.456434510148,3701.698810211173,2307449
2024-07-03,3675.421142578125,3731.8235725519535,3665.9203376575206,3726.169344471108,1821198
2024-07-04,3727.0498046875,3751.5203059355035,3691.039573096493,3707.4921862442698,2518001
2024-07-05,3718.568603515625,3732.4258292933814,3696.5081535287777,3716.900124285456,1668616
2024-07-08,3701.328125,3736.5970115088844,3687.285562563459,3728.023114490228,1758882
2024-07-09,3694.19140625,3714.073535288671,3684.551654684545,3693.727952303663,1305801
2024-07-10,3623.421630859375,3710.6901382951037,3616.794330433944,3692.5226544204043,2669716
2024-07-11,3636.908203125,3689.0931591530957,3610.8622289094983,3643.674675535382,4872189
2024-07-12,3878.136474609375,3892.967000953419,3681.0293746405414,3689.093428080941,13509164
2024-07-15,3864.464599609375,3930.089497924817,3853.202306545461,3926.103974989564,4848030
2024-07-16,3873.038330078125,3887.961184556231,3841.9402998086507,3867.0595933422346,2029521
2024-07-18,4000.116455078125,4008.8759141236847,3855.936139365209,3855.936139365209,5613364
2024-07-19,3997.1904296875,4049.543087779747,3981.2571303488753,4011.12633936727,3903354
2024-07-22,3983.208251953125,4013.495719745839,3962.443655783337,3994.9145068230564,1896386
2024-07-23,3997.144287109375,4052.2841289170647,3963.651377579033,3979.1668723137213,2365208
2024-07-24,4000.767578125,4031.2873123813406,3965.32400369121,3983.347690266691,1809793
2024-07-25,4015.86474609375,4034.910489828839,3970.991297189703,3990.315577668631,2810342
2024-07-26,4076.578369140625,4108.723954458355,4029.3818216621617,4041.4133370768022,3552210
2024-07-29,4070.3076171875,4116.66765190009,4060.924014095079,4101.8026818187545,1746803
2024-07-30,4055.674560546875,4086.0082967599183,4020.3235344521822,4079.597869696845,1797906
2024-07-31,4074.25634765625,4100.87384543508,4036.7686584538783,4041.4139618583135,2330091
2024-08-01,4085.17236328125,4105.797235952523,4055.3956995339786,4087.309021156136,2202244
2024-08-02,3979.212646484375,4086.0083392177967,3967.088587644382,4055.349340765276,2811282
2024-08-05,3860.29296875,3938.2877856411073,3818.9035015045465,3938.2877856411073,2787771
2024-08-06,3875.297607421875,3956.172148090316,3865.6350146384816,3875.0653422807904,2203067
2024-08-07,3902.47314453125,3943.816345106616,3883.752208772118,3928.068585003328,1237666
2024-08-08,3876.551513671875,3931.7843462117903,3864.891984934085,3884.4022569734157,2441283
2024-08-09,3928.7646484375,3951.8981645067097,3907.2102630563363,3917.8481873983887,1302536
2024-08-12,3898.012939453125,3938.2878064043034,3889.372857499192,3929.9262611677764,936912
2024-08-13,3899.221435546875,3933.6429525764734,3886.260857493479,3914.1326781305343,1495593
2024-08-14,3990.54833984375,4000.7217369045175,3891.045838965046,3910.416847075803,3226545
2024-08-16,4102.77783203125,4112.951226936545,4018.280043659057,4041.413561593398,3457058
2024-08-19,4171.48193359375,4175.430440991918,4078.901139092339,4107.376754658791,2055210
2024-08-20,4202.41943359375,4241.161440255413,4180.772504085293,4185.417806867609,2212298
2024-08-21,4228.619140625,4236.516155388334,4173.8508391327405,4197.495611851862,1896990
2024-08-22,4182.630859375,4237.39916370202,4178.171549911448,4236.516374666815,1829872
2024-08-23,4147.23388671875,4186.347432150737,4138.965337379391,4180.773068059991,1809253
2024-08-26,4183.04931640625,4229.223358650871,4166.837026562577,4170.553269172667,1844164
2024-08-27,4178.12451171875,4190.063030371992,4168.50864441272,4185.417727677566,930697
2024-08-28,4186.39306640625,4238.838715366386,4141.101365063979,4179.611105918801,1848058
2024-08-29,4191.73583984375,4232.800503800473,4143.610677557092,4143.610677557092,2133641
2024-08-30,4230.70947265625,4266.47830377286,4169.437748026632,4180.772468175268,3637222
2024-09-02,4200.32958984375,4262.530383589784,4191.921772178967,4251.381655472286,1216500
2024-09-03,4192.24609375,4232.706495676609,4176.962867593396,4200.328647636382,1717263
2024-09-04,4161.49462890625,4168.694848446134,4121.9632824379705,4159.357971016076,1265505
2024-09-05,4158.4287109375,4179.843374955519,4138.1749189531665,4163.120285213532,1688793
2024-09-06,4140.5908203125,4198.378570967705,4125.029055295338,4156.570844055927,1649179
2024-09-09,4133.9013671875,4171.714314661398,4116.202944403391,4138.964928860649,1184938
2024-09-10,4188.0654296875,4217.888362209953,4125.446843253818,4127.30496423786,1385591
2024-09-11,4161.58740234375,4226.621639858806,4154.061921274154,4200.700941634944,1325919
2024-09-12,4197.2177734375,4211.060687361837,4116.9465647505085,4190.296089653868,2742216
2024-09-13,4201.76904296875,4224.438028089181,4185.417487693372,4208.643999833735,1458786
2024-09-16,4193.0830078125,4223.556015887551,4175.616848928026,4205.857591838961,1155120
2024-09-17,4186.02197265625,4214.033060161901,4149.184809090063,4193.0829242332575,1699364
2024-09-18,4037.836181640625,4178.031319677868,4014.4704009082216,4178.031319677868,2961779
2024-09-19,3991.3837890625,4108.492155250461,3978.0516781123274,4078.6224926759214,2927551
2024-09-20,3980.93212890625,4023.4833814320996,3927.604135103798,4010.6620715019503,5447908
2024-09-23,3965.695068359375,4003.693555186361,3951.294629432452,3994.960476501186,1702319
2024-09-24,3968.296142578125,3986.598816855598,3939.216728843565,3950.0401935138225,3012026
2024-09-25,3971.501708984375,3985.29834930729,3939.2168538730334,3950.69084274909,2713073
2024-09-26,3987.992431640625,4010.5684216660406,3957.7979636084015,3957.7979636084015,3964251
2024-09-27,4003.043701171875,4067.4274211040574,3995.0069638417276,4027.4778141813813,3012477
2024-09-30,3965.695068359375,3993.799150781273,3957.8443250356186,3982.7896922279247,2503416
2024-10-01,3983.718505859375,3991.011721656906,3941.957507745713,3953.6633073625258,1823365
2024-10-03,3932.4814453125,3975.4505001458124,3911.3453156377354,3960.2139962956594,3350119
2024-10-04,3950.597900390625,3993.1024224537377,3924.398210251953,3925.280999271066,2965463
2024-10-07,3969.73681640625,3992.405805122665,3929.3689504456147,3970.712148613736,1472619
2024-10-08,3951.527099609375,3975.8219442019727,3905.724592296589,3969.5045134149964,1541867
2024-10-09,3951.24853515625,3990.315352669941,3945.4419062961365,3957.798231053306,1082504
2024-10-10,3927.5107421875,3989.247001339516,3900.753978007147,3951.5270497469596,2378875
2024-10-11,3854.858154296875,3941.028518940875,3820.7151796266107,3849.0977975212186,5759183
2024-10-14,3843.1982421875,3869.9087330608727,3829.7735893951135,3846.3106857656626,2137590
2024-10-15,3824.756591796875,3874.1365268299264,3804.5032516700458,3837.995705676313,2759474
2024-10-16,3804.456787109375,3823.0844981328532,3778.675354588552,3795.212679191423,2359151
2024-10-17,3817.51025390625,3836.9742562004353,3802.5987849412795,3821.0405029589083,2522659
2024-10-18,3839.908203125,3861.4219511234783,3799.814751434331,3809.128022883925,2361000
2024-10-21,3799.675048828125,3855.647899798256,3790.501385728475,3848.8025545031073,1595450
2024-10-22,3739.744140625,3808.941792786158,3731.222588221232,3786.7761613201965,1928049
2024-10-23,3787.009033203125,3831.0606256089795,3720.791581721823,3724.936169449571,1966476
2024-10-24,3769.9189453125,3798.8833095961822,3729.033775833075,3729.033775833075,2676744
2024-10-25,3778.906494140625,3810.990668738502,3755.762923689694,3778.440830569176,1759676
2024-10-28,3809.919677734375,3850.106352412569,3772.8062006829505,3789.5234771784344,1532534
2024-10-29,3795.390869140625,3821.7008604425628,3781.281354135695,3814.5762988806255,1445885
2024-10-30,3804.145263671875,3824.960515939356,3781.2347527404995,3795.158047833668,1935002
2024-10-31,3695.925048828125,3798.23142349314,3688.055380171151,3790.501362953683,3740372
2024-11-01,3710.593505859375,3724.3305810268316,3703.003280699814,3715.855640568731,154895
2024-11-04,3691.920654296875,3717.7649842744486,3644.5161904410857,3693.923144215517,2269192
2024-11-05,3698.6259765625,3712.2698276535116,3670.45333173397,3670.45333173397,967590
2024-11-06,3855.3681640625,3864.8210432401042,3702.258078759821,3728.6612931693503,3792017
2024-11-07,3865.845458984375,3916.975224376799,3804.517707610648,3883.3546808183637,3724349
2024-11-08,3862.2138671875,3883.4015608162717,3834.8793231384825,3869.664484727288,1648039
2024-11-11,3910.36376953125,3943.5186546704363,3834.8794257124828,3844.7052007056577,1406487
2024-11-12,3909.15283203125,3928.3382639573533,3878.3726489183473,3926.475609493647,1587640
2024-11-13,3865.333740234375,3908.5472291817673,3847.358853332509,3891.1780687289943,1098813
2024-11-14,3861.189208984375,3874.3210129831064,3833.761896778277,3851.0378338185446,1825432
2024-11-18,3743.469482421875,3923.6812860911455,3716.181551430071,3923.6812860911455,3313944
2024-11-19,3762.142822265625,3848.3835842405188,3738.4405905885956,3743.8421064286954,1776233
2024-11-21,3793.156005859375,3811.4098822098795,3747.660582048356,3767.1252292109634,2384347
2024-11-22,3953.111083984375,3962.7504103811857,3775.6000484761144,3791.4326091135326,3096553
2024-11-25,4018.769775390625,4030.8770280377776,3960.1893900708537,3986.0801022933974,4052167
2024-11-26,4053.78759765625,4066.7329532289605,4014.0197491006056,4024.310731522724,2060669
2024-11-27,4035.02099609375,4076.7911069702654,4027.104715840101,4059.6083950341376,1558993
2024-11-28,3953.390625,4041.913545627335,3942.3079225932315,4022.4020594566896,2558544
2024-11-29,3977.558349609375,4003.4958997310346,3907.5223713104324,3930.2002766528776,2017425
2024-12-02,3982.96044921875,3993.71755141835,3939.5605099829345,3976.767214179378,1670944
2024-12-03,4007.26806640625,4027.9900963818563,3972.529744122267,4018.0715527591838,2010905
2024-12-04,4055.37060546875,4085.6855752155147,3994.508288951376,4017.3258027448396,3302642
2024-12-05,4157.49169921875,4180.728498637225,4060.5872697835375,4098.585243986225,3746747
2024-12-06,4140.21435546875,4158.375232745017,4109.713394915021,4147.199308267314,1842087
2024-12-09,4146.408203125,4162.473596939852,4112.321537472264,4126.198676219265,2066639
2024-12-10,4128.154296875,4185.198089234919,4109.108928030726,4122.193893602826,2087828
2024-12-11,4123.404296875,4143.148158287083,4104.358476029229,4127.502045111503,1635256
2024-12-12,4149.015625,4177.00182096417,4122.05352499162,4125.825217645854,1914642
2024-12-13,4166.6640625,4186.221930852545,4092.6235608796533,4130.389146191078,1967048
2024-12-16,4111.99560546875,4167.6887843067,4095.045270300907,4152.787550664486,1646224
2024-12-17,4031.24951171875,4128.52681305927,4021.470576782156,4107.152673369455,3225027
2024-12-18,4049.2705078125,4062.44869495374,3995.0207057764947,4015.6031250525107,1575404
2024-12-19,3978.5361328125,4064.3114493548924,3969.3160855065425,3987.9426274375915,3015763
2024-12-20,3883.9130859375,4081.0752079378285,3867.335646043321,4031.71487338267,4116989
2024-12-23,3872.7373046875,3927.4063874513017,3832.31779942793,3911.6202111793405,2195338
2024-12-24,3892.482177734375,3928.338276273141,3872.737858457334,3872.737858457334,1181886
2024-12-26,3882.796630859375,3911.528168226086,3858.6285061875396,3892.482343563726,1208464
2024-12-27,3878.837890625,3893.8323483767854,3862.4464421773887,3877.114844483566,858100
2024-12-30,3873.203125,3910.921874141445,3829.617196780828,3865.938955213331,1527169
2024-12-31,3813.5986328125,3855.6481919731173,3755.157851490963,3851.0379404710184,1555429
2025-01-01,3830.036376953125,3850.1062943866386,3804.890317466962,3813.22564967337,763161
2025-01-02,3888.989501953125,3895.7416240603297,3815.6011015015547,3837.0680112666887,1720835
2025-01-03,3818.34814453125,3892.9011567771527,3811.270194517517,3892.9011567771527,1791953
2025-01-06,3813.78466796875,3864.681605615779,3787.148620607623,3823.563603014824,2085593
2025-01-07,3751.665283203125,3856.0205380436832,3736.0655531105435,3832.3649188830605,2669054
2025-01-08,3826.26416015625,3842.6556080381715,3741.839449635328,3757.811618423141,2181277
2025-01-09,3761.490966796875,3853.599136272882,3748.871437714519,3819.372861544339,2392472
2025-01-10,3972.715576171875,4001.9127733457603,3883.6342250062416,3911.5740395746316,7894300
2025-01-13,3996.41845703125,4026.081320920444,3937.0927292528613,3953.48417981758,4003771
2025-01-14,3942.3544921875,4017.6523885968354,3929.3159111555674,4006.569685669616,3441709
2025-01-15,3957.767822265625,3964.1475039910265,3918.512475086078,3928.3377943076216,1653474
2025-01-16,3917.441162109375,3999.118734083526,3903.9837578032057,3967.4536113637214,2637705
2025-01-17,3911.750244140625,3946.179768328342,3888.7499900580783,3945.5156582213353,1761466
2025-01-20,3867.647216796875,3932.1425484323627,3858.447160711793,3932.1425484323627,1287799
2025-01-21,3827.859130859375,3899.136119079718,3822.3105229606576,3884.2452782424407,1971591
2025-01-22,3942.385986328125,3948.598240960883,3835.7784821299006,3841.2796202434547,2409223
2025-01-23,3931.810546875,3975.3449548724125,3926.688470425829,3953.198226312215,1822998
2025-01-24,3938.355224609375,3962.683237549143,3892.49689011529,3892.49689011529,1910099
2025-01-27,3855.6484375,3942.1485418020825,3832.7905934392124,3890.59942943467,1551782
2025-01-28,3832.079345703125,3890.5995312485556,3820.6977771085412,3861.007499214359,2468272
2025-01-29,3888.5126953125,3896.148108723218,3845.0732274227375,3845.0732274227375,1217089
2025-01-30,3888.75,3917.061745659292,3849.3415023779007,3888.6078230102007,1531251
2025-01-31,3900.46337890625,3915.6865044368305,3874.7126731511203,3898.1871578608666,1492943
2025-02-01,3863.236572265625,3922.7526963272944,3846.970505085766,3901.032960408717,437172
2025-02-03,3858.968505859375,3866.8882740010763,3792.6234860032378,3823.1639848038094,1265713
2025-02-04,3895.389404296875,3906.5815588564824,3856.5026066809596,3873.242905885086,2547132
2025-02-05,3880.261474609375,3936.1259160718655,3865.9395744358853,3936.1259160718655,1693912
2025-02-06,3872.341796875,3926.1671344471406,3842.749763323274,3893.8244160755,2284536
2025-02-07,3821.7412109375,3879.218228908592,3801.444171507491,3879.218228908592,1548940
2025-02-10,3828.902099609375,3843.176530616503,3807.4669498989556,3831.7949614241543,1339511
2025-02-11,3759.28466796875,3831.794697050472,3751.1752541669844,3811.307781294286,1810908
2025-02-12,3746.57568359375,3814.4858114252734,3737.0910418049134,3766.446193388272,1678002
2025-02-13,3708.63671875,3779.10764599597,3701.143945163747,3763.5054582381317,2277310
2025-02-14,3732.06396484375,3744.536174828968,3699.009899147157,3722.7215010647665,1681975
2025-02-17,3703.278076171875,3731.257767104663,3657.467213858333,3657.7517993998813,1799806
2025-02-18,3673.591552734375,3722.1528742505816,3665.339960372217,3697.492804650458,2149879
2025-02-19,3589.083251953125,3675.251080308744,3573.955063643061,3672.6428039185434,4366672
2025-02-20,3584.625244140625,3592.782128290818,3557.9735409942346,3567.6478288188787,2888572
2025-02-21,3590.88525390625,3620.287642408916,3580.4521483085296,3581.4955514917533,1833931
2025-02-24,3486.17529296875,3569.2606224061346,3480.8638005406483,3550.243867865292,2508516
2025-02-25,3442.498291015625,3469.4820512534207,3434.6259918265305,3438.1827325843765,4101954
2025-02-27,3426.3740234375,3450.512388419143,3415.1346312530945,3425.5677363307773,3823856
2025-02-28,3303.737548828125,3414.470731581497,3278.8403664103434,3400.1963006835795,7085018
2025-03-03,3313.03271484375,3341.6762855972443,3297.0035319217445,3305.397532195103,4990439
2025-03-04,3350.02294921875,3367.9962990962294,3285.764501101665,3294.964557324782,2797737
2025-03-05,3364.24951171875,3414.8026927498004,3339.3997995005207,3339.3997995005207,2501894
2025-03-06,3415.988525390625,3423.4338299242468,3353.8641244726305,3373.6869322947687,2786513
2025-03-07,3425.093505859375,3438.1823567291294,3390.1899807262357,3414.4707542689284,2051315
2025-03-10,3404.654296875,3435.4321442725973,3397.9678097594306,3420.636010676855,1004626
2025-03-11,3391.0439453125,3403.8007419067008,3355.3341308822914,3374.6354690920352,1995450
2025-03-12,3325.5048828125,3385.305592458114,3307.15224085139,3381.2746199098347,3174167
2025-03-13,3330.105224609375,3342.6723750664873,3304.544161123429,3321.806162986754,1693004
2025-03-17,3317.44287109375,3348.505070694925,3298.141765391246,3309.1912796488264,2690906
2025-03-18,3317.44287109375,3317.44287109375,3317.44287109375,3317.44287109375,0
2025-03-19,3316.873779296875,3364.2020435877325,3284.2939459919426,3364.2020435877325,3051244
2025-03-20,3379.52001953125,3394.505799750347,3331.0061697900233,3331.0061697900233,2845192
2025-03-21,3393.69970703125,3429.8835221492395,3286.4283178007922,3295.912959410607,4161925
2025-03-24,3441.9287109375,3461.6568103088644,3382.792113898217,3414.470721860925,1834751
2025-03-25,3469.244384765625,3518.8016314620927,3450.512219746386,3457.1514681076355,3135390
2025-03-26,3448.42578125,3490.8220797184467,3438.988609875757,3459.7598808023267,1734499
2025-03-27,3463.0322265625,3474.2241497420814,3424.4297823215356,3428.5556939598323,2528474
2025-03-28,3420.3037109375,3472.279589767322,3406.7880975546004,3462.8424183134416,2051919
2025-04-01,3367.806640625,3399.295604939385,3343.3362185857513,3388.577913444674,2618493
2025-04-02,3361.309326171875,3380.4210168658315,3348.1257677061367,3361.3567956889556,1764313
2025-04-03,3227.76513671875,3321.5208948052064,3221.125888785102,3311.0877909094734,4537821
2025-04-04,3129.362548828125,3224.446080623458,3125.663631237096,3189.3056688327865,5317367
2025-04-07,3105.31884765625,3121.7745604042666,2898.5536795332505,2940.2386292720134,6623955
2025-04-08,3123.244873046875,3176.4063332063806,3087.535291604866,3131.875989149625,5557558
2025-04-09,3079.283447265625,3101.4774131953245,3046.513968346596,3092.514474322123,2990265
2025-04-11,3064.96142578125,3128.935276473692,3040.775593704065,3120.0198074686773,7108961
2025-04-15,3080.801025390625,3143.5893021337306,3071.69590901875,3143.5893021337306,3512160
2025-04-16,3105.081787109375,3109.1602290119804,3062.5905495252055,3080.801013758816,2384391
2025-04-17,3128.888427734375,3133.346394679939,3052.157767289551,3078.2405325476193,2932346
2025-04-21,3150.418701171875,3181.1488478659085,3114.8512945544117,3120.5420796132057,2432946
2025-04-22,3143.58935546875,3162.0844056249766,3125.189244347029,3151.3669464223676,2710498
2025-04-23,3237.108154296875,3244.6009284823726,3165.3094642241085,3191.581874951358,3543923
2025-04-24,3226.295654296875,3236.633820616935,3213.1118640484187,3225.8214222352462,2252175
2025-04-25,3270.30419921875,3298.568475558524,3229.5202431380058,3243.747204561521,2742991
2025-04-28,3266.0361328125,3279.5992157727555,3229.520264912607,3257.9741879514845,1593296
2025-04-29,3293.541748046875,3314.8821913387555,3253.6113148639492,3276.9436254865236,1578332
2025-04-30,3275.710205078125,3329.013837756505,3192.5299551721982,3293.0671433029925,2809332
2025-05-02,3254.180419921875,3311.562499608635,3243.7473145242825,3293.0674491310842,1721761
2025-05-05,3276.27978515625,3323.892639545098,3268.786779377753,3272.2013429677813,1284443
2025-05-06,3281.68603515625,3294.0160693923863,3259.871359200009,3281.68603515625,1324763
2025-05-07,3267.5537109375,3281.211501134211,3244.3163408615387,3244.3163408615387,1477128
2025-05-08,3271.15771484375,3297.809648457028,3251.9987864937443,3270.304189784248,2543591
2025-05-09,3263.001220703125,3268.5970664946117,3222.976080385976,3223.8296054868374,2531757
2025-05-12,3433.8193359375,3443.3989159735165,3321.7109255991563,3324.3666713915923,2228678
2025-05-13,3333.8515625,3436.285693012091,3329.5834737286627,3433.8195935429753,3062887
2025-05-14,3365.814453125,3377.4806076856794,3327.7811822404,3339.542044274439,2119499
2025-05-15,3395.406494140625,3414.4707149223877,3332.9977424314357,3380.326007773164,3548330
2025-05-16,3377.76513671875,3408.6849264465072,3363.348529175367,3408.6849264465072,1666727
2025-05-19,3337.45556640625,3367.0476004136544,3323.133665679634,3367.0476004136544,2537377
2025-05-20,3318.01220703125,3374.6354708973113,3313.9337648440714,3349.785756293493,2038374
2025-05-21,3344.0947265625,3354.7174780325026,3318.0119641520128,3327.212019490534,1440153
2025-05-22,3297.8095703125,3317.5376692737764,3273.4340900331863,3314.881923566922,2034383
2025-05-23,3333.471923828125,3352.820498295267,3286.9971842477944,3297.809582057325,1274331
2025-05-26,3355.002197265625,3362.3053247198645,3329.204019365113,3339.542185709067,967470
2025-05-27,3318.391357421875,3357.5629717372003,3303.5954561426133,3349.9752588067204,2467680
2025-05-28,3317.44287109375,3347.129844047208,3312.985136088664,3338.593667057572,1222933
2025-05-29,3317.822509765625,3350.4495836467595,3306.820233088302,3324.0822341714443,3188072
2025-05-30,3284.910400390625,3325.97894134562,3275.1414056184462,3310.139637529337,3404365
2025-06-02,3272.011474609375,3281.6857620470387,3242.41944121709,3272.201121116267,1877585
2025-06-03,3229.7099609375,3294.490106360913,3225.252225904789,3268.407343175387,2848125
2025-06-04,3235.164306640625,3248.465279476926,3224.7342507303856,3242.9152450223373,2544807
2025-06-05,3225.786865234375,3262.0530702216233,3218.7057063727016,3262.0530702216233,3584683
2025-06-06,3238.322021484375,3244.7331673196672,3213.9212139850256,3225.7868448606714,2070390
2025-06-09,3274.396728515625,3285.975243758928,3244.7330032516393,3253.440835404879,1718678
2025-06-10,3313.629638671875,3335.5426613582063,3275.6409764041855,3291.7168496023487,2419874
2025-06-11,3322.24169921875,3338.604687522634,3300.424692969312,3320.423693236899,2847013
2025-06-12,3286.16650390625,3324.920724772973,3275.6406661399797,3322.241373890929,4060134
2025-06-13,3297.1708984375,3301.76403815699,3246.933943792306,3246.933943792306,2178493
2025-06-16,3345.590087890625,3357.7426005937496,3278.5116939874692,3291.716884024651,1934088
2025-06-17,3363.771240234375,3368.2685976044036,3337.743756885341,3358.6996527248457,2111940
2025-06-18,3302.625244140625,3385.4923927635227,3294.683207501011,3367.4071820205213,2696327
2025-06-19,3276.40625,3302.242397415304,3265.8804121641356,3301.2855030665887,2672768
2025-06-20,3287.60205078125,3297.7452248908758,3263.871022884297,3277.3633274014865,2351248
2025-06-23,3247.31689453125,3277.3632849229502,3224.7340934862314,3267.7943410253647,3123421
2025-06-24,3244.25439453125,3293.726017546798,3236.2165757260095,3286.549310178985,3403048
2025-06-25,3296.309814453125,3301.2856185170967,3253.440899408153,3260.4262751214173,1757699
2025-06-26,3293.439208984375,3302.625255099875,3268.081507258558,3296.3098921986184,2879106
2025-06-27,3292.76953125,3316.978773543857,3283.1048040170426,3306.0702704397795,1778433
2025-06-30,3312.7685546875,3315.5434551196317,3282.1479325760038,3291.6210940950255,1468351
2025-07-01,3281.86083984375,3334.7771495134807,3266.3591965177234,3306.0703160886874,2375183
2025-07-02,3275.736328125,3339.4653488059707,3272.578530188305,3336.8817809002294,3090585
2025-07-03,3254.206298828125,3287.219153361651,3251.144283681705,3282.147566666478,2531870
2025-07-04,3272.3876953125,3279.27728864699,3243.967976797223,3261.096294049881,1109320
2025-07-07,3264.636474609375,3278.415893704088,3261.478676465787,3270.95207089655,1639174
2025-07-08,3259.373291015625,3277.3629504303926,3247.1249973534364,3258.2250645884633,2325242
2025-07-09,3237.939208984375,3266.837372173034,3221.8633368794976,3263.0097947012437,2034938
2025-07-10,3236.216552734375,3252.483755985849,3211.337300702709,3234.3027641165545,3035012
2025-07-11,3125.217041015625,3191.242753149758,3120.5283520064395,3157.6556670087216,7635550
2025-07-14,3083.783447265625,3130.9583865491522,3062.0619917351123,3125.217020314649,3924009
2025-07-15,3112.107666015625,3118.9014760029677,3067.8034091107847,3067.8034091107847,2590889
2025-07-16,3104.234375,3115.5638600833036,3092.2326031663256,3098.3774165813243,2540733
2025-07-17,3081.286865234375,3112.7795615982277,3076.3902829424,3095.593117992358,2947640
2025-07-18,3062.756103515625,3100.105758589483,3059.9717861781455,3096.4571730230687,3432645
2025-07-21,3032.319580078125,3070.1493050764375,3026.3667482040605,3062.8521341278406,3844346
2025-07-22,3033.6640625,3053.3469689942053,3028.8633535989743,3033.6640625,3198036
2025-07-23,3052.38671875,3055.171036049811,3031.743671209123,3033.6639547012974,1922875
2025-07-24,3022.5263671875,3047.2019644087272,3014.8452328363246,3038.944885626984,2934778
2025-07-25,3010.812744140625,3031.0715957495104,3001.019344529776,3014.845292873372,2568917
2025-07-28,2956.564697265625,2993.72213811463,2947.539223682625,2986.041003699968,3374473
2025-07-29,2934.193359375,2951.4759118844077,2919.9832137631183,2938.0339265993125,4785312
2025-07-30,2931.88916015625,2946.6752504448114,2925.7441118523307,2938.033974050545,2880121
2025-07-31,2915.7587890625,2937.8420514011964,2894.827650050853,2920.4633903186314,2968371
2025-08-01,2883.3056640625,2915.758501968501,2880.4252388236764,2909.133383273443,2053847
2025-08-04,2951.859619140625,2956.660327755159,2872.360072011628,2889.1625521624956,2519252
2025-08-05,2941.7783203125,2954.836342347973,2920.751308991888,2951.859809051624,1927996
2025-08-06,2911.437744140625,2944.5626330221426,2905.3888045064286,2940.9140476547227,1487081
2025-08-07,2925.552001953125,2929.9687479023937,2890.890789951502,2895.7876067904904,2543076
2025-08-08,2915.37451171875,2937.841970823321,2904.4289887975438,2926.6083584758467,2762140
2025-08-11,2919.599365234375,2928.3365153663553,2900.876599282036,2915.3746004762743,1884215
2025-08-12,2914.4140625,2972.982707005533,2906.2528579377536,2919.7909498577897,3358232
2025-08-13,2915.1826171875,2923.055733419127,2907.8856798255947,2915.086743648966,2148166
2025-08-14,2901.83642578125,2934.0970475783347,2898.7640190971856,2913.0700372499637,3342174
2025-08-18,2891.178955078125,2927.4723621732833,2883.6898021204543,2925.072007661826,2945609
2025-08-19,2895.979736328125,2904.429031301108,2891.083153648401,2891.1790271854784,2650784
2025-08-20,2975.095458984375,2979.7039520714934,2890.890836056874,2890.890836056874,4952358
2025-08-21,2978.93603515625,3005.2438266480435,2960.2132701020532,3005.2438266480435,3230726
2025-08-22,2932.27294921875,2972.3108139224278,2928.4323821601793,2962.997485687316,1593791
2025-08-25,3015.42138671875,3026.366909314735,2954.4523833109183,2964.245782645686,3448370
2025-08-26,3031.35986328125,3035.9685911364395,2995.6426326203955,3004.283909445262,5522097
2025-08-28,2970.390380859375,3021.0859103623443,2963.477407383879,3019.6456977878825,3116051
2025-08-29,2961.749267578125,2990.841610057071,2954.548204311535,2969.7184911417403,2271789
2025-09-01,2988.537353515625,3006.2999761800884,2966.8380558481663,2966.8380558481663,1246862
2025-09-02,2987.48095703125,3029.2471217848606,2979.4158603599094,2996.6984112924383,2185229
2025-09-03,2974.0390625,3016.6692623196923,2964.917715899919,3005.1475613511693,1799774
2025-09-04,2972.310791015625,2993.7219990840686,2967.6061901689773,2991.8017155695825,1481391
2025-09-05,2926.800048828125,2979.703716897792,2907.8853038462717,2973.6550115959403,2802055
2025-09-08,2898.668212890625,2942.7386295513115,2895.7877873726816,2928.432609909376,2626187
2025-09-09,2927.8564453125,2938.034042622692,2909.997947659983,2911.246178939102,2489301
2025-09-10,2986.041015625,2998.2347696750494,2931.696895660388,2934.5773210773896,2079428
2025-09-11,2999.675048828125,3013.885194748687,2986.137189714118,3013.885194748687,2263446
2025-09-12,3008.50830078125,3023.198517586115,2996.6026359147436,3018.685897890405,1447167
2025-09-15,2987.865234375,3009.0844623500607,2972.5990732086116,3009.0844623500607,1732539
2025-09-16,3020.318115234375,3024.4467719955323,2985.1770648150605,3003.3236516831826,2573429
2025-09-17,3046.337890625,3055.5551110798156,3017.1494398273812,3026.366894691811,2418271
2025-09-18,3050.082275390625,3075.334050504916,3035.392059613066,3058.0514988629902,2633138
2025-09-19,3042.881591796875,3053.731241896356,3018.6860633617807,3043.64975218093,4901694
2025-09-22,2951.283935546875,2983.0644887376598,2942.8346407567424,2971.6388949892716,3634901
2025-09-23,2940.338134765625,2957.9087764692863,2930.352753876681,2947.6353061603577,3177741
2025-09-24,2914.4140625,2935.1532172690772,2912.1098161521463,2928.4322252766387,1625714
2025-09-25,2839.52294921875,2908.845366983573,2833.3781361471615,2901.548196352667,4974361
2025-09-26,2783.547119140625,2837.0269692313786,2776.057966398974,2823.7769658283983,3934636
2025-09-29,2780.666748046875,2812.5434087793974,2778.6503565122343,2799.773476015783,3110035
2025-09-30,2773.2734375,2799.101392157332,2770.105157137798,2794.9727356006983,2253458
2025-10-01,2798.044921875,2808.2225177556543,2752.3423171660024,2775.7696811050214,1952902
2025-10-03,2786.2353515625,2807.454578770542,2775.8660078142957,2807.454578770542,2899519
2025-10-06,2869.287841796875,2874.28076699856,2780.1868646812827,2786.3316788238635,2112774
2025-10-07,2855.173583984375,2884.745997894136,2837.699050349848,2875.624650921264,3062943
2025-10-08,2906.541015625,2921.711301932003,2849.70067174965,2856.421663900003,4121889
2025-10-09,2939.666015625,2943.794672125363,2899.628150625765,2913.070135429991,3211304
2025-10-10,2907.597412109375,2947.635277630445,2887.0502372807746,2928.4324419455565,8817365
2025-10-13,2887.33837890625,2914.5104387736105,2878.6971026918,2906.349233459963,2866865
2025-10-14,2842.307861328125,2906.5412549765147,2837.699133735008,2900.5884226064827,3611416
2025-10-15,2862.063720703125,2871.604481316868,2843.945686891503,2863.2201408860237,4282226
2025-10-16,2862.93115234375,2867.075207263124,2836.332545372744,2862.1601270799792,3251495
2025-10-17,2854.73974609375,2880.374867719902,2848.1863837329993,2862.2568312933195,4374683
2025-10-20,2905.81689453125,2913.333979311689,2870.4483153754104,2877.1943748710046,3133039
2025-10-21,2897.62548828125,2921.815026282457,2887.3137006926995,2921.1404673344027,310644
2025-10-23,2961.712890625,2985.613263353556,2925.958915568601,2944.1731825516827,5564758
2025-10-24,2952.075439453125,2977.9032558486515,2947.3532921577225,2968.2660284834456,2684318
2025-10-27,2972.988525390625,2981.9511949510156,2949.1846180560947,2955.256119066933,1946312
2025-10-28,2946.9677734375,2978.0960660621163,2929.9099274122086,2964.4112497423184,3470737
2025-10-29,2946.678955078125,2964.4113606511696,2935.596142774,2946.96788369373,2895420
2025-10-30,2925.187744140625,2952.653842834952,2922.778437237614,2938.487165302022,2241536
2025-10-31,2947.064208984375,2956.1231088421955,2915.357824198127,2924.898585437403,1868085
2025-11-03,2907.359130859375,2947.06446508497,2900.80576844531,2936.367047373489,2194877
2025-11-04,2881.72412109375,2919.405779977123,2868.039303195767,2910.0577150577624,2670720
2025-11-06,2901.6728515625,2914.2977142131544,2881.531139384038,2881.627605776501,2542721
2025-11-07,2883.265869140625,2895.023240036059,2853.1012989769483,2892.1320716871546,1830520
2025-11-10,2915.4541015625,2937.3305615709287,2883.4585523829414,2884.422275161144,1556656
2025-11-11,2936.46337890625,2944.847720230334,2908.5154176367123,2934.5359333014544,2806868
2025-11-12,3018.18701171875,3022.619995280987,2946.1969680097523,2948.991669923252,4460315
2025-11-13,2993.03369140625,3018.2831803470704,2989.4679642954256,3018.186949242595,1740435
2025-11-14,2993.322998046875,3000.1655239975616,2965.6642009169345,2977.9034333434784,2210794
2025-11-17,2989.66064453125,3010.187986001932,2974.6267109195564,2993.322838009285,2232853
2025-11-18,2975.108642578125,2992.3591859617445,2966.338671301208,2989.4680176661295,2548350
2025-11-19,3033.51025390625,3040.5454775036865,2971.639296317787,2984.6495543039355,3151053
2025-11-20,3030.715576171875,3049.7008686990343,3024.2586803244717,3033.79944214396,2700767
2025-11-21,3036.30517578125,3055.0013041600305,3021.463703354114,3030.715536432949,4177037
2025-11-24,3027.24609375,3063.578397230728,3017.4161679823073,3043.4366842823783,6703764
2025-11-25,3006.04443359375,3035.534448554938,3001.9968444557608,3031.197695489111,2737920
2025-11-26,3048.15869140625,3062.71099952004,3003.923909850209,3005.658657913636,2508527
2025-11-27,3022.81298828125,3064.6384631299097,3011.6337098367826,3064.6384631299097,2836233
2025-11-28,3023.68017578125,3033.12470593688,3011.6336412163846,3026.089482694223,1616690
2025-12-01,3019.72900390625,3039.581788202742,3008.935355329588,3024.0657566161144,1747647
2025-12-02,3021.94580078125,3029.9447477765,3007.2007935969305,3017.416350282513,2512003
2025-12-03,3064.638427734375,3095.3810901757683,3025.125793917674,3026.089516693691,3952112
2025-12-04,3112.0537109375,3132.0991928283806,3071.7700496468055,3078.130714428876,5025905
2025-12-05,3120.727294921875,3152.9157793761647,3105.5004267906515,3112.824814585589,5244013
2025-12-08,3119.0888671875,3141.6398867746047,3092.2010949656524,3125.353065437683,2544725
2025-12-09,3091.911865234375,3116.390329915732,3065.794883587669,3112.824602659864,2734893
2025-12-10,3073.504638671875,3108.005961204973,3062.8074569989867,3108.005961204973,1386849
2025-12-11,3076.10693359375,3092.0083609433445,3038.714674477584,3088.73179730002,1914362
2025-12-12,3103.669189453125,3106.078496384854,3070.131589906683,3081.696263178982,1146554
2025-12-15,3113.017333984375,3120.727116365754,3081.31094805451,3094.610369719165,1562190
2025-12-16,3088.827880859375,3103.187255724176,3075.3357623562265,3103.187255724176,1734623
2025-12-17,3101.067138671875,3119.474102184826,3084.394687896739,3084.394687896739,1376350
2025-12-18,3161.78173828125,3168.5277977297296,3104.1510690788923,3110.897128527372,2307422
2025-12-19,3162.938232421875,3197.5357868591873,3159.854366515901,3179.3215200364916,3902511
2025-12-22,3204.281982421875,3207.8479451634685,3171.6118722000997,3189.9226061933546,2632816
2025-12-23,3189.922607421875,3199.463369445318,3174.0211805268714,3199.463369445318,2365420
2025-12-24,3198.595947265625,3206.4021959958864,3176.5267894381177,3184.236571775606,1367708
2025-12-26,3161.010986328125,3199.559900795541,3153.108505919085,3192.9103071634727,1176664
2025-12-29,3133.544677734375,3168.7205598617948,3125.2565675579217,3161.010777477703,2079473
2025-12-30,3129.01513671875,3148.9641510011397,3121.9799134409154,3132.099002526,2807593
2025-12-31,3089.887939453125,3128.2441532690227,3082.4673210816295,3122.461816571668,3362634
2026-01-01,3110.31884765625,3116.775978595714,3082.1781891606697,3098.368779137981,1255735
2026-01-02,3132.7734375,3136.242933448354,3102.7053353217875,3116.679314934201,1184324
2026-01-05,3099.428955078125,3129.207895137578,3075.2394189664337,3122.94369701057,2341703
2026-01-06,3137.688720703125,3144.8201752673103,3088.7315556964636,3093.550169667909,2912325
2026-01-07,3176.044921875,3180.8635358265738,3106.271250685878,3125.2565425983025,1989442
2026-01-08,3087.671630859375,3167.6606296336045,3066.566193971062,3167.6606296336045,4159336
2026-01-09,3091.43017578125,3112.5356118812538,3075.239584998998,3075.239584998998,1938673
2026-01-12,3122.076416015625,3134.026484388671,3059.145271347969,3086.804068110982,2228342
2026-01-13,3149.4462890625,3161.0109633185434,3094.0322249189585,3127.2806634050835,5645341
2026-01-14,3076.68505859375,3141.7363480080267,3067.529691935444,3141.7363480080267,3539511
2026-01-15,3076.68505859375,3076.68505859375,3076.68505859375,3076.68505859375,0
2026-01-16,3146.54931640625,3161.464149941515,3111.519017760894,3159.0110444402844,4293470
2026-01-19,3104.258056640625,3159.600023336744,3092.973770842994,3128.2002715520307,3387562
2026-01-20,3044.10791015625,3100.7255406282875,3033.118044759914,3092.4832014713097,4499273
2026-01-21,3064.027099609375,3079.6287553253787,3024.188569033875,3041.8509292683366,2015150
2026-01-22,3091.305419921875,3100.7254411371077,3063.7326570458863,3090.9130188550284,2269827
2026-01-23,3103.178466796875,3134.578217290946,3092.875423666008,3130.457047950816,2068857
2026-01-27,3098.762939453125,3115.4440572399217,3071.2881572160486,3115.4440572399217,4279874
2026-01-28,3140.073486328125,3145.0776781720924,3111.1268393421374,3116.425451779539,2751234
2026-01-29,3085.41796875,3140.07335254898,3066.9708064954257,3140.07335254898,2457641
2026-01-30,3065.302734375,3082.082073579965,3034.001200735196,3082.082073579965,3022068
2026-02-02,3110.1455078125,3138.0126916764966,3075.2131881532646,3138.0126916764966,2636272
2026-02-03,3164.80078125,3287.1616459496977,3126.532332237451,3287.1616459496977,4366060
2026-02-04,2942.84375,3061.475843095512,2929.9893806035893,3061.475843095512,10852595
2026-02-05,2935.38623046875,2972.869637012123,2916.5464269268496,2933.9143670738968,3521545
2026-02-06,2886.422119140625,2929.0079343210614,2861.302223276454,2920.765595757455,4687389
2026-02-09,2892.8984375,2921.15826303242,2882.3991930324937,2903.5941220720847,2380318
2026-02-10,2928.61572265625,2955.109263473934,2888.2865702537815,2894.468444356794,3547763
2026-02-11,2855.21875,2941.76426862986,2849.723697569715,2924.1019081110685,3363513
2026-02-12,2698.514404296875,2825.977676593803,2688.603761759382,2815.9690535680857,10612156
2026-02-13,2641.700439453125,2662.110326952746,2536.5113141072056,2536.5113141072056,11168735
2026-02-16,2655.830322265625,2668.7826718221954,2620.898002964758,2649.3540277067937,2918730
2026-02-17,2666.427490234375,2708.228504276998,2644.6439610469733,2665.0538469624375,4209118
2026-02-18,2644.349609375,2678.7913077273606,2607.4550449905755,2678.7913077273606,2950820
2026-02-19,2627.66845703125,2697.140454434555,2616.5806115438327,2657.2039438116426,3238849
2026-02-20,2635.81298828125,2651.905505554349,2597.838959616639,2616.973184248376,2293482
2026-02-23,2626.0986328125,2653.2789947204583,2610.3005370564806,2635.616634548502,4699596
2026-02-24,2525.423095703125,2597.8388206557183,2513.255787797201,2591.460746119642,7798833
2026-02-25,2579.980224609375,2604.4130601353972,2546.3235684513456,2547.3048106742554,3621285
2026-02-26,2598.03515625,2620.8981494569975,2585.573427113137,2600.292061423079,3464267
2026-02-27,2587.92822265625,2638.168017666852,2576.8403768444346,2631.299321894741,5083717
2026-03-02,2564.4765625,2574.5834053591284,2531.8993684474203,2543.37985460111,3374385
2026-03-04,2539.2587890625,2585.5733762002424,2531.997452542583,2575.7609535201655,3446434
2026-03-05,2530.427490234375,2560.551578540278,2498.6350985020495,2551.229777430436,2960636
2026-03-06,2509.625244140625,2570.069622274581,2505.7002751879877,2523.7550365456814,3998643
2026-03-09,2479.99169921875,2511.9802941008847,2458.0119674698108,2482.54302502939,3653428
2026-03-10,2465.9599609375,2497.45769299971,2443.39138949283,2493.3365235176843,4323710
2026-03-11,2418.6640625,2473.711851651557,2413.954291083466,2461.053921737681,2720664
2026-03-12,2396.5859375,2426.513825649523,2390.3060830242093,2413.6596961153996,2752075
2026-03-13,2365.284423828125,2400.0203033629555,2352.0376535639975,2391.287343235487,2466488
2026-03-16,2364.0087890625,2379.5124645789865,2321.7173916761253,2364.793830777467,3807907
2026-03-17,2346.837158203125,2374.6063631722786,2315.7318252423875,2374.6063631722786,2993367
2026-03-18,2395.01611328125,2436.326267951688,2364.793804301608,2364.793804301608,3082388
2026-03-19,2311.806640625,2378.5311107279285,2306.115387909886,2371.6624152761565,2757060
2026-03-20,2345.7578125,2362.6351312433567,2319.8528734315287,2341.2440023374425,4206320
2026-03-23,2339.085205078125,2361.6537756859007,2303.956686393805,2320.6378037995523,3860515
2026-03-24,2353.803955078125,2389.7172776589064,2334.47353068287,2359.0045869106293,3420182
2026-03-25,2332.80517578125,2376.1762738846405,2325.3478785890734,2355.864368126978,5843778
2026-03-27,2344.97265625,2376.6668272056972,2340.262645780238,2358.8080275261386,4979411
2026-03-30,2314.652099609375,2353.0187649541185,2302.1903717438945,2330.5484146912077,6804756
2026-04-01,2363.02734375,2425.6306420517385,2352.9205014959025,2383.437228779803,4132661
2026-04-02,2404.730224609375,2423.570027038862,2331.1370592120925,2341.24390183887,5378361
2026-04-06,2427.4951171875,2435.4432752720936,2402.2772391631793,2427.593337237373,2572417
2026-04-07,2492.1591796875,2496.182129281132,2402.0810908677395,2414.837240451596,4516550
2026-04-08,2511.195068359375,2531.899375247164,2492.453485493659,2523.755016821873,4769337
2026-04-09,2540.436279296875,2556.136155878084,2483.622446743067,2506.0927992754805,5628261
2026-04-10,2476.94970703125,2517.671257898199,2454.1849361455575,2517.671257898199,10480239
2026-04-13,2426.2197265625,2457.9136601554055,2423.6684008424363,2443.195026142192,3739587
2026-04-15,2506.975830078125,2510.9990192902537,2446.629429262826,2454.9699887251027,5261384
2026-04-16,2528.56298828125,2545.3423261167095,2510.0176060935014,2523.754997213638,3905403
2026-04-17,2533.07666015625,2540.435976426315,2507.9567647966655,2521.7923752088177,2718206
2026-04-20,2531.212646484375,2545.3424392975157,2513.15764504414,2538.571963483115,2288558
2026-04-21,2561.532958984375,2564.9673069470045,2511.9802240950007,2511.9802240950007,2719959
2026-04-22,2490.883544921875,2531.6050998221144,2456.6382849386455,2531.6050998221144,5232045
2026-04-23,2474.496826171875,2511.4896121641627,2469.0999936393873,2481.5617226658205,2509050
2026-04-24,2351.939453125,2458.0118361710306,2343.991534636913,2441.3307179215667,5107719
2026-04-27,2401.6884765625,2412.874541687738,2351.9393059532576,2351.9393059532576,5853425
2026-04-28,2398.8427734375,2440.349366669426,2381.867235359066,2398.155951805419,4508363
2026-04-29,2428.280029296875,2441.2323784506298,2401.688509360205,2405.024637022461,2835961
2026-04-30,2427.4951171875,2444.2744555611544,2392.26861608113,2432.4995485090735,3970446
2026-05-01,2427.4951171875,2427.4951171875,2427.4951171875,2427.4951171875,0
2026-05-04,2385.6943359375,2451.4375668418284,2379.512461835769,2447.2181772447047,2632358
2026-05-05,2381.76953125,2414.248508305356,2366.9526763935437,2384.418837601779,3385720
2026-05-06,2389.71728515625,2424.6496051586114,2361.3594798924314,2396.0953597954776,3147628
2026-05-07,2356.35498046875,2393.9366055534624,2353.018852732181,2392.4647422177254,5829594
2026-05-08,2349.486083984375,2361.8498307717123,2330.5483023329007,2353.018651512491,3792199
2026-05-11,2348.014404296875,2369.699953108347,2326.5252955775945,2326.5252955775945,1975188
2026-05-12,2257.151611328125,2330.450360002076,2240.176072372522,2330.450360002076,6347884
2026-05-13,2230.167236328125,2265.8843552424923,2226.4384681959255,2262.7444282326155,3171843
2026-05-14,2203.8701171875,2222.513720137884,2165.012827845418,2222.513720137884,5633313
2026-05-15,2221.532470703125,2261.665183205434,2209.7575636145925,2209.7575636145925,3410637
2026-05-18,2240.3720703125,2249.8900714309348,2209.953563101145,2221.5322685970373,3773336
2026-05-19,2283.448974609375,2333.0017090765828,2254.0117066090534,2256.857213357978,10394707
2026-05-20,2283.7431640625,2298.0693970332622,2274.3233820043192,2280.308816116464,2537422
2026-05-21,2283.546875,2292.0836345084317,2270.594525446405,2287.275643394801,3299087
2026-05-22,2273.83251953125,2296.1066687906364,2264.805139514887,2287.373709336333,2617262
2026-05-25,2295.61328125,2313.415817804508,2280.496215777924,2312.3217190072714,3298364
2026-05-26,2263.78759765625,2315.205623652634,2260.008270887014,2295.613098349941,3587597
2026-05-27,2271.744140625,2283.0821217701528,2248.571147658945,2262.5943570616037,2653950
2026-05-28,2271.744140625,2271.744140625,2271.744140625,2271.744140625,0
2026-05-29,2246.58203125,2321.2726050840133,2222.81245602518,2278.507085795833,16331582
2026-06-01,2284.8720703125,2322.267132829976,2267.5670504720965,2271.5452382799426,7505095
2026-06-02,2433.556884765625,2443.9996279549005,2303.569644295269,2307.34897134468,11306127
2026-06-03,2229.475830078125,2379.9508308808004,2212.6680838914085,2379.9508308808004,15660062
2026-06-04,2228.77978515625,2240.8139007540485,2204.5129359355733,2229.4759194813155,4867263
2026-06-05,2186.9091796875,2259.4117976453776,2180.0469028924485,2250.560184151513,5019717
2026-06-08,2139.668212890625,2165.128711955583,2131.6125282744956,2158.1668832997775,6536734
2026-06-09,2139.2705078125,2162.145087858845,2121.169801728995,2162.145087858845,4148655
2026-06-10,2142.154541015625,2168.907999188303,2133.1043096144995,2139.568864676436,2848650
2026-06-11,2123.95458984375,2142.8509821277357,2098.494090484758,2115.4013888441136,3079815
2026-06-12,2149.61376953125,2156.177876796519,2126.3414670622496,2138.276030955957,2124656
2026-06-15,2150.21044921875,2180.046856932239,2147.525221086398,2180.046856932239,3337083
2026-06-16,2187.0087890625,2196.954258771743,2148.818282502735,2155.183285992923,3079898
2026-06-17,2210.8779296875,2218.8343055028395,2188.6994835403766,2196.9542720106556,2865010
2026-06-18,2191.285400390625,2201.927004470057,2170.101501243751,2196.9542695909468,3735188
2026-06-19,2113.412353515625,2126.341464384191,2048.6672473500757,2093.521413717831,13286502
2026-06-22,2116.197021484375,2145.237743488044,2109.434053749718,2120.5729308842238,4566101
2026-06-23,2048.368896484375,2102.4721508294924,2043.7938836114508,2099.4885101234904,6392736
2026-06-24,2097.49951171875,2109.1356624395376,2049.7612582514666,2049.7612582514666,4747277
2026-06-25,2083.27734375,2136.78401555451,2076.61392807904,2121.965363861958,4738903
2026-06-26,2083.27734375,2083.27734375,2083.27734375,2083.27734375,0
2026-06-29,2086.4599609375,2093.521341445675,2059.706744956766,2078.6031371123327,3412470
2026-06-30,2020.422119140625,2092.8251853118586,2007.791421498655,2078.60311543387,6848411
2026-07-01,1971.788818359375,2040.8104030555382,1966.0205187179013,2028.776408877907,4658295
2026-07-02,2056.82275390625,2065.5745732846704,1991.580373389582,1997.0503819057583,6040621
2026-07-03,2082.083984375,2105.0581154318793,2073.6303355251375,2088.5485393778363,4028819
2026-07-06,2046.3798828125,2081.5867473982344,2039.4180542258837,2078.6031065753987,2567386
2026-07-07,2084.669921875,2111.124724588052,2037.8266642409067,2038.8212111731864,4769048
2026-07-08,2046.2803955078125,2098.1956989000228,2037.6278854106638,2082.5813599967723,3666985
2026-07-09,2038.323974609375,2053.7394523387943,2005.006651774823,2046.280350211656,3791498
2026-07-10,2057.717529296875,2121.666943317309,2053.341620075063,2093.7200783959847,6714551
2026-07-13,2169.604248046875,2192.8765503750355,2053.8390761022306,2063.684994131224,12382622
2026-07-14,2188.60009765625,2215.850586742918,2167.1177865856457,2170.996422535663,9546290
2026-07-15,2189.199951171875,2202.89990234375,2145.39990234375,2174.10009765625,5426489
2026-07-16,2201.0,2231.39990234375,2187.800048828125,2206.0,5197595
2026-07-17,2269.0,2275.0,2215.10009765625,2224.800048828125,5615138
2026-07-20,2251.10009765625,2283.39990234375,2245.10009765625,2280.10009765625,2202693
2026-07-21,2221.10009765625,2259.89990234375,2218.5,2245.10009765625,2382160
2026-07-22,2208.300048828125,2226.800048828125,2201.0,2216.0,1599665
2026-07-23,2242.89990234375,2250.0,2193.60009765625,2204.0,2503539
2026-07-24,2254.300048828125,2264.300048828125,2205.10009765625,2205.10009765625,3211699
2026-07-27,2295.60009765625,2315.0,2272.39990234375,2286.0,4007292
2026-07-28,2398.0,2417.39990234375,2323.0,2325.0,8248513
2026-07-29,2446.60009765625,2475.5,2415.10009765625,2440.0,7169419
2026-07-30,2431.800048828125,2495.0,2423.0,2440.0,4901582
2026-07-31,2365.60009765625,2391.0,2326.10009765625,2385.0,4343683
2026-08-03,2473.699951171875,2473.699951171875,2383.0,2383.89990234375,3036839
2026-08-04,2460.0,2467.39990234375,2435.10009765625,2463.10009765625,2792792
2026-08-05,2413.0,2460.89990234375,2408.0,2460.0,3014409
2026-08-06,2373.0,2434.5,2368.5,2417.0,2729141
2026-08-07,2452.699951171875,2457.699951171875,2375.0,2375.0,4547979
2026-08-10,2425.699951171875,2472.89990234375,2423.5,2452.699951171875,2322023
2026-08-11,2445.699951171875,2456.60009765625,2428.0,2438.0,1514105
2026-08-12,2349.699951171875,2445.800048828125,2300.10009765625,2445.699951171875,7022647
2026-08-13,2375.0,2375.0,2332.300048828125,2349.699951171875,2123494
2026-08-14,2361.0,2390.0,2333.39990234375,2375.10009765625,2231713
