transaction_id,date,product,category,region,customer_type,quantity,unit_price,discount,revenue,cost,profit,payment_method,salesperson
TX00001,2026-07-14,Gaming Mouse 8K,Electronics,North,New,2,3200,0,6400.0,3520.0,2880.0,UPI,Priya Patel
TX00002,2026-07-02,Pro Runner Shoes,Footwear,North,New,2,6500,5,12350.0,6240.0,6110.0,UPI,Neha Singh
TX00003,2026-07-17,Smart Blender 1200W,Home Appliances,North,Returning,1,6800,10,6120.0,3944.0,2176.0,UPI,Siddharth Rao
TX00004,2026-04-29,Running Jacket Pro,Clothing,North,Returning,6,4800,0,28800.0,12960.0,15840.0,UPI,Ananya Roy
TX00005,2026-04-30,Mesh Task Chair,Furniture,West,Returning,2,7500,15,12750.0,9000.0,3750.0,UPI,Vikas Verma
TX00006,2026-07-11,Air Purifier Pro,Home Appliances,East,Returning,1,16500,8,15180.0,10890.0,4290.0,Card,Priya Patel
TX00007,2026-04-01,Mechanical RGB Keyboard,Electronics,South,Returning,6,6200,0,37200.0,21576.0,15624.0,UPI,Vikas Verma
TX00008,2026-07-30,Wireless Earbuds,Electronics,East,New,2,4500,0,9000.0,5400.0,3600.0,UPI,Neha Singh
TX00009,2026-07-26,Windbreaker Hooded,Clothing,West,Returning,4,3800,10,13680.0,6992.0,6688.0,Cash,Siddharth Rao
TX00010,2026-04-10,Wireless Earbuds,Electronics,North,Returning,6,4500,0,27000.0,16200.0,10800.0,Card,Kavita Reddy
TX00011,2026-03-09,Mesh Task Chair,Furniture,North,Returning,5,7500,8,34500.0,22500.0,12000.0,UPI,Siddharth Rao
TX00012,2026-05-04,Bookshelf Wooden,Furniture,Central,New,4,8900,0,35600.0,20648.0,14952.0,UPI,Priya Patel
TX00013,2026-03-12,Portable SSD 2TB,Electronics,West,Returning,2,12500,5,23750.0,17500.0,6250.0,Card,Kavita Reddy
TX00014,2026-06-16,Mesh Task Chair,Furniture,Central,Returning,1,7500,8,6900.0,4500.0,2400.0,UPI,Vikas Verma
TX00015,2026-07-15,Formal Suit Blazer,Clothing,North,Returning,8,11500,0,92000.0,50600.0,41400.0,Card,Vikas Verma
TX00016,2026-06-09,Ergonomic Office Chair,Furniture,East,New,3,14500,10,39150.0,26970.0,12180.0,Card,Neha Singh
TX00017,2026-03-12,Air Purifier Pro,Home Appliances,West,Returning,1,16500,5,15675.0,10890.0,4785.0,Card,Priya Patel
TX00018,2026-05-04,Cotton Polo Shirt,Clothing,North,New,1,1600,0,1600.0,640.0,960.0,Card,Priya Patel
TX00019,2026-06-17,Noise Cancelling Headphones,Electronics,North,Returning,3,14500,0,43500.0,28275.0,15225.0,Cash,Siddharth Rao
TX00020,2026-03-27,Executive Desk,Furniture,West,New,3,28000,5,79800.0,54600.0,25200.0,Card,Priya Patel
TX00021,2026-04-05,Bookshelf Wooden,Furniture,North,New,2,8900,5,16910.0,10324.0,6586.0,UPI,Rahul Sharma
TX00022,2026-03-31,Wireless Earbuds,Electronics,Central,Returning,2,4500,5,8550.0,5400.0,3150.0,UPI,Kavita Reddy
TX00023,2026-03-27,Noise Cancelling Headphones,Electronics,West,Returning,8,14500,0,116000.0,75400.0,40600.0,Card,Siddharth Rao
TX00024,2026-03-21,Mechanical RGB Keyboard,Electronics,North,Returning,7,6200,5,41230.0,25172.0,16058.0,Cash,Rahul Sharma
TX00025,2026-07-23,Mechanical RGB Keyboard,Electronics,North,Returning,2,6200,0,12400.0,7192.0,5208.0,UPI,Kavita Reddy
TX00026,2026-03-08,Pro Runner Shoes,Footwear,North,Returning,2,6500,5,12350.0,6240.0,6110.0,Cash,Priya Patel
TX00027,2026-02-13,Laptop Pro 15,Electronics,Central,Returning,4,68000,0,272000.0,212160.0,59840.0,Card,Neha Singh
TX00028,2026-05-14,Tablet Pro 11,Electronics,North,New,4,38000,0,152000.0,114000.0,38000.0,Card,Kavita Reddy
TX00029,2026-04-15,Pro Runner Shoes,Footwear,West,Returning,8,6500,0,52000.0,24960.0,27040.0,UPI,Rahul Sharma
TX00030,2026-06-29,Tablet Pro 11,Electronics,West,New,4,38000,5,144400.0,114000.0,30400.0,Cash,Amit Kumar
TX00031,2026-02-15,Laptop Sleeve 15,Accessories,North,New,1,1100,8,1012.0,385.0,627.0,UPI,Priya Patel
TX00032,2026-06-26,Monitor Arm Dual Mount,Furniture,East,New,1,4200,5,3990.0,2100.0,1890.0,Card,Ananya Roy
TX00033,2026-04-08,Standing Desk Dual Engine,Furniture,West,New,3,34000,5,96900.0,69360.0,27540.0,Card,Vikas Verma
TX00034,2026-05-29,Windbreaker Hooded,Clothing,Central,Returning,1,3800,5,3610.0,1748.0,1862.0,Net Banking,Priya Patel
TX00035,2026-02-19,Standing Desk Dual Engine,Furniture,East,New,3,34000,12,89760.0,69360.0,20400.0,Cash,Ananya Roy
TX00036,2026-04-14,Portable SSD 2TB,Electronics,South,Returning,5,12500,8,57500.0,43750.0,13750.0,Net Banking,Rahul Sharma
TX00037,2026-07-21,Cotton Polo Shirt,Clothing,Central,New,2,1600,0,3200.0,1280.0,1920.0,Cash,Amit Kumar
TX00038,2026-04-11,Denim Pants Premium,Clothing,East,Returning,4,2900,8,10672.0,4872.0,5800.0,Cash,Kavita Reddy
TX00039,2026-04-06,Tablet Pro 11,Electronics,North,Returning,5,38000,0,190000.0,142500.0,47500.0,UPI,Amit Kumar
TX00040,2026-07-14,Mesh Task Chair,Furniture,North,Returning,7,7500,5,49875.0,31500.0,18375.0,UPI,Amit Kumar
TX00041,2026-06-20,Monitor 27 Ultra,Electronics,West,Returning,3,24000,5,68400.0,50400.0,18000.0,UPI,Ananya Roy
TX00042,2026-02-11,Coffee Maker Deluxe,Home Appliances,North,New,1,12800,5,12160.0,8192.0,3968.0,Card,Siddharth Rao
TX00043,2026-07-09,4K Streaming WebCam,Electronics,Central,New,2,7800,15,13260.0,9672.0,3588.0,Cash,Siddharth Rao
TX00044,2026-02-07,Ergonomic Office Chair,Furniture,West,New,4,14500,10,52200.0,35960.0,16240.0,Cash,Neha Singh
TX00045,2026-04-10,Portable SSD 2TB,Electronics,West,New,1,12500,10,11250.0,8750.0,2500.0,UPI,Kavita Reddy
TX00046,2026-05-01,Cotton Polo Shirt,Clothing,West,Returning,4,1600,,6400.0,2560.0,3840.0,UPI,Ananya Roy
TX00047,2026-04-13,Wireless Earbuds,Electronics,Central,New,4,4500,8,16560.0,10800.0,5760.0,Cash,Ananya Roy
TX00048,2026-02-08,Gaming Mouse 8K,Electronics,West,New,3,3200,0,9600.0,5280.0,4320.0,Card,Ananya Roy
TX00049,2026-04-22,Pro Runner Shoes,Footwear,East,Returning,7,6500,12,40040.0,21840.0,18200.0,UPI,Rahul Sharma
TX00050,2026-05-23,Laptop Pro 15,Electronics,East,Returning,4,68000,5,258400.0,212160.0,46240.0,UPI,Ananya Roy
TX00051,2026-07-10,Windbreaker Hooded,Clothing,West,New,3,3800,5,10830.0,5244.0,5586.0,Card,Ananya Roy
TX00052,2026-05-15,Denim Pants Premium,Clothing,East,New,4,2900,8,10672.0,4872.0,5800.0,Net Banking,Vikas Verma
TX00053,2026-05-15,Laptop Pro 15,Electronics,South,New,3,68000,5,193800.0,159120.0,34680.0,UPI,Neha Singh
TX00054,2026-06-11,Travel Backpack 30L,Accessories,West,Returning,3,3500,8,9660.0,4725.0,4935.0,UPI,Ananya Roy
TX00055,2026-02-24,Monitor Arm Dual Mount,Furniture,West,New,2,4200,0,8400.0,4200.0,4200.0,UPI,Kavita Reddy
TX00056,2026-07-07,Wireless Earbuds,Electronics,South,Returning,4,4500,8,16560.0,10800.0,5760.0,UPI,Siddharth Rao
TX00057,2026-04-04,4K Streaming WebCam,Electronics,West,New,1,7800,10,7020.0,4836.0,2184.0,UPI,Kavita Reddy
TX00058,2026-02-13,Monitor Arm Dual Mount,Furniture,Central,New,2,4200,10,7560.0,4200.0,3360.0,Card,Ananya Roy
TX00059,2026-05-25,Laptop Sleeve 15,Accessories,South,Returning,8,1100,12,7744.0,3080.0,4664.0,Card,Kavita Reddy
TX00060,2026-05-27,Mesh Task Chair,Furniture,West,Returning,5,7500,10,33750.0,22500.0,11250.0,Card,Neha Singh
TX00061,2026-04-12,Casual Leather Loafers,Footwear,North,New,3,4200,0,12600.0,6300.0,6300.0,Cash,Priya Patel
TX00062,2026-03-08,4K Streaming WebCam,Electronics,North,Returning,4,7800,0,31200.0,19344.0,11856.0,UPI,Kavita Reddy
TX00063,2026-05-18,Tablet Pro 11,Electronics,North,Returning,1,38000,10,34200.0,28500.0,5700.0,Card,Siddharth Rao
TX00064,2026-06-03,Laptop Pro 15,Electronics,Central,New,4,68000,10,244800.0,212160.0,32640.0,Net Banking,Siddharth Rao
TX00065,2026-06-18,Bookshelf Wooden,Furniture,East,New,4,8900,0,35600.0,20648.0,14952.0,UPI,Siddharth Rao
TX00066,2026-03-15,Trail Hiking Boots,Footwear,Central,Returning,1,8400,12,7392.0,4368.0,3024.0,Card,Rahul Sharma
TX00067,2026-02-22,Pro Runner Shoes,Footwear,North,Returning,1,6500,0,6500.0,3120.0,3380.0,UPI,Kavita Reddy
TX00068,2026-04-25,Formal Suit Blazer,Clothing,West,New,4,11500,0,46000.0,25300.0,20700.0,UPI,Rahul Sharma
TX00069,2026-06-19,Tablet Pro 11,Electronics,Central,New,1,38000,10,34200.0,28500.0,5700.0,Card,Rahul Sharma
TX00070,2026-04-05,Executive Desk,Furniture,West,Returning,4,28000,0,112000.0,72800.0,39200.0,Card,Neha Singh
TX00071,2026-05-31,Mesh Task Chair,Furniture,West,New,1,7500,10,6750.0,4500.0,2250.0,UPI,Vikas Verma
TX00072,2026-02-28,Smartphone X,Electronics,Central,Returning,7,42000,5,279300.0,211680.0,67620.0,Card,Priya Patel
TX00073,2026-07-02,Monitor Arm Dual Mount,Furniture,North,Returning,2,4200,10,7560.0,4200.0,3360.0,Card,Rahul Sharma
TX00074,2026-04-30,Pro Runner Shoes,Footwear,West,New,3,6500,0,19500.0,9360.0,10140.0,UPI,Kavita Reddy
TX00075,2026-02-28,Pro Runner Shoes,Footwear,Central,Returning,8,6500,8,47840.0,24960.0,22880.0,UPI,Vikas Verma
TX00076,2026-07-08,Travel Backpack 30L,Accessories,South,Returning,5,3500,0,17500.0,7875.0,9625.0,UPI,Priya Patel
TX00077,2026-04-13,Casual Leather Loafers,Footwear,North,Returning,7,4200,0,29400.0,14700.0,14700.0,Card,Ananya Roy
TX00078,2026-03-19,Leather Slim Wallet,Accessories,North,Returning,6,1400,0,8400.0,3192.0,5208.0,Card,Vikas Verma
TX00079,2026-06-23,Laptop Pro 15,Electronics,East,New,2,68000,8,125120.0,106080.0,19040.0,Card,Neha Singh
TX00080,2026-07-27,Travel Backpack 30L,Accessories,East,Returning,1,3500,0,3500.0,1575.0,1925.0,UPI,Neha Singh
TX00081,2026-04-20,Air Purifier Pro,Home Appliances,East,Returning,7,16500,20,92400.0,76230.0,16170.0,Card,Ananya Roy
TX00082,2026-07-30,Trail Hiking Boots,Footwear,South,New,1,8400,8,7728.0,4368.0,3360.0,UPI,Amit Kumar
TX00083,2026-03-22,Standing Desk Dual Engine,Furniture,West,New,3,34000,20,81600.0,69360.0,12240.0,Cash,Vikas Verma
TX00084,2026-03-31,Air Purifier Pro,Home Appliances,North,New,2,16500,0,33000.0,21780.0,11220.0,Net Banking,Vikas Verma
TX00085,2026-07-29,Noise Cancelling Headphones,Electronics,East,Returning,2,14500,12,25520.0,18850.0,6670.0,Card,Kavita Reddy
TX00086,2026-06-03,Casual Leather Loafers,Footwear,South,Returning,5,4200,12,18480.0,10500.0,7980.0,Card,Priya Patel
TX00087,2026-05-14,Leather Slim Wallet,Accessories,North,Returning,1,1400,0,1400.0,532.0,868.0,Cash,Vikas Verma
TX00088,2026-02-22,Monitor Arm Dual Mount,Furniture,North,Returning,4,4200,10,15120.0,8400.0,6720.0,UPI,Kavita Reddy
TX00089,2026-04-18,Pro Runner Shoes,Footwear,South,Returning,2,6500,12,11440.0,6240.0,5200.0,UPI,Neha Singh
TX00090,2026-04-09,Smart Watch Series 7,Electronics,North,New,1,18500,0,18500.0,12580.0,5920.0,UPI,Kavita Reddy
TX00091,2026-04-16,Monitor 27 Ultra,Electronics,North,Returning,8,24000,0,192000.0,134400.0,57600.0,UPI,Vikas Verma
TX00092,2026-07-11,Executive Desk,Furniture,South,Returning,3,28000,12,73920.0,54600.0,19320.0,Cash,Priya Patel
TX00093,2026-02-16,Portable SSD 2TB,Electronics,West,Returning,5,12500,5,59375.0,43750.0,15625.0,Card,Vikas Verma
TX00094,2026-07-30,Electric Kettle Stainless,Home Appliances,Central,Returning,8,2400,5,18240.0,9984.0,8256.0,Card,Siddharth Rao
TX00095,2026-04-24,Mesh Task Chair,Furniture,North,New,1,7500,20,6000.0,4500.0,1500.0,Card,Vikas Verma
TX00096,2026-06-28,Monitor 27 Ultra,Electronics,West,New,4,24000,12,84480.0,67200.0,17280.0,UPI,Siddharth Rao
TX00097,2026-07-13,Leather Slim Wallet,Accessories,Central,Returning,7,1400,0,9800.0,3724.0,6076.0,Card,Amit Kumar
TX00098,2026-04-26,Smart Blender 1200W,Home Appliances,West,New,4,6800,10,24480.0,15776.0,8704.0,Card,Kavita Reddy
TX00099,2026-02-23,Windbreaker Hooded,Clothing,South,New,4,3800,10,13680.0,6992.0,6688.0,Cash,Rahul Sharma
TX00100,2026-07-19,Trail Hiking Boots,Footwear,South,New,3,8400,8,23184.0,13104.0,10080.0,Card,Kavita Reddy
TX00101,2026-02-14,Standing Desk Dual Engine,Furniture,South,New,3,34000,5,96900.0,69360.0,27540.0,Card,Priya Patel
TX00102,2026-02-08,Monitor Arm Dual Mount,Furniture,West,New,1,4200,5,3990.0,2100.0,1890.0,UPI,Priya Patel
TX00103,2026-05-30,Gaming Mouse 8K,Electronics,East,New,3,3200,5,9120.0,5280.0,3840.0,UPI,Kavita Reddy
TX00104,2026-06-01,Monitor Arm Dual Mount,Furniture,South,New,2,4200,12,7392.0,4200.0,3192.0,Card,Amit Kumar
TX00105,2026-02-18,Running Jacket Pro,Clothing,West,Returning,6,4800,12,25344.0,12960.0,12384.0,Card,Rahul Sharma
TX00106,2026-04-14,Cotton Polo Shirt,Clothing,West,Returning,8,1600,10,11520.0,5120.0,6400.0,UPI,Kavita Reddy
TX00107,2026-04-30,Formal Suit Blazer,Clothing,East,Returning,8,11500,12,80960.0,50600.0,30360.0,Cash,Neha Singh
TX00108,2026-06-27,Robotic Vacuum X,Home Appliances,North,Returning,1,26000,0,26000.0,18200.0,7800.0,Card,Siddharth Rao
TX00109,2026-05-10,4K Streaming WebCam,Electronics,East,New,3,7800,10,21060.0,14508.0,6552.0,Cash,Kavita Reddy
TX00110,2026-02-26,MagSafe Power Bank,Accessories,Central,New,2,3200,5,6080.0,3328.0,2752.0,Card,Amit Kumar
TX00111,2026-02-20,Travel Backpack 30L,Accessories,West,New,4,3500,8,12880.0,6300.0,6580.0,Cash,Siddharth Rao
TX00112,2026-04-23,Leather Slim Wallet,Accessories,West,New,1,1400,0,1400.0,532.0,868.0,Card,Vikas Verma
TX00113,2026-03-31,Smart Watch Series 7,Electronics,South,New,1,18500,5,17575.0,12580.0,4995.0,Card,Rahul Sharma
TX00114,2026-02-12,Windbreaker Hooded,Clothing,West,New,3,3800,5,10830.0,5244.0,5586.0,UPI,Siddharth Rao
TX00115,2026-06-25,Ergonomic Office Chair,Furniture,North,New,4,14500,8,53360.0,35960.0,17400.0,UPI,Amit Kumar
TX00116,2026-04-01,Trail Hiking Boots,Footwear,East,Returning,1,8400,12,7392.0,4368.0,3024.0,Card,Vikas Verma
TX00117,2026-07-24,Portable SSD 2TB,Electronics,North,Returning,5,12500,8,57500.0,43750.0,13750.0,UPI,Vikas Verma
TX00118,2026-05-28,Cotton Polo Shirt,Clothing,North,New,4,1600,0,6400.0,2560.0,3840.0,UPI,Ananya Roy
TX00119,2026-06-28,Denim Pants Premium,Clothing,Central,New,4,2900,0,11600.0,4872.0,6728.0,Card,Rahul Sharma
TX00120,2026-07-06,Leather Slim Wallet,Accessories,West,Returning,4,1400,8,5152.0,2128.0,3024.0,UPI,Neha Singh
TX00121,2026-07-09,Mesh Task Chair,Furniture,West,Returning,3,7500,8,20700.0,13500.0,7200.0,Net Banking,Rahul Sharma
TX00122,2026-04-21,Casual Leather Loafers,Footwear,North,New,2,4200,0,8400.0,4200.0,4200.0,UPI,Siddharth Rao
TX00123,2026-03-17,Executive Desk,Furniture,North,Returning,6,28000,5,159600.0,109200.0,50400.0,Net Banking,Amit Kumar
TX00124,2026-04-07,Travel Backpack 30L,Accessories,Central,New,3,3500,10,9450.0,4725.0,4725.0,Card,Priya Patel
TX00125,2026-03-09,Bookshelf Wooden,Furniture,West,Returning,7,8900,15,52955.0,36134.0,16821.0,Cash,Ananya Roy
TX00126,2026-02-24,Electric Kettle Stainless,Home Appliances,North,Returning,8,2400,5,18240.0,9984.0,8256.0,Card,Vikas Verma
TX00127,2026-06-30,Robotic Vacuum X,Home Appliances,West,Returning,2,26000,8,47840.0,36400.0,11440.0,Card,Ananya Roy
TX00128,2026-07-07,Bookshelf Wooden,Furniture,East,Returning,8,8900,12,62656.0,41296.0,21360.0,UPI,Siddharth Rao
TX00129,2026-03-02,Noise Cancelling Headphones,Electronics,North,New,4,14500,,58000.0,37700.0,20300.0,UPI,Amit Kumar
TX00130,2026-05-11,Trail Hiking Boots,Footwear,South,Returning,7,8400,5,55860.0,30576.0,25284.0,Card,Siddharth Rao
TX00131,2026-07-18,Mechanical RGB Keyboard,Electronics,West,Returning,5,6200,0,31000.0,17980.0,13020.0,UPI,Kavita Reddy
TX00132,2026-05-25,Monitor Arm Dual Mount,Furniture,West,New,3,4200,5,11970.0,6300.0,5670.0,Net Banking,Ananya Roy
TX00133,2026-02-16,Electric Kettle Stainless,Home Appliances,South,Returning,8,2400,0,19200.0,9984.0,9216.0,UPI,Rahul Sharma
TX00134,2026-02-13,Formal Suit Blazer,Clothing,North,New,2,11500,0,23000.0,12650.0,10350.0,Card,Neha Singh
TX00135,2026-07-01,Standing Desk Dual Engine,Furniture,West,New,2,34000,10,61200.0,46240.0,14960.0,Card,Vikas Verma
TX00136,2026-03-10,Noise Cancelling Headphones,Electronics,East,Returning,2,14500,8,26680.0,18850.0,7830.0,UPI,Rahul Sharma
TX00137,2026-05-03,Monitor Arm Dual Mount,Furniture,East,New,3,4200,0,12600.0,6300.0,6300.0,Card,Priya Patel
TX00138,2026-02-17,Travel Backpack 30L,Accessories,South,New,1,3500,5,3325.0,1575.0,1750.0,UPI,Rahul Sharma
TX00139,2026-07-19,MagSafe Power Bank,Accessories,South,Returning,1,3200,0,3200.0,1664.0,1536.0,Card,Siddharth Rao
TX00140,2026-05-21,Mechanical RGB Keyboard,Electronics,East,Returning,2,6200,12,10912.0,7192.0,3720.0,UPI,Amit Kumar
TX00141,2026-02-17,Noise Cancelling Headphones,Electronics,South,Returning,6,14500,5,82650.0,56550.0,26100.0,Card,Vikas Verma
TX00142,2026-05-28,Laptop Sleeve 15,Accessories,East,New,1,1100,10,990.0,385.0,605.0,Card,Neha Singh
TX00143,2026-05-22,Casual Leather Loafers,Footwear,Central,New,4,4200,5,15960.0,8400.0,7560.0,Card,Ananya Roy
TX00144,2026-05-21,Windbreaker Hooded,Clothing,West,New,2,3800,8,6992.0,3496.0,3496.0,Card,Priya Patel
TX00145,2026-02-22,Smart Watch Series 7,Electronics,South,Returning,6,18500,10,99900.0,75480.0,24420.0,Card,Ananya Roy
TX00146,2026-07-22,Gaming Mouse 8K,Electronics,South,Returning,7,3200,10,20160.0,12320.0,7840.0,Card,Vikas Verma
TX00147,2026-07-04,Cotton Polo Shirt,Clothing,South,Returning,4,1600,0,6400.0,2560.0,3840.0,Card,Priya Patel
TX00148,2026-05-01,Air Purifier Pro,Home Appliances,North,New,2,16500,10,29700.0,21780.0,7920.0,Cash,Rahul Sharma
TX00149,2026-07-06,Running Jacket Pro,Clothing,North,New,3,4800,12,12672.0,6480.0,6192.0,UPI,Amit Kumar
TX00150,2026-03-09,Electric Kettle Stainless,Home Appliances,North,Returning,1,2400,0,2400.0,1248.0,1152.0,Card,Siddharth Rao
TX00151,2026-05-19,Trail Hiking Boots,Footwear,South,New,3,8400,10,22680.0,13104.0,9576.0,Card,Priya Patel
TX00152,2026-02-14,4K Streaming WebCam,Electronics,North,Returning,2,7800,0,15600.0,9672.0,5928.0,Card,Kavita Reddy
TX00153,2026-07-06,Casual Leather Loafers,Footwear,South,New,1,4200,0,4200.0,2100.0,2100.0,UPI,Kavita Reddy
TX00154,2026-06-15,Cotton Polo Shirt,Clothing,North,New,1,1600,0,1600.0,640.0,960.0,UPI,Neha Singh
TX00155,2026-03-08,Mesh Task Chair,Furniture,South,New,4,7500,8,27600.0,18000.0,9600.0,UPI,Siddharth Rao
TX00156,2026-06-17,Bookshelf Wooden,Furniture,East,Returning,6,8900,0,53400.0,30972.0,22428.0,Cash,Rahul Sharma
TX00157,2026-05-23,Smartphone X,Electronics,South,New,3,42000,5,119700.0,90720.0,28980.0,Card,Siddharth Rao
TX00158,2026-04-16,Gaming Mouse 8K,Electronics,South,Returning,3,3200,10,8640.0,5280.0,3360.0,Card,Ananya Roy
TX00159,2026-02-23,Pro Runner Shoes,Footwear,West,New,4,6500,5,24700.0,12480.0,12220.0,UPI,Vikas Verma
TX00160,2026-04-28,Bookshelf Wooden,Furniture,South,New,1,8900,5,8455.0,5162.0,3293.0,UPI,Ananya Roy
TX00161,2026-05-01,4K Streaming WebCam,Electronics,North,New,2,7800,0,15600.0,9672.0,5928.0,UPI,Priya Patel
TX00162,2026-03-18,Leather Slim Wallet,Accessories,South,Returning,8,1400,8,10304.0,4256.0,6048.0,Cash,Ananya Roy
TX00163,2026-07-11,Windbreaker Hooded,Clothing,North,New,4,3800,8,13984.0,6992.0,6992.0,Card,Rahul Sharma
TX00164,2026-05-02,Laptop Sleeve 15,Accessories,North,Returning,1,1100,0,1100.0,385.0,715.0,Cash,Priya Patel
TX00165,2026-07-16,Smart Watch Series 7,Electronics,East,Returning,8,18500,5,140600.0,100640.0,39960.0,Net Banking,Rahul Sharma
TX00166,2026-05-27,Executive Desk,Furniture,South,Returning,3,28000,15,71400.0,54600.0,16800.0,Card,Ananya Roy
TX00167,2026-02-22,Laptop Sleeve 15,Accessories,East,New,4,1100,20,3520.0,1540.0,1980.0,Card,Amit Kumar
TX00168,2026-05-05,Air Purifier Pro,Home Appliances,Central,New,3,16500,8,45540.0,32670.0,12870.0,UPI,Ananya Roy
TX00169,2026-02-17,Formal Suit Blazer,Clothing,North,Returning,5,11500,0,57500.0,31625.0,25875.0,Cash,Amit Kumar
TX00170,2026-04-27,Smart Watch Series 7,Electronics,East,New,3,18500,0,55500.0,37740.0,17760.0,Card,Siddharth Rao
TX00171,2026-03-06,Smart Watch Series 7,Electronics,South,New,3,18500,10,49950.0,37740.0,12210.0,Card,Priya Patel
TX00172,2026-07-16,Pro Runner Shoes,Footwear,East,New,3,6500,0,19500.0,9360.0,10140.0,UPI,Kavita Reddy
TX00173,2026-03-22,Bookshelf Wooden,Furniture,Central,New,3,8900,10,24030.0,15486.0,8544.0,UPI,Rahul Sharma
TX00174,2026-07-20,Formal Suit Blazer,Clothing,West,Returning,7,11500,0,80500.0,44275.0,36225.0,UPI,Amit Kumar
TX00175,2026-05-24,Monitor 27 Ultra,Electronics,South,Returning,4,24000,15,81600.0,67200.0,14400.0,Card,Kavita Reddy
TX00176,2026-04-01,Monitor Arm Dual Mount,Furniture,South,Returning,8,4200,12,29568.0,16800.0,12768.0,UPI,Kavita Reddy
TX00177,2026-05-30,Denim Pants Premium,Clothing,West,Returning,7,2900,15,17255.0,8526.0,8729.0,Cash,Amit Kumar
TX00178,2026-04-06,Tablet Pro 11,Electronics,East,Returning,2,38000,8,69920.0,57000.0,12920.0,Card,Priya Patel
TX00179,2026-04-14,Smart Watch Series 7,Electronics,West,New,2,18500,10,33300.0,25160.0,8140.0,UPI,Neha Singh
TX00180,2026-05-27,Coffee Maker Deluxe,Home Appliances,Central,New,4,12800,5,48640.0,32768.0,15872.0,UPI,Priya Patel
TX00181,2026-05-07,Bookshelf Wooden,Furniture,North,Returning,6,8900,10,48060.0,30972.0,17088.0,UPI,Vikas Verma
TX00182,2026-06-01,Noise Cancelling Headphones,Electronics,West,Returning,1,14500,12,12760.0,9425.0,3335.0,UPI,Neha Singh
TX00183,2026-03-11,MagSafe Power Bank,Accessories,South,Returning,4,3200,0,12800.0,6656.0,6144.0,UPI,Siddharth Rao
TX00184,2026-07-14,Trail Hiking Boots,Footwear,North,Returning,8,8400,5,63840.0,34944.0,28896.0,UPI,Neha Singh
TX00185,2026-03-09,Denim Pants Premium,Clothing,South,Returning,4,2900,5,11020.0,4872.0,6148.0,UPI,Priya Patel
TX00186,2026-06-15,Air Purifier Pro,Home Appliances,North,Returning,1,16500,5,15675.0,10890.0,4785.0,Card,Siddharth Rao
TX00187,2026-05-07,Mesh Task Chair,Furniture,West,New,1,7500,0,7500.0,4500.0,3000.0,Card,Priya Patel
TX00188,2026-06-29,Formal Suit Blazer,Clothing,North,New,3,11500,10,31050.0,18975.0,12075.0,UPI,Kavita Reddy
TX00189,2026-07-29,Travel Backpack 30L,Accessories,East,Returning,2,3500,8,6440.0,3150.0,3290.0,Net Banking,Rahul Sharma
TX00190,2026-04-17,Executive Desk,Furniture,North,New,1,28000,0,28000.0,18200.0,9800.0,UPI,Siddharth Rao
TX00191,2026-06-20,Travel Backpack 30L,Accessories,South,Returning,4,3500,0,14000.0,6300.0,7700.0,Cash,Rahul Sharma
TX00192,2026-07-18,Formal Suit Blazer,Clothing,South,Returning,7,11500,12,70840.0,44275.0,26565.0,Card,Siddharth Rao
TX00193,2026-04-28,Ergonomic Office Chair,Furniture,East,Returning,5,14500,10,65250.0,44950.0,20300.0,Card,Priya Patel
TX00194,2026-05-22,Ergonomic Office Chair,Furniture,East,New,1,14500,0,14500.0,8990.0,5510.0,UPI,Kavita Reddy
TX00195,2026-07-05,Pro Runner Shoes,Footwear,North,Returning,8,6500,0,52000.0,24960.0,27040.0,Cash,Ananya Roy
TX00196,2026-07-08,Pro Runner Shoes,Footwear,South,Returning,1,6500,0,6500.0,3120.0,3380.0,Card,Ananya Roy
TX00197,2026-06-12,Portable SSD 2TB,Electronics,Central,New,4,12500,0,50000.0,35000.0,15000.0,UPI,Ananya Roy
TX00198,2026-05-04,Robotic Vacuum X,Home Appliances,Central,New,2,26000,8,47840.0,36400.0,11440.0,Net Banking,Ananya Roy
TX00199,2026-05-25,Wireless Earbuds,Electronics,East,Returning,7,4500,0,31500.0,18900.0,12600.0,UPI,Priya Patel
TX00200,2026-02-07,Ergonomic Office Chair,Furniture,East,New,1,14500,0,14500.0,8990.0,5510.0,UPI,Kavita Reddy
TX00201,2026-03-27,Denim Pants Premium,Clothing,West,Returning,4,2900,0,11600.0,4872.0,6728.0,Cash,Kavita Reddy
TX00202,2026-03-17,Casual Leather Loafers,Footwear,Central,Returning,6,4200,8,23184.0,12600.0,10584.0,Card,Vikas Verma
TX00203,2026-04-18,Portable SSD 2TB,Electronics,West,Returning,3,12500,10,33750.0,26250.0,7500.0,Card,Priya Patel
TX00204,2026-03-24,Noise Cancelling Headphones,Electronics,North,Returning,6,14500,5,82650.0,56550.0,26100.0,UPI,Amit Kumar
TX00205,2026-07-07,Smart Watch Series 7,Electronics,North,New,4,18500,5,70300.0,50320.0,19980.0,Card,Priya Patel
TX00206,2026-03-05,Windbreaker Hooded,Clothing,East,Returning,6,3800,0,22800.0,10488.0,12312.0,Cash,Amit Kumar
TX00207,2026-03-06,Pro Runner Shoes,Footwear,East,Returning,2,6500,5,12350.0,6240.0,6110.0,UPI,Amit Kumar
TX00208,2026-04-24,Bookshelf Wooden,Furniture,South,Returning,5,8900,10,40050.0,25810.0,14240.0,UPI,Vikas Verma
TX00209,2026-03-05,Cotton Polo Shirt,Clothing,East,New,2,1600,5,3040.0,1280.0,1760.0,Card,Amit Kumar
TX00210,2026-07-19,Formal Suit Blazer,Clothing,West,Returning,1,11500,0,11500.0,6325.0,5175.0,Net Banking,Vikas Verma
TX00211,2026-07-17,Standing Desk Dual Engine,Furniture,West,New,1,34000,5,32300.0,23120.0,9180.0,Card,Vikas Verma
TX00212,2026-07-15,Cotton Polo Shirt,Clothing,East,Returning,7,1600,0,11200.0,4480.0,6720.0,UPI,Rahul Sharma
TX00213,2026-03-13,Casual Leather Loafers,Footwear,South,Returning,6,4200,8,23184.0,12600.0,10584.0,UPI,Ananya Roy
TX00214,2026-04-30,Electric Kettle Stainless,Home Appliances,North,New,1,2400,0,2400.0,1248.0,1152.0,Card,Vikas Verma
TX00215,2026-05-27,Monitor Arm Dual Mount,Furniture,North,New,4,4200,10,15120.0,8400.0,6720.0,UPI,Amit Kumar
TX00216,2026-04-25,Windbreaker Hooded,Clothing,North,New,4,3800,5,14440.0,6992.0,7448.0,UPI,Rahul Sharma
TX00217,2026-02-24,Electric Kettle Stainless,Home Appliances,East,Returning,4,2400,5,9120.0,4992.0,4128.0,UPI,Vikas Verma
TX00218,2026-06-07,Travel Backpack 30L,Accessories,South,New,1,3500,5,3325.0,1575.0,1750.0,Cash,Ananya Roy
TX00219,2026-05-15,Air Purifier Pro,Home Appliances,North,New,2,16500,5,31350.0,21780.0,9570.0,UPI,Siddharth Rao
TX00220,2026-06-10,Casual Leather Loafers,Footwear,West,New,1,4200,0,4200.0,2100.0,2100.0,UPI,Ananya Roy
TX00221,2026-04-28,Air Purifier Pro,Home Appliances,West,New,4,16500,5,62700.0,43560.0,19140.0,UPI,Amit Kumar
TX00222,2026-04-27,Travel Backpack 30L,Accessories,East,New,2,3500,0,7000.0,3150.0,3850.0,Card,Amit Kumar
TX00223,2026-05-12,Cotton Polo Shirt,Clothing,East,Returning,8,1600,8,11776.0,5120.0,6656.0,UPI,Rahul Sharma
TX00224,2026-05-06,Formal Suit Blazer,Clothing,West,Returning,5,11500,10,51750.0,31625.0,20125.0,Card,Rahul Sharma
TX00225,2026-07-03,Travel Backpack 30L,Accessories,South,Returning,4,3500,8,12880.0,6300.0,6580.0,Card,Amit Kumar
TX00226,2026-06-15,Robotic Vacuum X,Home Appliances,North,Returning,1,26000,5,24700.0,18200.0,6500.0,Card,Neha Singh
TX00227,2026-02-05,Casual Leather Loafers,Footwear,South,New,2,4200,5,7980.0,4200.0,3780.0,Card,Kavita Reddy
TX00228,2026-02-16,Noise Cancelling Headphones,Electronics,East,Returning,8,14500,5,110200.0,75400.0,34800.0,UPI,Amit Kumar
TX00229,2026-05-29,Formal Suit Blazer,Clothing,East,Returning,5,11500,8,52900.0,31625.0,21275.0,UPI,Neha Singh
TX00230,2026-04-13,Cotton Polo Shirt,Clothing,North,Returning,5,1600,10,7200.0,3200.0,4000.0,Card,Kavita Reddy
TX00231,2026-04-23,Travel Backpack 30L,Accessories,South,Returning,5,3500,0,17500.0,7875.0,9625.0,Card,Siddharth Rao
TX00232,2026-05-13,Coffee Maker Deluxe,Home Appliances,Central,Returning,5,12800,0,64000.0,40960.0,23040.0,Net Banking,Priya Patel
TX00233,2026-04-30,Casual Leather Loafers,Footwear,West,Returning,4,4200,0,16800.0,8400.0,8400.0,Card,Vikas Verma
TX00234,2026-03-08,Mechanical RGB Keyboard,Electronics,East,Returning,4,6200,0,24800.0,14384.0,10416.0,Net Banking,Neha Singh
TX00235,2026-07-14,Bookshelf Wooden,Furniture,North,New,4,8900,0,35600.0,20648.0,14952.0,Card,Rahul Sharma
TX00236,2026-06-21,Portable SSD 2TB,Electronics,South,Returning,8,12500,5,95000.0,70000.0,25000.0,UPI,Vikas Verma
TX00237,2026-04-24,Denim Pants Premium,Clothing,East,Returning,2,2900,8,5336.0,2436.0,2900.0,UPI,Rahul Sharma
TX00238,2026-03-17,Smart Blender 1200W,Home Appliances,Central,New,1,6800,20,5440.0,3944.0,1496.0,UPI,Kavita Reddy
TX00239,2026-03-20,Denim Pants Premium,Clothing,West,New,1,2900,12,2552.0,1218.0,1334.0,UPI,Kavita Reddy
TX00240,2026-07-15,MagSafe Power Bank,Accessories,East,Returning,8,3200,0,25600.0,13312.0,12288.0,Cash,Ananya Roy
TX00241,2026-03-14,Trail Hiking Boots,Footwear,East,Returning,1,8400,8,7728.0,4368.0,3360.0,Card,Neha Singh
TX00242,2026-03-17,Electric Kettle Stainless,Home Appliances,West,Returning,2,2400,5,4560.0,2496.0,2064.0,UPI,Amit Kumar
TX00243,2026-06-03,Windbreaker Hooded,Clothing,Central,New,4,3800,0,15200.0,6992.0,8208.0,Card,Ananya Roy
TX00244,2026-04-19,Laptop Pro 15,Electronics,South,New,2,68000,0,136000.0,106080.0,29920.0,UPI,Vikas Verma
TX00245,2026-03-13,Electric Kettle Stainless,Home Appliances,West,Returning,5,2400,8,11040.0,6240.0,4800.0,Card,Vikas Verma
TX00246,2026-05-06,Bookshelf Wooden,Furniture,North,New,2,8900,5,16910.0,10324.0,6586.0,Net Banking,Ananya Roy
TX00247,2026-05-18,Travel Backpack 30L,Accessories,West,Returning,4,3500,10,12600.0,6300.0,6300.0,Card,Priya Patel
TX00248,2026-06-15,Casual Leather Loafers,Footwear,East,New,1,4200,0,4200.0,2100.0,2100.0,Card,Neha Singh
TX00249,2026-06-27,4K Streaming WebCam,Electronics,North,Returning,8,7800,0,62400.0,38688.0,23712.0,UPI,Kavita Reddy
TX00250,2026-02-24,Laptop Sleeve 15,Accessories,South,New,2,1100,5,2090.0,770.0,1320.0,Card,Rahul Sharma
TX00251,2026-06-24,Trail Hiking Boots,Footwear,West,New,1,8400,5,7980.0,4368.0,3612.0,Cash,Neha Singh
TX00252,2026-06-29,Wireless Earbuds,Electronics,North,New,1,4500,5,4275.0,2700.0,1575.0,UPI,Priya Patel
TX00253,2026-06-01,Monitor 27 Ultra,Electronics,South,New,2,24000,10,43200.0,33600.0,9600.0,Net Banking,Siddharth Rao
TX00254,2026-05-07,Robotic Vacuum X,Home Appliances,South,Returning,7,26000,5,172900.0,127400.0,45500.0,Card,Amit Kumar
TX00255,2026-07-18,Coffee Maker Deluxe,Home Appliances,North,Returning,7,12800,5,85120.0,57344.0,27776.0,Card,Neha Singh
TX00256,2026-02-01,Smartphone X,Electronics,Central,Returning,7,42000,5,279300.0,211680.0,67620.0,Cash,Neha Singh
TX00257,2026-05-29,Coffee Maker Deluxe,Home Appliances,North,New,1,12800,0,12800.0,8192.0,4608.0,Card,Rahul Sharma
TX00258,2026-04-03,Standing Desk Dual Engine,Furniture,North,Returning,8,34000,5,258400.0,184960.0,73440.0,Card,Rahul Sharma
TX00259,2026-04-04,Monitor 27 Ultra,Electronics,South,New,2,24000,10,43200.0,33600.0,9600.0,Card,Amit Kumar
TX00260,2026-06-09,Denim Pants Premium,Clothing,North,Returning,6,2900,5,16530.0,7308.0,9222.0,Card,Ananya Roy
TX00261,2026-04-02,Cotton Polo Shirt,Clothing,West,Returning,4,1600,5,6080.0,2560.0,3520.0,UPI,Amit Kumar
TX00262,2026-07-11,Pro Runner Shoes,Footwear,East,New,3,6500,12,17160.0,9360.0,7800.0,Card,Ananya Roy
TX00263,2026-07-29,Smart Blender 1200W,Home Appliances,South,New,2,6800,10,12240.0,7888.0,4352.0,Card,Neha Singh
TX00264,2026-04-18,4K Streaming WebCam,Electronics,West,Returning,7,7800,15,46410.0,33852.0,12558.0,Card,Amit Kumar
TX00265,2026-05-11,Monitor Arm Dual Mount,Furniture,South,New,1,4200,12,3696.0,2100.0,1596.0,Cash,Priya Patel
TX00266,2026-06-18,Executive Desk,Furniture,North,New,1,28000,12,24640.0,18200.0,6440.0,UPI,Neha Singh
TX00267,2026-06-03,Standing Desk Dual Engine,Furniture,West,New,1,34000,0,34000.0,23120.0,10880.0,UPI,Priya Patel
TX00268,2026-06-03,Monitor Arm Dual Mount,Furniture,West,Returning,7,4200,12,25872.0,14700.0,11172.0,Card,Vikas Verma
TX00269,2026-05-09,Trail Hiking Boots,Footwear,East,New,3,8400,5,23940.0,13104.0,10836.0,Cash,Kavita Reddy
TX00270,2026-02-26,Travel Backpack 30L,Accessories,West,New,2,3500,5,6650.0,3150.0,3500.0,UPI,Neha Singh
TX00271,2026-03-10,Smartphone X,Electronics,South,Returning,7,42000,0,294000.0,211680.0,82320.0,UPI,Neha Singh
TX00272,2026-05-09,Monitor Arm Dual Mount,Furniture,East,Returning,6,4200,0,25200.0,12600.0,12600.0,Cash,Kavita Reddy
TX00273,2026-05-29,Portable SSD 2TB,Electronics,West,New,2,12500,29,17750.0,17500.0,250.0,Card,Amit Kumar
TX00274,2026-06-19,Tablet Pro 11,Electronics,East,Returning,2,38000,12,66880.0,57000.0,9880.0,Card,Rahul Sharma
TX00275,2026-05-17,Noise Cancelling Headphones,Electronics,West,New,2,14500,18,23780.0,18850.0,4930.0,UPI,Kavita Reddy
TX00276,2026-05-07,Tablet Pro 11,Electronics,East,Returning,8,38000,8,279680.0,228000.0,51680.0,UPI,Siddharth Rao
TX00277,2026-02-04,Smartphone X,Electronics,East,New,3,42000,0,126000.0,90720.0,35280.0,Cash,Siddharth Rao
TX00278,2026-03-18,Mechanical RGB Keyboard,Electronics,Central,Returning,4,6200,0,24800.0,14384.0,10416.0,Card,Ananya Roy
TX00279,2026-04-10,Electric Kettle Stainless,Home Appliances,North,Returning,8,2400,5,18240.0,9984.0,8256.0,Net Banking,Neha Singh
TX00280,2026-04-18,Smart Watch Series 7,Electronics,West,Returning,1,18500,0,18500.0,12580.0,5920.0,UPI,Kavita Reddy
TX00281,2026-02-15,Laptop Pro 15,Electronics,West,New,4,68000,8,250240.0,212160.0,38080.0,UPI,Priya Patel
TX00282,2026-06-16,Monitor 27 Ultra,Electronics,North,Returning,8,24000,0,192000.0,134400.0,57600.0,Net Banking,Vikas Verma
TX00283,2026-06-20,Monitor 27 Ultra,Electronics,North,Returning,1,24000,15,20400.0,16800.0,3600.0,Card,Siddharth Rao
TX00284,2026-02-20,Cotton Polo Shirt,Clothing,North,New,4,1600,8,5888.0,2560.0,3328.0,Card,Siddharth Rao
TX00285,2026-03-08,Smart Watch Series 7,Electronics,East,Returning,1,18500,0,18500.0,12580.0,5920.0,UPI,Priya Patel
TX00286,2026-04-29,Electric Kettle Stainless,Home Appliances,Central,New,3,2400,10,6480.0,3744.0,2736.0,Card,Neha Singh
TX00287,2026-05-03,Robotic Vacuum X,Home Appliances,South,Returning,7,26000,0,182000.0,127400.0,54600.0,Card,Neha Singh
TX00288,2026-02-19,Smart Watch Series 7,Electronics,South,New,2,18500,8,34040.0,25160.0,8880.0,UPI,Priya Patel
TX00289,2026-02-24,Laptop Pro 15,Electronics,Central,Returning,5,68000,0,340000.0,265200.0,74800.0,UPI,Siddharth Rao
TX00290,2026-05-26,Laptop Sleeve 15,Accessories,South,New,3,1100,5,3135.0,1155.0,1980.0,Card,Ananya Roy
TX00291,2026-05-10,Laptop Pro 15,Electronics,South,New,1,68000,8,62560.0,53040.0,9520.0,Card,Neha Singh
TX00292,2026-06-27,MagSafe Power Bank,Accessories,North,New,2,3200,0,6400.0,3328.0,3072.0,UPI,Amit Kumar
TX00293,2026-02-17,Portable SSD 2TB,Electronics,South,Returning,8,12500,10,90000.0,70000.0,20000.0,UPI,Neha Singh
TX00294,2026-07-11,Leather Slim Wallet,Accessories,East,New,1,1400,0,1400.0,532.0,868.0,UPI,Siddharth Rao
TX00295,2026-04-27,Robotic Vacuum X,Home Appliances,West,New,3,26000,5,74100.0,54600.0,19500.0,Cash,Amit Kumar
TX00296,2026-04-18,Windbreaker Hooded,Clothing,East,Returning,8,3800,0,30400.0,13984.0,16416.0,Net Banking,Ananya Roy
TX00297,2026-04-16,Leather Slim Wallet,Accessories,Central,Returning,6,1400,5,7980.0,3192.0,4788.0,Cash,Siddharth Rao
TX00298,2026-05-05,Gaming Mouse 8K,Electronics,Central,New,2,3200,8,5888.0,3520.0,2368.0,Card,Kavita Reddy
TX00299,2026-03-26,Casual Leather Loafers,Footwear,West,Returning,2,4200,10,7560.0,4200.0,3360.0,Card,Siddharth Rao
TX00300,2026-07-23,Leather Slim Wallet,Accessories,North,New,3,1400,8,3864.0,1596.0,2268.0,Card,Siddharth Rao
TX00301,2026-02-19,Casual Leather Loafers,Footwear,Central,Returning,7,4200,5,27930.0,14700.0,13230.0,Net Banking,Siddharth Rao
TX00302,2026-06-20,Monitor 27 Ultra,Electronics,West,New,1,24000,0,24000.0,16800.0,7200.0,UPI,Ananya Roy
TX00303,2026-03-15,Monitor 27 Ultra,Electronics,East,Returning,7,24000,15,142800.0,117600.0,25200.0,UPI,Siddharth Rao
TX00304,2026-02-28,Laptop Pro 15,Electronics,North,New,2,68000,5,129200.0,106080.0,23120.0,UPI,Amit Kumar
TX00305,2026-04-30,Smartphone X,Electronics,East,New,1,42000,0,42000.0,30240.0,11760.0,Net Banking,Amit Kumar
TX00306,2026-05-01,Cotton Polo Shirt,Clothing,South,Returning,8,1600,0,12800.0,5120.0,7680.0,UPI,Kavita Reddy
TX00307,2026-04-23,Wireless Earbuds,Electronics,South,Returning,2,4500,0,9000.0,5400.0,3600.0,UPI,Priya Patel
TX00308,2026-07-24,Portable SSD 2TB,Electronics,Central,Returning,3,12500,5,35625.0,26250.0,9375.0,UPI,Siddharth Rao
TX00309,2026-05-30,Bookshelf Wooden,Furniture,West,Returning,3,8900,8,24564.0,15486.0,9078.0,UPI,Rahul Sharma
TX00310,2026-07-08,Executive Desk,Furniture,South,Returning,1,28000,8,25760.0,18200.0,7560.0,UPI,Priya Patel
TX00311,2026-06-28,Mechanical RGB Keyboard,Electronics,West,Returning,6,6200,0,37200.0,21576.0,15624.0,Card,Vikas Verma
TX00312,2026-07-22,Leather Slim Wallet,Accessories,East,Returning,7,1400,8,9016.0,3724.0,5292.0,Card,Ananya Roy
TX00313,2026-05-02,Trail Hiking Boots,Footwear,East,Returning,5,8400,12,36960.0,21840.0,15120.0,Card,Amit Kumar
TX00314,2026-04-22,Gaming Mouse 8K,Electronics,North,New,3,3200,8,8832.0,5280.0,3552.0,Card,Siddharth Rao
TX00315,2026-07-03,Noise Cancelling Headphones,Electronics,East,Returning,8,14500,8,106720.0,75400.0,31320.0,Card,Amit Kumar
TX00316,2026-06-23,Portable SSD 2TB,Electronics,East,New,3,12500,10,33750.0,26250.0,7500.0,Card,Ananya Roy
TX00317,2026-02-03,Leather Slim Wallet,Accessories,North,Returning,8,1400,5,10640.0,4256.0,6384.0,Card,Kavita Reddy
TX00318,2026-06-06,Portable SSD 2TB,Electronics,North,New,2,12500,0,25000.0,17500.0,7500.0,UPI,Vikas Verma
TX00319,2026-03-16,Trail Hiking Boots,Footwear,East,Returning,8,8400,5,63840.0,34944.0,28896.0,UPI,Priya Patel
TX00320,2026-04-10,Air Purifier Pro,Home Appliances,East,Returning,8,16500,5,125400.0,87120.0,38280.0,Net Banking,Priya Patel
TX00321,2026-07-18,Monitor Arm Dual Mount,Furniture,South,Returning,8,4200,0,33600.0,16800.0,16800.0,Cash,Priya Patel
TX00322,2026-05-24,Gaming Mouse 8K,Electronics,West,New,3,3200,31,6624.0,5280.0,1344.0,Card,Siddharth Rao
TX00323,2026-03-15,Noise Cancelling Headphones,Electronics,West,Returning,1,14500,5,13775.0,9425.0,4350.0,Card,Amit Kumar
TX00324,2026-04-24,Denim Pants Premium,Clothing,South,New,1,2900,0,2900.0,1218.0,1682.0,Card,Siddharth Rao
TX00325,2026-02-16,Running Jacket Pro,Clothing,West,New,2,4800,0,9600.0,4320.0,5280.0,Card,Neha Singh
TX00326,2026-07-24,Electric Kettle Stainless,Home Appliances,East,Returning,5,2400,8,11040.0,6240.0,4800.0,UPI,Priya Patel
TX00327,2026-07-13,Smart Watch Series 7,Electronics,South,Returning,6,18500,5,105450.0,75480.0,29970.0,Card,Rahul Sharma
TX00328,2026-02-24,Trail Hiking Boots,Footwear,East,Returning,2,8400,10,15120.0,8736.0,6384.0,UPI,Siddharth Rao
TX00329,2026-03-27,Leather Slim Wallet,Accessories,South,Returning,6,1400,5,7980.0,3192.0,4788.0,UPI,Kavita Reddy
TX00330,2026-04-29,Tablet Pro 11,Electronics,North,Returning,8,38000,0,304000.0,228000.0,76000.0,Net Banking,Amit Kumar
TX00331,2026-05-24,Trail Hiking Boots,Footwear,North,Returning,4,8400,20,26880.0,17472.0,9408.0,Net Banking,Vikas Verma
TX00332,2026-03-13,Running Jacket Pro,Clothing,North,New,1,4800,5,4560.0,2160.0,2400.0,Net Banking,Amit Kumar
TX00333,2026-02-14,Electric Kettle Stainless,Home Appliances,East,Returning,4,2400,5,9120.0,4992.0,4128.0,UPI,Priya Patel
TX00334,2026-02-01,Standing Desk Dual Engine,Furniture,East,New,2,34000,5,64600.0,46240.0,18360.0,UPI,Rahul Sharma
TX00335,2026-07-29,Formal Suit Blazer,Clothing,West,Returning,7,11500,8,74060.0,44275.0,29785.0,Card,Neha Singh
TX00336,2026-05-10,Smart Watch Series 7,Electronics,West,New,3,18500,23,42735.0,37740.0,4995.0,Cash,Amit Kumar
TX00337,2026-05-09,Noise Cancelling Headphones,Electronics,East,Returning,2,14500,5,27550.0,18850.0,8700.0,UPI,Amit Kumar
TX00338,2026-05-24,Coffee Maker Deluxe,Home Appliances,West,Returning,3,12800,12,33792.0,24576.0,9216.0,Card,Kavita Reddy
TX00339,2026-03-28,Smart Watch Series 7,Electronics,Central,New,1,18500,5,17575.0,12580.0,4995.0,UPI,Siddharth Rao
TX00340,2026-04-22,Noise Cancelling Headphones,Electronics,North,Returning,4,14500,5,55100.0,37700.0,17400.0,Card,Vikas Verma
TX00341,2026-07-27,Smartphone X,Electronics,West,Returning,5,42000,0,210000.0,151200.0,58800.0,Card,Neha Singh
TX00342,2026-05-12,Denim Pants Premium,Clothing,East,Returning,4,2900,5,11020.0,4872.0,6148.0,UPI,Kavita Reddy
TX00343,2026-07-14,Wireless Earbuds,Electronics,East,Returning,6,4500,,23760.0,16200.0,7560.0,UPI,Siddharth Rao
TX00344,2026-05-05,Ergonomic Office Chair,Furniture,West,Returning,2,14500,0,29000.0,17980.0,11020.0,UPI,Vikas Verma
TX00345,2026-03-28,Monitor 27 Ultra,Electronics,Central,Returning,7,24000,5,159600.0,117600.0,42000.0,Card,Siddharth Rao
TX00346,2026-05-20,Electric Kettle Stainless,Home Appliances,North,Returning,3,2400,0,7200.0,3744.0,3456.0,UPI,Neha Singh
TX00347,2026-03-12,Windbreaker Hooded,Clothing,South,Returning,2,3800,0,7600.0,3496.0,4104.0,UPI,Neha Singh
TX00348,2026-02-15,Monitor Arm Dual Mount,Furniture,North,Returning,8,4200,8,30912.0,16800.0,14112.0,UPI,Amit Kumar
TX00349,2026-03-03,Laptop Pro 15,Electronics,West,Returning,3,68000,5,193800.0,159120.0,34680.0,UPI,Vikas Verma
TX00350,2026-03-15,Air Purifier Pro,Home Appliances,North,Returning,5,16500,8,75900.0,54450.0,21450.0,UPI,Rahul Sharma
TX00351,2026-04-27,Pro Runner Shoes,Footwear,South,New,1,6500,5,6175.0,3120.0,3055.0,Card,Rahul Sharma
TX00352,2026-06-08,Portable SSD 2TB,Electronics,South,New,1,12500,12,11000.0,8750.0,2250.0,Card,Priya Patel
TX00353,2026-03-31,Laptop Sleeve 15,Accessories,North,Returning,1,1100,0,1100.0,385.0,715.0,Card,Siddharth Rao
TX00354,2026-03-11,Ergonomic Office Chair,Furniture,Central,Returning,7,14500,0,101500.0,62930.0,38570.0,UPI,Ananya Roy
TX00355,2026-04-11,Wireless Earbuds,Electronics,East,New,1,4500,0,4500.0,2700.0,1800.0,Cash,Rahul Sharma
TX00356,2026-05-14,Wireless Earbuds,Electronics,West,Returning,5,4500,23,17325.0,13500.0,3825.0,UPI,Kavita Reddy
TX00357,2026-02-03,Air Purifier Pro,Home Appliances,North,Returning,5,16500,8,75900.0,54450.0,21450.0,UPI,Ananya Roy
TX00358,2026-07-02,Leather Slim Wallet,Accessories,Central,Returning,4,1400,0,5600.0,2128.0,3472.0,Net Banking,Rahul Sharma
TX00359,2026-04-01,Coffee Maker Deluxe,Home Appliances,East,Returning,1,12800,15,10880.0,8192.0,2688.0,UPI,Siddharth Rao
TX00360,2026-04-20,Mechanical RGB Keyboard,Electronics,North,Returning,7,6200,5,41230.0,25172.0,16058.0,UPI,Amit Kumar
TX00361,2026-04-13,Smart Watch Series 7,Electronics,North,New,4,18500,8,68080.0,50320.0,17760.0,UPI,Priya Patel
TX00362,2026-06-29,Mechanical RGB Keyboard,Electronics,East,Returning,7,6200,0,43400.0,25172.0,18228.0,Card,Siddharth Rao
TX00363,2026-07-20,Noise Cancelling Headphones,Electronics,North,New,3,14500,12,38280.0,28275.0,10005.0,UPI,Ananya Roy
TX00364,2026-04-23,Casual Leather Loafers,Footwear,South,New,2,4200,0,8400.0,4200.0,4200.0,Card,Priya Patel
TX00365,2026-03-12,Mechanical RGB Keyboard,Electronics,North,Returning,7,6200,0,43400.0,25172.0,18228.0,UPI,Neha Singh
TX00366,2026-05-27,Cotton Polo Shirt,Clothing,South,Returning,2,1600,0,3200.0,1280.0,1920.0,Card,Rahul Sharma
TX00367,2026-03-28,Windbreaker Hooded,Clothing,North,Returning,6,3800,5,21660.0,10488.0,11172.0,UPI,Vikas Verma
TX00368,2026-04-08,Ergonomic Office Chair,Furniture,North,New,4,14500,5,55100.0,35960.0,19140.0,Card,Priya Patel
TX00369,2026-05-30,Mechanical RGB Keyboard,Electronics,West,New,1,6200,18,5084.0,3596.0,1488.0,Cash,Neha Singh
TX00370,2026-03-06,Executive Desk,Furniture,West,New,1,28000,5,26600.0,18200.0,8400.0,UPI,Priya Patel
TX00371,2026-02-06,Wireless Earbuds,Electronics,North,Returning,3,4500,0,13500.0,8100.0,5400.0,Cash,Ananya Roy
TX00372,2026-03-04,Monitor 27 Ultra,Electronics,Central,New,4,24000,10,86400.0,67200.0,19200.0,UPI,Rahul Sharma
TX00373,2026-05-09,Pro Runner Shoes,Footwear,North,New,2,6500,0,13000.0,6240.0,6760.0,UPI,Amit Kumar
TX00374,2026-02-09,Monitor Arm Dual Mount,Furniture,East,Returning,8,4200,0,33600.0,16800.0,16800.0,UPI,Amit Kumar
TX00375,2026-05-19,Executive Desk,Furniture,East,Returning,4,28000,8,103040.0,72800.0,30240.0,Cash,Rahul Sharma
TX00376,2026-05-09,Coffee Maker Deluxe,Home Appliances,East,Returning,6,12800,12,67584.0,49152.0,18432.0,Card,Siddharth Rao
TX00377,2026-04-11,Ergonomic Office Chair,Furniture,North,Returning,1,14500,12,12760.0,8990.0,3770.0,Card,Rahul Sharma
TX00378,2026-06-01,MagSafe Power Bank,Accessories,South,Returning,4,3200,15,10880.0,6656.0,4224.0,UPI,Neha Singh
TX00379,2026-04-10,Tablet Pro 11,Electronics,West,Returning,7,38000,5,252700.0,199500.0,53200.0,Cash,Amit Kumar
TX00380,2026-03-18,Monitor Arm Dual Mount,Furniture,East,Returning,6,4200,12,22176.0,12600.0,9576.0,UPI,Ananya Roy
TX00381,2026-06-26,4K Streaming WebCam,Electronics,East,New,4,7800,5,29640.0,19344.0,10296.0,UPI,Rahul Sharma
TX00382,2026-02-24,Tablet Pro 11,Electronics,North,New,4,38000,0,152000.0,114000.0,38000.0,Net Banking,Neha Singh
TX00383,2026-03-06,Formal Suit Blazer,Clothing,West,Returning,6,11500,0,69000.0,37950.0,31050.0,UPI,Amit Kumar
TX00384,2026-03-01,MagSafe Power Bank,Accessories,West,Returning,6,3200,8,17664.0,9984.0,7680.0,Card,Priya Patel
TX00385,2026-04-28,Cotton Polo Shirt,Clothing,South,Returning,7,1600,10,10080.0,4480.0,5600.0,Net Banking,Ananya Roy
TX00386,2026-03-17,Coffee Maker Deluxe,Home Appliances,North,Returning,3,12800,5,36480.0,24576.0,11904.0,Card,Vikas Verma
TX00387,2026-03-05,Ergonomic Office Chair,Furniture,West,Returning,7,14500,10,91350.0,62930.0,28420.0,Card,Rahul Sharma
TX00388,2026-03-19,Windbreaker Hooded,Clothing,Central,Returning,4,3800,8,13984.0,6992.0,6992.0,UPI,Kavita Reddy
TX00389,2026-03-09,Formal Suit Blazer,Clothing,West,New,3,11500,0,34500.0,18975.0,15525.0,Cash,Priya Patel
TX00390,2026-07-22,Formal Suit Blazer,Clothing,South,New,2,11500,8,21160.0,12650.0,8510.0,UPI,Priya Patel
TX00391,2026-02-01,Tablet Pro 11,Electronics,South,Returning,3,38000,12,100320.0,85500.0,14820.0,Card,Siddharth Rao
TX00392,2026-05-01,Robotic Vacuum X,Home Appliances,North,Returning,4,26000,0,104000.0,72800.0,31200.0,UPI,Rahul Sharma
TX00393,2026-04-17,Smartphone X,Electronics,South,Returning,2,42000,0,84000.0,60480.0,23520.0,Cash,Amit Kumar
TX00394,2026-02-20,Smart Watch Series 7,Electronics,South,Returning,8,18500,8,136160.0,100640.0,35520.0,UPI,Amit Kumar
TX00395,2026-07-06,Pro Runner Shoes,Footwear,North,New,2,6500,15,11050.0,6240.0,4810.0,UPI,Vikas Verma
TX00396,2026-07-20,Denim Pants Premium,Clothing,South,New,4,2900,5,11020.0,4872.0,6148.0,Cash,Amit Kumar
TX00397,2026-02-14,Air Purifier Pro,Home Appliances,North,New,4,16500,0,66000.0,43560.0,22440.0,UPI,Amit Kumar
TX00398,2026-07-14,Denim Pants Premium,Clothing,Central,Returning,2,2900,0,5800.0,2436.0,3364.0,UPI,Kavita Reddy
TX00399,2026-07-20,Mesh Task Chair,Furniture,North,Returning,3,7500,5,21375.0,13500.0,7875.0,UPI,Amit Kumar
TX00400,2026-05-26,Monitor 27 Ultra,Electronics,South,Returning,4,24000,10,86400.0,67200.0,19200.0,Card,Amit Kumar
TX00401,2026-07-29,Mechanical RGB Keyboard,Electronics,North,New,4,6200,15,21080.0,14384.0,6696.0,Card,Rahul Sharma
TX00402,2026-05-11,MagSafe Power Bank,Accessories,South,Returning,8,3200,5,24320.0,13312.0,11008.0,UPI,Vikas Verma
TX00403,2026-02-21,Electric Kettle Stainless,Home Appliances,Central,Returning,3,2400,0,7200.0,3744.0,3456.0,Card,Amit Kumar
TX00404,2026-03-15,Standing Desk Dual Engine,Furniture,West,New,4,34000,0,136000.0,92480.0,43520.0,Card,Neha Singh
TX00405,2026-07-11,4K Streaming WebCam,Electronics,West,New,1,7800,0,7800.0,4836.0,2964.0,Card,Ananya Roy
TX00406,2026-04-12,MagSafe Power Bank,Accessories,South,Returning,7,3200,0,22400.0,11648.0,10752.0,UPI,Priya Patel
TX00407,2026-02-28,Mechanical RGB Keyboard,Electronics,West,Returning,6,6200,12,32736.0,21576.0,11160.0,UPI,Kavita Reddy
TX00408,2026-06-27,Travel Backpack 30L,Accessories,North,New,2,3500,8,6440.0,3150.0,3290.0,Card,Siddharth Rao
TX00409,2026-02-10,Electric Kettle Stainless,Home Appliances,Central,New,2,2400,0,4800.0,2496.0,2304.0,Card,Vikas Verma
TX00410,2026-05-07,Smartphone X,Electronics,South,Returning,5,42000,0,210000.0,151200.0,58800.0,Card,Priya Patel
TX00411,2026-03-31,Noise Cancelling Headphones,Electronics,South,Returning,6,14500,0,87000.0,56550.0,30450.0,UPI,Priya Patel
TX00412,2026-03-21,Casual Leather Loafers,Footwear,North,Returning,8,4200,10,30240.0,16800.0,13440.0,Cash,Rahul Sharma
TX00413,2026-06-12,Portable SSD 2TB,Electronics,North,Returning,7,12500,0,87500.0,61250.0,26250.0,Cash,Rahul Sharma
TX00414,2026-03-17,Executive Desk,Furniture,West,New,1,28000,0,28000.0,18200.0,9800.0,Card,Ananya Roy
TX00415,2026-07-31,Executive Desk,Furniture,South,Returning,7,28000,8,180320.0,127400.0,52920.0,UPI,Rahul Sharma
TX00416,2026-04-03,Air Purifier Pro,Home Appliances,East,Returning,8,16500,5,125400.0,87120.0,38280.0,UPI,Amit Kumar
TX00417,2026-04-08,Smart Watch Series 7,Electronics,South,New,2,18500,10,33300.0,25160.0,8140.0,Card,Neha Singh
TX00418,2026-03-29,Bookshelf Wooden,Furniture,West,New,4,8900,5,33820.0,20648.0,13172.0,Cash,Rahul Sharma
TX00419,2026-06-02,Noise Cancelling Headphones,Electronics,East,Returning,1,14500,0,14500.0,9425.0,5075.0,Card,Vikas Verma
TX00420,2026-07-15,Running Jacket Pro,Clothing,South,New,3,4800,5,13680.0,6480.0,7200.0,UPI,Vikas Verma
TX00421,2026-07-24,MagSafe Power Bank,Accessories,West,New,1,3200,0,3200.0,1664.0,1536.0,Net Banking,Ananya Roy
TX00422,2026-06-24,Denim Pants Premium,Clothing,South,New,1,2900,0,2900.0,1218.0,1682.0,UPI,Ananya Roy
TX00423,2026-04-12,Mesh Task Chair,Furniture,West,Returning,5,7500,0,37500.0,22500.0,15000.0,Card,Neha Singh
TX00424,2026-02-15,Electric Kettle Stainless,Home Appliances,West,Returning,1,2400,8,2208.0,1248.0,960.0,Net Banking,Vikas Verma
TX00425,2026-05-19,Electric Kettle Stainless,Home Appliances,South,New,2,2400,0,4800.0,2496.0,2304.0,Card,Kavita Reddy
TX00426,2026-07-22,Coffee Maker Deluxe,Home Appliances,East,Returning,3,12800,0,38400.0,24576.0,13824.0,Card,Vikas Verma
TX00427,2026-06-24,Ergonomic Office Chair,Furniture,Central,Returning,2,14500,0,29000.0,17980.0,11020.0,UPI,Vikas Verma
TX00428,2026-05-19,Formal Suit Blazer,Clothing,South,Returning,8,11500,10,82800.0,50600.0,32200.0,Card,Priya Patel
TX00429,2026-06-01,Executive Desk,Furniture,East,Returning,7,28000,5,186200.0,127400.0,58800.0,UPI,Amit Kumar
TX00430,2026-03-08,Executive Desk,Furniture,South,Returning,8,28000,0,224000.0,145600.0,78400.0,Cash,Amit Kumar
TX00431,2026-02-21,Leather Slim Wallet,Accessories,South,Returning,6,1400,8,7728.0,3192.0,4536.0,UPI,Vikas Verma
TX00432,2026-03-26,Portable SSD 2TB,Electronics,East,New,1,12500,0,12500.0,8750.0,3750.0,UPI,Siddharth Rao
TX00433,2026-05-15,Pro Runner Shoes,Footwear,Central,New,1,6500,5,6175.0,3120.0,3055.0,Card,Rahul Sharma
TX00434,2026-04-24,MagSafe Power Bank,Accessories,North,Returning,4,3200,0,12800.0,6656.0,6144.0,Cash,Vikas Verma
TX00435,2026-03-06,Mechanical RGB Keyboard,Electronics,South,Returning,3,6200,0,18600.0,10788.0,7812.0,UPI,Vikas Verma
TX00436,2026-05-28,MagSafe Power Bank,Accessories,East,New,2,3200,0,6400.0,3328.0,3072.0,Net Banking,Ananya Roy
TX00437,2026-03-21,Portable SSD 2TB,Electronics,Central,Returning,7,12500,0,87500.0,61250.0,26250.0,UPI,Amit Kumar
TX00438,2026-03-27,Smartphone X,Electronics,East,New,3,42000,8,115920.0,90720.0,25200.0,Card,Siddharth Rao
TX00439,2026-07-14,Mesh Task Chair,Furniture,West,Returning,1,7500,8,6900.0,4500.0,2400.0,Card,Rahul Sharma
TX00440,2026-02-13,Gaming Mouse 8K,Electronics,South,New,3,3200,5,9120.0,5280.0,3840.0,UPI,Rahul Sharma
TX00441,2026-04-19,Smart Blender 1200W,Home Appliances,West,Returning,5,6800,8,31280.0,19720.0,11560.0,Card,Siddharth Rao
TX00442,2026-02-27,Laptop Sleeve 15,Accessories,West,New,1,1100,10,990.0,385.0,605.0,Card,Neha Singh
TX00443,2026-04-09,MagSafe Power Bank,Accessories,Central,New,4,3200,0,12800.0,6656.0,6144.0,UPI,Kavita Reddy
TX00444,2026-03-26,Travel Backpack 30L,Accessories,South,New,1,3500,12,3080.0,1575.0,1505.0,Cash,Kavita Reddy
TX00445,2026-03-11,Smart Watch Series 7,Electronics,West,New,1,18500,12,16280.0,12580.0,3700.0,Card,Kavita Reddy
TX00446,2026-04-17,Mesh Task Chair,Furniture,South,New,2,7500,12,13200.0,9000.0,4200.0,Cash,Ananya Roy
TX00447,2026-07-24,Windbreaker Hooded,Clothing,South,New,1,3800,0,3800.0,1748.0,2052.0,UPI,Amit Kumar
TX00448,2026-04-26,Coffee Maker Deluxe,Home Appliances,Central,Returning,5,12800,12,56320.0,40960.0,15360.0,UPI,Ananya Roy
TX00449,2026-03-19,Gaming Mouse 8K,Electronics,South,Returning,5,3200,10,14400.0,8800.0,5600.0,Card,Kavita Reddy
TX00450,2026-05-19,Portable SSD 2TB,Electronics,North,Returning,1,12500,20,10000.0,8750.0,1250.0,Cash,Priya Patel
TX00451,2026-05-18,Travel Backpack 30L,Accessories,West,Returning,3,3500,8,9660.0,4725.0,4935.0,Card,Rahul Sharma
TX00452,2026-07-26,Noise Cancelling Headphones,Electronics,East,Returning,7,14500,5,96425.0,65975.0,30450.0,UPI,Ananya Roy
TX00453,2026-02-04,MagSafe Power Bank,Accessories,West,Returning,4,3200,15,10880.0,6656.0,4224.0,Card,Ananya Roy
TX00454,2026-06-13,MagSafe Power Bank,Accessories,West,Returning,7,3200,8,20608.0,11648.0,8960.0,UPI,Ananya Roy
TX00455,2026-07-20,Robotic Vacuum X,Home Appliances,North,Returning,1,26000,0,26000.0,18200.0,7800.0,Net Banking,Kavita Reddy
TX00456,2026-06-07,Portable SSD 2TB,Electronics,North,Returning,4,12500,0,50000.0,35000.0,15000.0,UPI,Neha Singh
TX00457,2026-06-21,Robotic Vacuum X,Home Appliances,South,New,4,26000,5,98800.0,72800.0,26000.0,Card,Priya Patel
TX00458,2026-06-08,Casual Leather Loafers,Footwear,South,Returning,1,4200,0,4200.0,2100.0,2100.0,UPI,Rahul Sharma
TX00459,2026-02-24,Cotton Polo Shirt,Clothing,Central,Returning,8,1600,15,10880.0,5120.0,5760.0,UPI,Rahul Sharma
TX00460,2026-03-30,Trail Hiking Boots,Footwear,South,Returning,8,8400,8,61824.0,34944.0,26880.0,UPI,Kavita Reddy
TX00461,2026-03-02,Mechanical RGB Keyboard,Electronics,West,New,3,6200,5,17670.0,10788.0,6882.0,Card,Vikas Verma
TX00462,2026-06-21,MagSafe Power Bank,Accessories,South,New,2,3200,5,6080.0,3328.0,2752.0,Cash,Siddharth Rao
TX00463,2026-02-28,Mesh Task Chair,Furniture,East,New,4,7500,0,30000.0,18000.0,12000.0,Cash,Neha Singh
TX00464,2026-04-28,Mechanical RGB Keyboard,Electronics,West,New,1,6200,10,5580.0,3596.0,1984.0,Card,Amit Kumar
TX00465,2026-06-08,Laptop Pro 15,Electronics,East,New,4,68000,10,244800.0,212160.0,32640.0,Card,Amit Kumar
TX00466,2026-07-28,Ergonomic Office Chair,Furniture,West,New,4,14500,8,53360.0,35960.0,17400.0,Card,Ananya Roy
TX00467,2026-06-10,Robotic Vacuum X,Home Appliances,South,Returning,4,26000,0,104000.0,72800.0,31200.0,Net Banking,Vikas Verma
TX00468,2026-05-27,Noise Cancelling Headphones,Electronics,North,Returning,5,14500,10,65250.0,47125.0,18125.0,Card,Ananya Roy
TX00469,2026-06-22,Standing Desk Dual Engine,Furniture,North,Returning,5,34000,8,156400.0,115600.0,40800.0,Net Banking,Amit Kumar
TX00470,2026-07-17,Ergonomic Office Chair,Furniture,East,Returning,6,14500,8,80040.0,53940.0,26100.0,Card,Kavita Reddy
TX00471,2026-06-30,Smart Blender 1200W,Home Appliances,West,Returning,5,6800,12,29920.0,19720.0,10200.0,UPI,Rahul Sharma
TX00472,2026-06-14,Mechanical RGB Keyboard,Electronics,North,New,1,6200,0,6200.0,3596.0,2604.0,Card,Amit Kumar
TX00473,2026-04-15,Mesh Task Chair,Furniture,North,New,3,7500,0,22500.0,13500.0,9000.0,Card,Ananya Roy
TX00474,2026-05-27,Mechanical RGB Keyboard,Electronics,East,Returning,4,6200,8,22816.0,14384.0,8432.0,Card,Neha Singh
TX00475,2026-06-11,Denim Pants Premium,Clothing,West,New,4,2900,5,11020.0,4872.0,6148.0,Net Banking,Ananya Roy
TX00476,2026-06-22,Tablet Pro 11,Electronics,North,New,4,38000,10,136800.0,114000.0,22800.0,Net Banking,Ananya Roy
TX00477,2026-07-01,Executive Desk,Furniture,West,Returning,5,28000,5,133000.0,91000.0,42000.0,Net Banking,Priya Patel
TX00478,2026-03-20,Ergonomic Office Chair,Furniture,West,New,1,14500,5,13775.0,8990.0,4785.0,Card,Amit Kumar
TX00479,2026-03-14,Mesh Task Chair,Furniture,North,Returning,3,7500,0,22500.0,13500.0,9000.0,Net Banking,Rahul Sharma
TX00480,2026-07-11,Cotton Polo Shirt,Clothing,East,Returning,6,1600,0,9600.0,3840.0,5760.0,Card,Neha Singh
TX00481,2026-03-20,MagSafe Power Bank,Accessories,North,Returning,7,3200,5,21280.0,11648.0,9632.0,UPI,Ananya Roy
TX00482,2026-03-29,Standing Desk Dual Engine,Furniture,West,New,3,34000,0,102000.0,69360.0,32640.0,Card,Kavita Reddy
TX00483,2026-06-24,Laptop Pro 15,Electronics,North,New,2,68000,12,119680.0,106080.0,13600.0,Card,Neha Singh
TX00484,2026-02-11,Windbreaker Hooded,Clothing,South,Returning,2,3800,5,7220.0,3496.0,3724.0,Card,Vikas Verma
TX00485,2026-02-07,MagSafe Power Bank,Accessories,West,New,4,3200,5,12160.0,6656.0,5504.0,UPI,Neha Singh
TX00486,2026-04-24,Laptop Sleeve 15,Accessories,North,New,1,1100,8,1012.0,385.0,627.0,UPI,Neha Singh
TX00487,2026-07-26,Pro Runner Shoes,Footwear,West,New,4,6500,8,23920.0,12480.0,11440.0,Net Banking,Amit Kumar
TX00488,2026-02-07,Trail Hiking Boots,Footwear,West,New,1,8400,0,8400.0,4368.0,4032.0,Card,Priya Patel
TX00489,2026-06-28,Bookshelf Wooden,Furniture,Central,New,4,8900,8,32752.0,20648.0,12104.0,UPI,Rahul Sharma
TX00490,2026-05-11,Gaming Mouse 8K,Electronics,East,Returning,2,3200,10,5760.0,3520.0,2240.0,Card,Priya Patel
TX00491,2026-05-03,Laptop Sleeve 15,Accessories,North,Returning,5,1100,8,5060.0,1925.0,3135.0,UPI,Kavita Reddy
TX00492,2026-05-09,Electric Kettle Stainless,Home Appliances,West,New,2,2400,5,4560.0,2496.0,2064.0,UPI,Siddharth Rao
TX00493,2026-06-20,Denim Pants Premium,Clothing,Central,New,3,2900,15,7395.0,3654.0,3741.0,UPI,Amit Kumar
TX00494,2026-03-04,Monitor 27 Ultra,Electronics,North,Returning,2,24000,0,48000.0,33600.0,14400.0,Card,Ananya Roy
TX00495,2026-03-27,Smart Blender 1200W,Home Appliances,Central,Returning,3,6800,0,20400.0,11832.0,8568.0,UPI,Vikas Verma
TX00496,2026-03-22,Gaming Mouse 8K,Electronics,North,Returning,1,3200,10,2880.0,1760.0,1120.0,Net Banking,Kavita Reddy
TX00497,2026-07-16,Wireless Earbuds,Electronics,South,New,1,4500,0,4500.0,2700.0,1800.0,Card,Ananya Roy
TX00498,2026-05-03,Noise Cancelling Headphones,Electronics,West,New,3,14500,27,31755.0,28275.0,3480.0,UPI,Neha Singh
TX00499,2026-04-23,Leather Slim Wallet,Accessories,South,Returning,5,1400,8,6440.0,2660.0,3780.0,UPI,Ananya Roy
TX00500,2026-04-22,Pro Runner Shoes,Footwear,North,New,2,6500,8,11960.0,6240.0,5720.0,Card,Vikas Verma
TX00012,2026-05-04,Noise Cancelling Headphones,Electronics,West,New,4,14500,25,43500.0,37700.0,5800.0,UPI,Vikas Verma
TX00145,2026-06-05,Mechanical RGB Keyboard,Electronics,North,Returning,5,6200,10,27900.0,17980.0,9920.0,UPI,Neha Singh
TX00892,2026-04-09,Wireless Earbuds,Electronics,West,Returning,1,4500,10,4050.0,2700.0,1350.0,Card,Neha Singh
TX01420,2026-02-10,Mesh Task Chair,Furniture,East,Returning,8,7500,8,55200.0,36000.0,19200.0,UPI,Siddharth Rao
TX02890,2026-03-30,Denim Pants Premium,Clothing,North,Returning,2,2900,5,5510.0,2436.0,3074.0,Card,Neha Singh
TX03510,2026-07-08,Portable SSD 2TB,Electronics,West,New,2,12500,0,25000.0,17500.0,7500.0,Net Banking,Amit Kumar
TX05200,2026-06-04,Coffee Maker Deluxe,Home Appliances,North,Returning,4,12800,0,51200.0,32768.0,18432.0,UPI,Rahul Sharma
TX00508,2026-07-22,Standing Desk Dual Engine,Furniture,East,Returning,7,34000,5,226100.0,161840.0,64260.0,Card,Rahul Sharma
TX00509,2026-02-11,Windbreaker Hooded,Clothing,North,Returning,5,3800,10,17100.0,8740.0,8360.0,UPI,Amit Kumar
TX00510,2026-05-08,Robotic Vacuum X,Home Appliances,South,Returning,2,26000,5,49400.0,36400.0,13000.0,UPI,Neha Singh
TX00511,2026-06-13,Electric Kettle Stainless,Home Appliances,South,Returning,8,2400,10,17280.0,9984.0,7296.0,Cash,Rahul Sharma
TX00512,2026-06-09,Noise Cancelling Headphones,Electronics,South,New,3,14500,0,43500.0,28275.0,15225.0,UPI,Ananya Roy
TX00513,2026-07-05,Gaming Mouse 8K,Electronics,West,New,3,3200,8,8832.0,5280.0,3552.0,Card,Kavita Reddy
TX00514,2026-06-03,Standing Desk Dual Engine,Furniture,East,Returning,7,34000,0,238000.0,161840.0,76160.0,UPI,Amit Kumar
TX00515,2026-03-07,Laptop Sleeve 15,Accessories,North,Returning,1,1100,0,1100.0,385.0,715.0,Net Banking,Siddharth Rao
TX00516,2026-07-04,Smartphone X,Electronics,West,Returning,5,42000,12,184800.0,151200.0,33600.0,UPI,Kavita Reddy
TX00517,2026-06-04,Portable SSD 2TB,Electronics,North,New,2,12500,10,22500.0,17500.0,5000.0,Cash,Amit Kumar
TX00518,2026-07-10,Laptop Sleeve 15,Accessories,South,Returning,6,1100,12,5808.0,2310.0,3498.0,Card,Priya Patel
TX00519,2026-03-31,Robotic Vacuum X,Home Appliances,South,New,2,26000,5,49400.0,36400.0,13000.0,Net Banking,Siddharth Rao
TX00520,2026-03-11,Mechanical RGB Keyboard,Electronics,North,Returning,1,6200,12,5456.0,3596.0,1860.0,Card,Priya Patel
TX00521,2026-02-24,Travel Backpack 30L,Accessories,West,Returning,1,3500,12,3080.0,1575.0,1505.0,Card,Siddharth Rao
TX00522,2026-06-14,Smart Blender 1200W,Home Appliances,South,New,4,6800,0,27200.0,15776.0,11424.0,Cash,Siddharth Rao
TX00523,2026-05-01,Mechanical RGB Keyboard,Electronics,South,New,2,6200,12,10912.0,7192.0,3720.0,UPI,Siddharth Rao
TX00524,2026-04-07,Executive Desk,Furniture,North,Returning,1,28000,5,26600.0,18200.0,8400.0,UPI,Rahul Sharma
TX00525,2026-05-08,Standing Desk Dual Engine,Furniture,West,New,3,34000,0,102000.0,69360.0,32640.0,UPI,Vikas Verma
TX00526,2026-04-08,Pro Runner Shoes,Footwear,East,Returning,7,6500,10,40950.0,21840.0,19110.0,UPI,Kavita Reddy
TX00527,2026-03-18,Air Purifier Pro,Home Appliances,East,Returning,5,16500,5,78375.0,54450.0,23925.0,Card,Siddharth Rao
TX00528,2026-03-08,Gaming Mouse 8K,Electronics,West,Returning,3,3200,0,9600.0,5280.0,4320.0,Card,Ananya Roy
TX00529,2026-06-21,Tablet Pro 11,Electronics,North,Returning,1,38000,10,34200.0,28500.0,5700.0,Cash,Kavita Reddy
TX00530,2026-07-04,Pro Runner Shoes,Footwear,North,New,3,6500,0,19500.0,9360.0,10140.0,UPI,Siddharth Rao
TX00531,2026-05-14,MagSafe Power Bank,Accessories,South,Returning,1,3200,12,2816.0,1664.0,1152.0,Cash,Kavita Reddy
TX00532,2026-05-24,Laptop Pro 15,Electronics,North,Returning,5,68000,0,340000.0,265200.0,74800.0,Card,Neha Singh
TX00533,2026-07-08,Portable SSD 2TB,Electronics,West,New,1,12500,15,10625.0,8750.0,1875.0,UPI,Vikas Verma
TX00534,2026-05-14,Coffee Maker Deluxe,Home Appliances,West,New,2,12800,5,24320.0,16384.0,7936.0,Card,Priya Patel
TX00535,2026-02-24,Denim Pants Premium,Clothing,West,Returning,6,2900,0,17400.0,7308.0,10092.0,Cash,Neha Singh
TX00536,2026-07-06,Executive Desk,Furniture,South,New,1,28000,0,28000.0,18200.0,9800.0,UPI,Priya Patel
TX00537,2026-06-24,Wireless Earbuds,Electronics,East,New,1,4500,10,4050.0,2700.0,1350.0,Net Banking,Vikas Verma
TX00538,2026-07-28,Casual Leather Loafers,Footwear,Central,Returning,4,4200,10,15120.0,8400.0,6720.0,Net Banking,Kavita Reddy
TX00539,2026-07-25,Trail Hiking Boots,Footwear,Central,Returning,8,8400,0,67200.0,34944.0,32256.0,UPI,Neha Singh
TX00540,2026-07-24,Bookshelf Wooden,Furniture,West,New,3,8900,5,25365.0,15486.0,9879.0,UPI,Vikas Verma
TX00541,2026-04-05,Denim Pants Premium,Clothing,North,Returning,6,2900,0,17400.0,7308.0,10092.0,Net Banking,Kavita Reddy
TX00542,2026-04-22,Coffee Maker Deluxe,Home Appliances,North,Returning,3,12800,12,33792.0,24576.0,9216.0,Card,Neha Singh
TX00543,2026-06-08,Executive Desk,Furniture,North,New,3,28000,0,84000.0,54600.0,29400.0,UPI,Neha Singh
TX00544,2026-07-09,Coffee Maker Deluxe,Home Appliances,North,New,1,12800,8,11776.0,8192.0,3584.0,Card,Rahul Sharma
TX00545,2026-06-19,Monitor 27 Ultra,Electronics,West,New,3,24000,5,68400.0,50400.0,18000.0,Net Banking,Vikas Verma
TX00546,2026-06-06,Ergonomic Office Chair,Furniture,Central,Returning,5,14500,5,68875.0,44950.0,23925.0,Card,Amit Kumar
TX00547,2026-02-14,MagSafe Power Bank,Accessories,West,Returning,1,3200,5,3040.0,1664.0,1376.0,UPI,Amit Kumar
TX00548,2026-05-29,Gaming Mouse 8K,Electronics,West,Returning,1,3200,18,2624.0,1760.0,864.0,Card,Siddharth Rao
TX00549,2026-06-29,Mechanical RGB Keyboard,Electronics,South,Returning,5,6200,0,31000.0,17980.0,13020.0,UPI,Vikas Verma
TX00550,2026-06-01,Formal Suit Blazer,Clothing,South,Returning,4,11500,5,43700.0,25300.0,18400.0,Card,Ananya Roy
TX00551,2026-05-14,Running Jacket Pro,Clothing,South,Returning,4,4800,10,17280.0,8640.0,8640.0,Card,Neha Singh
TX00552,2026-06-23,Pro Runner Shoes,Footwear,West,New,2,6500,5,12350.0,6240.0,6110.0,UPI,Siddharth Rao
TX00553,2026-06-08,Noise Cancelling Headphones,Electronics,Central,Returning,6,14500,10,78300.0,56550.0,21750.0,UPI,Rahul Sharma
TX00554,2026-05-13,Mechanical RGB Keyboard,Electronics,West,New,3,6200,25,13950.0,10788.0,3162.0,Cash,Priya Patel
TX00555,2026-05-27,Formal Suit Blazer,Clothing,South,New,3,11500,0,34500.0,18975.0,15525.0,UPI,Ananya Roy
TX00556,2026-07-24,Executive Desk,Furniture,East,Returning,3,28000,15,71400.0,54600.0,16800.0,UPI,Ananya Roy
TX00557,2026-07-23,Laptop Sleeve 15,Accessories,East,Returning,2,1100,5,2090.0,770.0,1320.0,UPI,Amit Kumar
TX00558,2026-03-15,Formal Suit Blazer,Clothing,South,Returning,7,11500,10,72450.0,44275.0,28175.0,UPI,Amit Kumar
TX00559,2026-04-29,Bookshelf Wooden,Furniture,South,Returning,5,8900,8,40940.0,25810.0,15130.0,UPI,Kavita Reddy
TX00560,2026-05-04,MagSafe Power Bank,Accessories,Central,New,2,3200,10,5760.0,3328.0,2432.0,UPI,Neha Singh
TX00561,2026-07-20,Mesh Task Chair,Furniture,Central,Returning,2,7500,0,15000.0,9000.0,6000.0,UPI,Priya Patel
TX00562,2026-02-17,Travel Backpack 30L,Accessories,East,New,4,3500,5,13300.0,6300.0,7000.0,Net Banking,Priya Patel
TX00563,2026-04-09,4K Streaming WebCam,Electronics,North,Returning,7,7800,0,54600.0,33852.0,20748.0,UPI,Vikas Verma
TX00564,2026-05-25,Noise Cancelling Headphones,Electronics,North,Returning,1,14500,0,14500.0,9425.0,5075.0,UPI,Ananya Roy
TX00565,2026-06-02,Trail Hiking Boots,Footwear,Central,Returning,5,8400,5,39900.0,21840.0,18060.0,UPI,Amit Kumar
TX00566,2026-07-02,Trail Hiking Boots,Footwear,East,Returning,7,8400,5,55860.0,30576.0,25284.0,Card,Vikas Verma
TX00567,2026-04-30,Travel Backpack 30L,Accessories,East,Returning,8,3500,0,28000.0,12600.0,15400.0,UPI,Amit Kumar
TX00568,2026-04-19,Laptop Pro 15,Electronics,North,Returning,3,68000,0,204000.0,159120.0,44880.0,Card,Rahul Sharma
TX00569,2026-07-27,Leather Slim Wallet,Accessories,Central,Returning,1,1400,10,1260.0,532.0,728.0,Card,Neha Singh
TX00570,2026-02-02,Air Purifier Pro,Home Appliances,North,Returning,7,16500,5,109725.0,76230.0,33495.0,UPI,Siddharth Rao
TX00571,2026-05-08,Bookshelf Wooden,Furniture,South,Returning,4,8900,5,33820.0,20648.0,13172.0,Card,Vikas Verma
TX00572,2026-04-14,Running Jacket Pro,Clothing,South,Returning,3,4800,0,14400.0,6480.0,7920.0,UPI,Kavita Reddy
TX00573,2026-07-09,Casual Leather Loafers,Footwear,South,Returning,4,4200,0,16800.0,8400.0,8400.0,UPI,Rahul Sharma
TX00574,2026-03-20,Mechanical RGB Keyboard,Electronics,South,New,4,6200,8,22816.0,14384.0,8432.0,UPI,Amit Kumar
TX00575,2026-02-04,Leather Slim Wallet,Accessories,North,Returning,8,1400,20,8960.0,4256.0,4704.0,Card,Rahul Sharma
TX00576,2026-04-26,Smart Watch Series 7,Electronics,West,Returning,1,18500,0,18500.0,12580.0,5920.0,UPI,Kavita Reddy
TX00577,2026-03-19,Executive Desk,Furniture,Central,New,4,28000,10,100800.0,72800.0,28000.0,UPI,Neha Singh
TX00578,2026-05-10,Casual Leather Loafers,Footwear,North,Returning,4,4200,5,15960.0,8400.0,7560.0,Card,Neha Singh
TX00579,2026-06-02,Robotic Vacuum X,Home Appliances,West,New,3,26000,0,78000.0,54600.0,23400.0,Card,Priya Patel
TX00580,2026-04-06,Travel Backpack 30L,Accessories,East,New,1,3500,10,3150.0,1575.0,1575.0,UPI,Priya Patel
TX00581,2026-04-02,Pro Runner Shoes,Footwear,South,New,3,6500,5,18525.0,9360.0,9165.0,UPI,Neha Singh
TX00582,2026-02-03,Monitor 27 Ultra,Electronics,East,Returning,3,24000,5,68400.0,50400.0,18000.0,UPI,Amit Kumar
TX00583,2026-06-08,Smart Watch Series 7,Electronics,West,New,1,18500,0,18500.0,12580.0,5920.0,Card,Priya Patel
TX00584,2026-03-05,Leather Slim Wallet,Accessories,North,Returning,6,1400,10,7560.0,3192.0,4368.0,UPI,Neha Singh
TX00585,2026-02-06,Robotic Vacuum X,Home Appliances,South,New,1,26000,5,24700.0,18200.0,6500.0,UPI,Vikas Verma
TX00586,2026-06-19,Leather Slim Wallet,Accessories,North,New,3,1400,0,4200.0,1596.0,2604.0,Card,Amit Kumar
TX00587,2026-02-18,MagSafe Power Bank,Accessories,North,New,3,3200,5,9120.0,4992.0,4128.0,Card,Siddharth Rao
TX00588,2026-03-20,Smartphone X,Electronics,East,New,2,42000,0,84000.0,60480.0,23520.0,UPI,Siddharth Rao
TX00589,2026-03-21,MagSafe Power Bank,Accessories,West,Returning,3,3200,8,8832.0,4992.0,3840.0,UPI,Ananya Roy
TX00590,2026-03-01,Mechanical RGB Keyboard,Electronics,East,New,2,6200,0,12400.0,7192.0,5208.0,UPI,Priya Patel
TX00591,2026-06-05,Executive Desk,Furniture,North,Returning,7,28000,8,180320.0,127400.0,52920.0,Card,Vikas Verma
TX00592,2026-02-13,Air Purifier Pro,Home Appliances,North,Returning,1,16500,12,14520.0,10890.0,3630.0,UPI,Kavita Reddy
TX00593,2026-02-21,Trail Hiking Boots,Footwear,West,New,4,8400,10,30240.0,17472.0,12768.0,Card,Rahul Sharma
TX00594,2026-07-08,Running Jacket Pro,Clothing,East,Returning,5,4800,0,24000.0,10800.0,13200.0,UPI,Priya Patel
TX00595,2026-02-26,Bookshelf Wooden,Furniture,East,New,2,8900,5,16910.0,10324.0,6586.0,Net Banking,Siddharth Rao
TX00596,2026-02-28,Coffee Maker Deluxe,Home Appliances,West,Returning,7,12800,12,78848.0,57344.0,21504.0,UPI,Amit Kumar
TX00597,2026-06-21,Electric Kettle Stainless,Home Appliances,East,Returning,8,2400,12,16896.0,9984.0,6912.0,Net Banking,Ananya Roy
TX00598,2026-05-07,Smart Blender 1200W,Home Appliances,West,Returning,6,6800,8,37536.0,23664.0,13872.0,Card,Neha Singh
TX00599,2026-05-08,Mesh Task Chair,Furniture,South,Returning,7,7500,0,52500.0,31500.0,21000.0,UPI,Vikas Verma
TX00600,2026-07-03,Smartphone X,Electronics,East,Returning,5,42000,0,210000.0,151200.0,58800.0,Net Banking,Neha Singh
TX00601,2026-04-22,Smartphone X,Electronics,West,Returning,5,42000,12,184800.0,151200.0,33600.0,Card,Amit Kumar
TX00602,2026-02-25,Monitor 27 Ultra,Electronics,South,New,3,24000,5,68400.0,50400.0,18000.0,Card,Neha Singh
TX00603,2026-04-07,Cotton Polo Shirt,Clothing,North,New,2,1600,8,2944.0,1280.0,1664.0,Card,Kavita Reddy
TX00604,2026-03-17,Leather Slim Wallet,Accessories,West,Returning,2,1400,5,2660.0,1064.0,1596.0,UPI,Siddharth Rao
TX00605,2026-02-21,Tablet Pro 11,Electronics,Central,New,4,38000,5,144400.0,114000.0,30400.0,Cash,Neha Singh
TX00606,2026-07-18,Laptop Pro 15,Electronics,East,Returning,1,68000,0,68000.0,53040.0,14960.0,UPI,Amit Kumar
TX00607,2026-04-25,Laptop Sleeve 15,Accessories,West,New,4,1100,15,3740.0,1540.0,2200.0,Card,Priya Patel
TX00608,2026-03-29,Pro Runner Shoes,Footwear,South,New,2,6500,0,13000.0,6240.0,6760.0,Card,Rahul Sharma
TX00609,2026-06-21,Electric Kettle Stainless,Home Appliances,South,New,4,2400,10,8640.0,4992.0,3648.0,UPI,Amit Kumar
TX00610,2026-06-04,Executive Desk,Furniture,East,Returning,4,28000,5,106400.0,72800.0,33600.0,Net Banking,Neha Singh
TX00611,2026-04-04,Wireless Earbuds,Electronics,South,Returning,2,4500,0,9000.0,5400.0,3600.0,UPI,Ananya Roy
TX00612,2026-05-01,Executive Desk,Furniture,South,Returning,1,28000,10,25200.0,18200.0,7000.0,UPI,Ananya Roy
TX00613,2026-07-08,Casual Leather Loafers,Footwear,East,Returning,4,4200,0,16800.0,8400.0,8400.0,UPI,Priya Patel
TX00614,2026-03-01,Tablet Pro 11,Electronics,North,Returning,3,38000,10,102600.0,85500.0,17100.0,Cash,Rahul Sharma
TX00615,2026-04-29,Gaming Mouse 8K,Electronics,South,Returning,6,3200,0,19200.0,10560.0,8640.0,Card,Neha Singh
TX00616,2026-06-20,MagSafe Power Bank,Accessories,West,Returning,3,3200,8,8832.0,4992.0,3840.0,Card,Siddharth Rao
TX00617,2026-06-30,MagSafe Power Bank,Accessories,North,New,3,3200,0,9600.0,4992.0,4608.0,Card,Vikas Verma
TX00618,2026-02-14,Trail Hiking Boots,Footwear,West,New,4,8400,8,30912.0,17472.0,13440.0,Card,Ananya Roy
TX00619,2026-02-28,Smartphone X,Electronics,South,Returning,7,42000,0,294000.0,211680.0,82320.0,UPI,Priya Patel
TX00620,2026-04-22,Leather Slim Wallet,Accessories,West,Returning,3,1400,0,4200.0,1596.0,2604.0,Net Banking,Rahul Sharma
TX00621,2026-02-11,Monitor Arm Dual Mount,Furniture,Central,New,4,4200,5,15960.0,8400.0,7560.0,UPI,Ananya Roy
TX00622,2026-07-26,Coffee Maker Deluxe,Home Appliances,South,New,3,12800,10,34560.0,24576.0,9984.0,Card,Siddharth Rao
TX00623,2026-02-08,Running Jacket Pro,Clothing,North,New,4,4800,8,17664.0,8640.0,9024.0,UPI,Siddharth Rao
TX00624,2026-06-14,Bookshelf Wooden,Furniture,South,Returning,7,8900,15,52955.0,36134.0,16821.0,Net Banking,Ananya Roy
TX00625,2026-05-26,Noise Cancelling Headphones,Electronics,North,New,2,14500,10,26100.0,18850.0,7250.0,UPI,Amit Kumar
TX00626,2026-05-22,4K Streaming WebCam,Electronics,West,Returning,3,7800,23,18018.0,14508.0,3510.0,UPI,Priya Patel
TX00627,2026-03-20,Windbreaker Hooded,Clothing,West,New,1,3800,10,3420.0,1748.0,1672.0,Cash,Siddharth Rao
TX00628,2026-05-17,Cotton Polo Shirt,Clothing,South,Returning,5,1600,0,8000.0,3200.0,4800.0,UPI,Amit Kumar
TX00629,2026-03-20,Smartphone X,Electronics,West,Returning,5,42000,8,193200.0,151200.0,42000.0,Card,Neha Singh
TX00630,2026-04-01,Smartphone X,Electronics,South,Returning,8,42000,0,336000.0,241920.0,94080.0,Cash,Kavita Reddy
TX00631,2026-07-17,Air Purifier Pro,Home Appliances,North,New,4,16500,0,66000.0,43560.0,22440.0,UPI,Rahul Sharma
TX00632,2026-05-16,Laptop Pro 15,Electronics,Central,Returning,4,68000,8,250240.0,212160.0,38080.0,Net Banking,Neha Singh
TX00633,2026-02-17,Ergonomic Office Chair,Furniture,Central,Returning,8,14500,8,106720.0,71920.0,34800.0,Cash,Neha Singh
TX00634,2026-05-21,Electric Kettle Stainless,Home Appliances,West,Returning,7,2400,8,15456.0,8736.0,6720.0,UPI,Rahul Sharma
TX00635,2026-06-14,Mechanical RGB Keyboard,Electronics,South,Returning,1,6200,12,5456.0,3596.0,1860.0,UPI,Siddharth Rao
TX00636,2026-02-11,Robotic Vacuum X,Home Appliances,East,Returning,1,26000,0,26000.0,18200.0,7800.0,UPI,Vikas Verma
TX00637,2026-04-15,Trail Hiking Boots,Footwear,North,New,1,8400,8,7728.0,4368.0,3360.0,Net Banking,Kavita Reddy
TX00638,2026-07-16,Casual Leather Loafers,Footwear,North,Returning,3,4200,10,11340.0,6300.0,5040.0,Net Banking,Amit Kumar
TX00639,2026-05-12,Smart Blender 1200W,Home Appliances,South,New,4,6800,5,25840.0,15776.0,10064.0,Card,Neha Singh
TX00640,2026-05-28,Smart Watch Series 7,Electronics,South,Returning,3,18500,8,51060.0,37740.0,13320.0,UPI,Priya Patel
TX00641,2026-07-31,Casual Leather Loafers,Footwear,East,New,4,4200,8,15456.0,8400.0,7056.0,Net Banking,Amit Kumar
TX00642,2026-05-08,Robotic Vacuum X,Home Appliances,North,New,3,26000,5,74100.0,54600.0,19500.0,Card,Amit Kumar
TX00643,2026-03-14,4K Streaming WebCam,Electronics,North,Returning,7,7800,0,54600.0,33852.0,20748.0,Card,Kavita Reddy
TX00644,2026-04-15,Ergonomic Office Chair,Furniture,North,New,2,14500,0,29000.0,17980.0,11020.0,Card,Rahul Sharma
TX00645,2026-05-29,Leather Slim Wallet,Accessories,West,Returning,1,1400,8,1288.0,532.0,756.0,Card,Neha Singh
TX00646,2026-07-01,Travel Backpack 30L,Accessories,South,Returning,1,3500,0,3500.0,1575.0,1925.0,Card,Neha Singh
TX00647,2026-02-13,Ergonomic Office Chair,Furniture,North,Returning,1,14500,0,14500.0,8990.0,5510.0,UPI,Vikas Verma
TX00648,2026-04-26,Smart Watch Series 7,Electronics,North,New,2,18500,0,37000.0,25160.0,11840.0,UPI,Amit Kumar
TX00649,2026-05-28,Air Purifier Pro,Home Appliances,Central,New,3,16500,0,49500.0,32670.0,16830.0,Cash,Priya Patel
TX00650,2026-05-21,Wireless Earbuds,Electronics,South,New,3,4500,0,13500.0,8100.0,5400.0,UPI,Neha Singh
TX00651,2026-07-29,Standing Desk Dual Engine,Furniture,East,New,1,34000,5,32300.0,23120.0,9180.0,Card,Vikas Verma
TX00652,2026-05-21,Windbreaker Hooded,Clothing,South,Returning,6,3800,12,20064.0,10488.0,9576.0,Card,Kavita Reddy
TX00653,2026-06-14,Leather Slim Wallet,Accessories,East,New,2,1400,8,2576.0,1064.0,1512.0,Net Banking,Rahul Sharma
TX00654,2026-03-03,Smartphone X,Electronics,South,Returning,4,42000,10,151200.0,120960.0,30240.0,Net Banking,Siddharth Rao
TX00655,2026-02-12,Formal Suit Blazer,Clothing,South,Returning,4,11500,0,46000.0,25300.0,20700.0,UPI,Vikas Verma
TX00656,2026-04-07,Wireless Earbuds,Electronics,South,Returning,6,4500,10,24300.0,16200.0,8100.0,UPI,Ananya Roy
TX00657,2026-04-29,Electric Kettle Stainless,Home Appliances,West,Returning,1,2400,10,2160.0,1248.0,912.0,UPI,Ananya Roy
TX00658,2026-07-23,Travel Backpack 30L,Accessories,Central,Returning,3,3500,5,9975.0,4725.0,5250.0,Card,Ananya Roy
TX00659,2026-05-30,Smart Blender 1200W,Home Appliances,Central,New,3,6800,5,19380.0,11832.0,7548.0,Card,Rahul Sharma
TX00660,2026-03-26,Formal Suit Blazer,Clothing,West,Returning,6,11500,0,69000.0,37950.0,31050.0,UPI,Rahul Sharma
TX00661,2026-04-28,Robotic Vacuum X,Home Appliances,East,Returning,7,26000,0,182000.0,127400.0,54600.0,UPI,Vikas Verma
TX00662,2026-07-31,Windbreaker Hooded,Clothing,West,New,1,3800,5,3610.0,1748.0,1862.0,UPI,Kavita Reddy
TX00663,2026-04-19,Standing Desk Dual Engine,Furniture,East,New,3,34000,10,91800.0,69360.0,22440.0,Card,Priya Patel
TX00664,2026-05-25,Laptop Sleeve 15,Accessories,North,Returning,3,1100,0,3300.0,1155.0,2145.0,Net Banking,Vikas Verma
TX00665,2026-04-25,4K Streaming WebCam,Electronics,West,New,2,7800,0,15600.0,9672.0,5928.0,UPI,Siddharth Rao
TX00666,2026-06-14,Gaming Mouse 8K,Electronics,North,Returning,2,3200,0,6400.0,3520.0,2880.0,Cash,Priya Patel
TX00667,2026-06-14,Cotton Polo Shirt,Clothing,North,Returning,4,1600,0,6400.0,2560.0,3840.0,UPI,Vikas Verma
TX00668,2026-06-17,Windbreaker Hooded,Clothing,West,Returning,5,3800,0,19000.0,8740.0,10260.0,UPI,Rahul Sharma
TX00669,2026-07-10,Laptop Sleeve 15,Accessories,North,Returning,6,1100,0,6600.0,2310.0,4290.0,Net Banking,Vikas Verma
TX00670,2026-06-27,Monitor Arm Dual Mount,Furniture,North,New,3,4200,5,11970.0,6300.0,5670.0,UPI,Rahul Sharma
TX00671,2026-06-01,Tablet Pro 11,Electronics,North,New,4,38000,5,144400.0,114000.0,30400.0,Card,Kavita Reddy
TX00672,2026-07-08,Coffee Maker Deluxe,Home Appliances,South,Returning,2,12800,15,21760.0,16384.0,5376.0,Card,Kavita Reddy
TX00673,2026-06-26,Noise Cancelling Headphones,Electronics,North,Returning,8,14500,0,116000.0,75400.0,40600.0,UPI,Kavita Reddy
TX00674,2026-06-01,Bookshelf Wooden,Furniture,Central,New,3,8900,12,23496.0,15486.0,8010.0,UPI,Ananya Roy
TX00675,2026-04-25,Trail Hiking Boots,Footwear,East,New,1,8400,5,7980.0,4368.0,3612.0,Card,Amit Kumar
TX00676,2026-04-14,Coffee Maker Deluxe,Home Appliances,East,New,1,12800,5,12160.0,8192.0,3968.0,Card,Priya Patel
TX00677,2026-04-25,Wireless Earbuds,Electronics,West,Returning,7,4500,5,29925.0,18900.0,11025.0,UPI,Neha Singh
TX00678,2026-06-21,Portable SSD 2TB,Electronics,Central,New,3,12500,0,37500.0,26250.0,11250.0,Card,Siddharth Rao
TX00679,2026-05-23,Formal Suit Blazer,Clothing,East,New,1,11500,8,10580.0,6325.0,4255.0,Card,Kavita Reddy
TX00680,2026-03-02,Trail Hiking Boots,Footwear,South,New,4,8400,0,33600.0,17472.0,16128.0,Net Banking,Priya Patel
TX00681,2026-07-04,Mechanical RGB Keyboard,Electronics,West,Returning,7,6200,0,43400.0,25172.0,18228.0,Card,Rahul Sharma
TX00682,2026-02-24,Standing Desk Dual Engine,Furniture,West,Returning,1,34000,10,30600.0,23120.0,7480.0,Card,Kavita Reddy
TX00683,2026-06-17,Denim Pants Premium,Clothing,South,Returning,4,2900,0,11600.0,4872.0,6728.0,Cash,Vikas Verma
TX00684,2026-06-26,Cotton Polo Shirt,Clothing,Central,Returning,6,1600,20,7680.0,3840.0,3840.0,Card,Siddharth Rao
TX00685,2026-03-05,Denim Pants Premium,Clothing,North,Returning,1,2900,0,2900.0,1218.0,1682.0,Card,Ananya Roy
TX00686,2026-03-01,Denim Pants Premium,Clothing,West,New,4,2900,8,10672.0,4872.0,5800.0,Card,Siddharth Rao
TX00687,2026-05-09,Pro Runner Shoes,Footwear,East,Returning,8,6500,0,52000.0,24960.0,27040.0,Card,Ananya Roy
TX00688,2026-05-18,4K Streaming WebCam,Electronics,South,Returning,3,7800,0,23400.0,14508.0,8892.0,UPI,Rahul Sharma
TX00689,2026-03-09,Leather Slim Wallet,Accessories,West,Returning,3,1400,0,4200.0,1596.0,2604.0,Card,Siddharth Rao
TX00690,2026-05-28,Pro Runner Shoes,Footwear,East,Returning,7,6500,5,43225.0,21840.0,21385.0,Card,Ananya Roy
TX00691,2026-03-30,Ergonomic Office Chair,Furniture,South,New,4,14500,10,52200.0,35960.0,16240.0,UPI,Vikas Verma
TX00692,2026-05-17,Air Purifier Pro,Home Appliances,North,New,4,16500,8,60720.0,43560.0,17160.0,UPI,Kavita Reddy
TX00693,2026-07-27,Smart Watch Series 7,Electronics,North,Returning,5,18500,5,87875.0,62900.0,24975.0,UPI,Priya Patel
TX00694,2026-04-04,Travel Backpack 30L,Accessories,East,Returning,2,3500,8,6440.0,3150.0,3290.0,Card,Vikas Verma
TX00695,2026-07-07,Tablet Pro 11,Electronics,Central,Returning,1,38000,5,36100.0,28500.0,7600.0,Card,Kavita Reddy
TX00696,2026-06-27,Formal Suit Blazer,Clothing,South,Returning,5,11500,0,57500.0,31625.0,25875.0,UPI,Vikas Verma
TX00697,2026-06-25,Mesh Task Chair,Furniture,North,Returning,3,7500,5,21375.0,13500.0,7875.0,Card,Vikas Verma
TX00698,2026-07-10,Smartphone X,Electronics,South,New,1,42000,10,37800.0,30240.0,7560.0,UPI,Amit Kumar
TX00699,2026-07-08,Running Jacket Pro,Clothing,South,New,1,4800,8,4416.0,2160.0,2256.0,Net Banking,Amit Kumar
TX00700,2026-07-19,Casual Leather Loafers,Footwear,South,New,2,4200,5,7980.0,4200.0,3780.0,Card,Rahul Sharma
TX00701,2026-04-29,Smart Watch Series 7,Electronics,Central,Returning,3,18500,10,49950.0,37740.0,12210.0,Card,Siddharth Rao
TX00702,2026-05-10,Monitor Arm Dual Mount,Furniture,West,Returning,3,4200,0,12600.0,6300.0,6300.0,Card,Ananya Roy
TX00703,2026-02-14,Mesh Task Chair,Furniture,West,New,2,7500,5,14250.0,9000.0,5250.0,Card,Kavita Reddy
TX00704,2026-06-17,Bookshelf Wooden,Furniture,South,Returning,8,8900,0,71200.0,41296.0,29904.0,Card,Siddharth Rao
TX00705,2026-02-04,Denim Pants Premium,Clothing,Central,Returning,6,2900,15,14790.0,7308.0,7482.0,Card,Rahul Sharma
TX00706,2026-02-25,Coffee Maker Deluxe,Home Appliances,Central,Returning,5,12800,0,64000.0,40960.0,23040.0,UPI,Priya Patel
TX00707,2026-04-07,Electric Kettle Stainless,Home Appliances,South,Returning,4,2400,8,8832.0,4992.0,3840.0,Card,Neha Singh
TX00708,2026-06-14,Formal Suit Blazer,Clothing,West,Returning,6,11500,5,65550.0,37950.0,27600.0,Card,Priya Patel
TX00709,2026-02-04,Smart Blender 1200W,Home Appliances,North,New,4,6800,5,25840.0,15776.0,10064.0,Card,Vikas Verma
TX00710,2026-03-22,Monitor 27 Ultra,Electronics,North,New,2,24000,15,40800.0,33600.0,7200.0,Card,Priya Patel
TX00711,2026-02-23,Noise Cancelling Headphones,Electronics,South,Returning,3,14500,12,38280.0,28275.0,10005.0,Card,Vikas Verma
TX00712,2026-04-17,Trail Hiking Boots,Footwear,West,New,4,8400,12,29568.0,17472.0,12096.0,UPI,Siddharth Rao
TX00713,2026-07-28,Windbreaker Hooded,Clothing,South,Returning,5,3800,10,17100.0,8740.0,8360.0,UPI,Ananya Roy
TX00714,2026-02-16,Mesh Task Chair,Furniture,Central,New,4,7500,0,30000.0,18000.0,12000.0,Net Banking,Neha Singh
TX00715,2026-07-07,Electric Kettle Stainless,Home Appliances,North,Returning,3,2400,5,6840.0,3744.0,3096.0,UPI,Priya Patel
TX00716,2026-05-25,Mesh Task Chair,Furniture,North,New,3,7500,10,20250.0,13500.0,6750.0,UPI,Kavita Reddy
TX00717,2026-03-11,Laptop Pro 15,Electronics,Central,Returning,5,68000,0,340000.0,265200.0,74800.0,UPI,Siddharth Rao
TX00718,2026-06-28,Laptop Pro 15,Electronics,East,Returning,8,68000,5,516800.0,424320.0,92480.0,UPI,Priya Patel
TX00719,2026-06-19,Bookshelf Wooden,Furniture,North,Returning,8,8900,0,71200.0,41296.0,29904.0,Card,Ananya Roy
TX00720,2026-04-27,Cotton Polo Shirt,Clothing,South,Returning,2,1600,5,3040.0,1280.0,1760.0,Cash,Ananya Roy
TX00721,2026-02-21,Trail Hiking Boots,Footwear,West,New,2,8400,0,16800.0,8736.0,8064.0,UPI,Siddharth Rao
TX00722,2026-07-20,Executive Desk,Furniture,South,New,1,28000,8,25760.0,18200.0,7560.0,UPI,Priya Patel
TX00723,2026-07-12,Casual Leather Loafers,Footwear,West,New,2,4200,0,8400.0,4200.0,4200.0,Net Banking,Neha Singh
TX00724,2026-06-06,Robotic Vacuum X,Home Appliances,North,Returning,5,26000,5,123500.0,91000.0,32500.0,Net Banking,Kavita Reddy
TX00725,2026-02-05,Monitor 27 Ultra,Electronics,South,New,1,24000,5,22800.0,16800.0,6000.0,UPI,Kavita Reddy
TX00726,2026-07-24,4K Streaming WebCam,Electronics,West,New,1,7800,0,7800.0,4836.0,2964.0,UPI,Rahul Sharma
TX00727,2026-06-01,Monitor 27 Ultra,Electronics,North,Returning,1,24000,0,24000.0,16800.0,7200.0,UPI,Vikas Verma
TX00728,2026-02-25,Trail Hiking Boots,Footwear,East,Returning,2,8400,10,15120.0,8736.0,6384.0,UPI,Kavita Reddy
TX00729,2026-07-03,Bookshelf Wooden,Furniture,North,New,3,8900,10,24030.0,15486.0,8544.0,Net Banking,Siddharth Rao
TX00730,2026-04-25,Gaming Mouse 8K,Electronics,Central,Returning,3,3200,0,9600.0,5280.0,4320.0,Net Banking,Neha Singh
TX00731,2026-02-12,Ergonomic Office Chair,Furniture,South,New,2,14500,10,26100.0,17980.0,8120.0,UPI,Ananya Roy
TX00732,2026-06-22,Portable SSD 2TB,Electronics,South,Returning,1,12500,0,12500.0,8750.0,3750.0,Card,Siddharth Rao
TX00733,2026-03-13,Smartphone X,Electronics,West,New,1,42000,0,42000.0,30240.0,11760.0,UPI,Vikas Verma
TX00734,2026-05-18,Travel Backpack 30L,Accessories,West,New,3,3500,5,9975.0,4725.0,5250.0,UPI,Amit Kumar
TX00735,2026-07-07,Monitor 27 Ultra,Electronics,East,Returning,2,24000,8,44160.0,33600.0,10560.0,Card,Ananya Roy
TX00736,2026-05-19,Laptop Pro 15,Electronics,East,New,1,68000,8,62560.0,53040.0,9520.0,Cash,Neha Singh
TX00737,2026-05-30,Standing Desk Dual Engine,Furniture,South,New,2,34000,8,62560.0,46240.0,16320.0,Net Banking,Kavita Reddy
TX00738,2026-06-08,Ergonomic Office Chair,Furniture,North,Returning,1,14500,8,13340.0,8990.0,4350.0,UPI,Siddharth Rao
TX00739,2026-04-06,Formal Suit Blazer,Clothing,East,Returning,8,11500,0,92000.0,50600.0,41400.0,Card,Amit Kumar
TX00740,2026-03-13,Smartphone X,Electronics,East,New,2,42000,8,77280.0,60480.0,16800.0,Card,Ananya Roy
TX00741,2026-05-19,Executive Desk,Furniture,West,Returning,4,28000,10,100800.0,72800.0,28000.0,UPI,Priya Patel
TX00742,2026-04-02,Smart Blender 1200W,Home Appliances,West,New,2,6800,0,13600.0,7888.0,5712.0,Card,Rahul Sharma
TX00743,2026-05-23,4K Streaming WebCam,Electronics,North,Returning,3,7800,5,22230.0,14508.0,7722.0,UPI,Neha Singh
TX00744,2026-07-12,Coffee Maker Deluxe,Home Appliances,Central,New,2,12800,0,25600.0,16384.0,9216.0,Card,Vikas Verma
TX00745,2026-03-07,Gaming Mouse 8K,Electronics,West,Returning,3,3200,10,8640.0,5280.0,3360.0,UPI,Vikas Verma
TX00746,2026-07-05,Portable SSD 2TB,Electronics,West,Returning,3,12500,5,35625.0,26250.0,9375.0,Card,Neha Singh
TX00747,2026-02-23,Smart Blender 1200W,Home Appliances,West,Returning,4,6800,5,25840.0,15776.0,10064.0,Cash,Vikas Verma
TX00748,2026-02-04,Pro Runner Shoes,Footwear,West,New,3,6500,5,18525.0,9360.0,9165.0,UPI,Amit Kumar
TX00749,2026-06-27,Laptop Pro 15,Electronics,South,New,4,68000,8,250240.0,212160.0,38080.0,Card,Siddharth Rao
TX00750,2026-06-16,Electric Kettle Stainless,Home Appliances,East,Returning,2,2400,5,4560.0,2496.0,2064.0,UPI,Rahul Sharma
TX00751,2026-07-28,Smart Blender 1200W,Home Appliances,Central,New,3,6800,0,20400.0,11832.0,8568.0,Net Banking,Rahul Sharma
TX00752,2026-06-03,Cotton Polo Shirt,Clothing,North,Returning,1,1600,15,1360.0,640.0,720.0,Card,Amit Kumar
TX00753,2026-07-31,Electric Kettle Stainless,Home Appliances,North,Returning,8,2400,8,17664.0,9984.0,7680.0,UPI,Priya Patel
TX00754,2026-05-10,Formal Suit Blazer,Clothing,East,New,3,11500,8,31740.0,18975.0,12765.0,Card,Neha Singh
TX00755,2026-07-26,Smart Watch Series 7,Electronics,East,New,1,18500,5,17575.0,12580.0,4995.0,Net Banking,Ananya Roy
TX00756,2026-02-14,Gaming Mouse 8K,Electronics,South,Returning,1,3200,5,3040.0,1760.0,1280.0,UPI,Priya Patel
TX00757,2026-06-24,Standing Desk Dual Engine,Furniture,North,New,1,34000,8,31280.0,23120.0,8160.0,Card,Neha Singh
TX00758,2026-03-30,Windbreaker Hooded,Clothing,South,New,4,3800,0,15200.0,6992.0,8208.0,UPI,Ananya Roy
TX00759,2026-05-27,Leather Slim Wallet,Accessories,East,Returning,8,1400,8,10304.0,4256.0,6048.0,Card,Vikas Verma
TX00760,2026-05-27,Air Purifier Pro,Home Appliances,West,Returning,2,16500,0,33000.0,21780.0,11220.0,Cash,Priya Patel
TX00761,2026-02-21,Electric Kettle Stainless,Home Appliances,Central,New,1,2400,0,2400.0,1248.0,1152.0,UPI,Amit Kumar
TX00762,2026-06-08,4K Streaming WebCam,Electronics,West,Returning,1,7800,0,7800.0,4836.0,2964.0,Net Banking,Amit Kumar
TX00763,2026-06-02,Coffee Maker Deluxe,Home Appliances,South,Returning,1,12800,0,12800.0,8192.0,4608.0,UPI,Neha Singh
TX00764,2026-06-14,Formal Suit Blazer,Clothing,South,New,3,11500,5,32775.0,18975.0,13800.0,Card,Kavita Reddy
TX00765,2026-05-29,Cotton Polo Shirt,Clothing,East,Returning,5,1600,0,8000.0,3200.0,4800.0,UPI,Kavita Reddy
TX00766,2026-05-07,Denim Pants Premium,Clothing,West,New,3,2900,0,8700.0,3654.0,5046.0,Net Banking,Amit Kumar
TX00767,2026-06-18,Denim Pants Premium,Clothing,North,New,2,2900,0,5800.0,2436.0,3364.0,UPI,Ananya Roy
TX00768,2026-06-28,Noise Cancelling Headphones,Electronics,South,New,2,14500,5,27550.0,18850.0,8700.0,UPI,Ananya Roy
TX00769,2026-04-30,4K Streaming WebCam,Electronics,South,Returning,3,7800,5,22230.0,14508.0,7722.0,UPI,Rahul Sharma
TX00770,2026-05-15,Leather Slim Wallet,Accessories,West,Returning,6,1400,0,8400.0,3192.0,5208.0,Net Banking,Ananya Roy
TX00771,2026-07-16,Denim Pants Premium,Clothing,East,New,2,2900,10,5220.0,2436.0,2784.0,Card,Kavita Reddy
TX00772,2026-04-28,Gaming Mouse 8K,Electronics,West,Returning,3,3200,8,8832.0,5280.0,3552.0,UPI,Rahul Sharma
TX00773,2026-05-14,Bookshelf Wooden,Furniture,South,New,1,8900,8,8188.0,5162.0,3026.0,UPI,Neha Singh
TX00774,2026-04-13,Executive Desk,Furniture,North,Returning,8,28000,8,206080.0,145600.0,60480.0,Net Banking,Siddharth Rao
TX00775,2026-03-22,Leather Slim Wallet,Accessories,South,Returning,1,1400,12,1232.0,532.0,700.0,UPI,Amit Kumar
TX00776,2026-05-21,Air Purifier Pro,Home Appliances,South,New,3,16500,5,47025.0,32670.0,14355.0,Net Banking,Priya Patel
TX00777,2026-03-28,Casual Leather Loafers,Footwear,West,New,4,4200,0,16800.0,8400.0,8400.0,Cash,Siddharth Rao
TX00778,2026-05-18,Noise Cancelling Headphones,Electronics,West,Returning,3,14500,21,34365.0,28275.0,6090.0,UPI,Ananya Roy
TX00779,2026-02-17,Robotic Vacuum X,Home Appliances,North,New,3,26000,5,74100.0,54600.0,19500.0,Card,Amit Kumar
TX00780,2026-03-24,Ergonomic Office Chair,Furniture,West,New,4,14500,0,58000.0,35960.0,22040.0,Cash,Vikas Verma
TX00781,2026-06-07,Trail Hiking Boots,Footwear,North,Returning,3,8400,0,25200.0,13104.0,12096.0,Net Banking,Kavita Reddy
TX00782,2026-03-04,Denim Pants Premium,Clothing,South,Returning,4,2900,0,11600.0,4872.0,6728.0,Card,Kavita Reddy
TX00783,2026-02-18,Air Purifier Pro,Home Appliances,East,Returning,5,16500,8,75900.0,54450.0,21450.0,Card,Priya Patel
TX00784,2026-05-07,Laptop Sleeve 15,Accessories,West,New,3,1100,0,3300.0,1155.0,2145.0,UPI,Ananya Roy
TX00785,2026-05-30,Noise Cancelling Headphones,Electronics,South,New,3,14500,5,41325.0,28275.0,13050.0,Net Banking,Ananya Roy
TX00786,2026-02-13,Denim Pants Premium,Clothing,South,Returning,2,2900,5,5510.0,2436.0,3074.0,Card,Amit Kumar
TX00787,2026-02-25,Portable SSD 2TB,Electronics,East,Returning,5,12500,0,62500.0,43750.0,18750.0,Card,Ananya Roy
TX00788,2026-02-25,Coffee Maker Deluxe,Home Appliances,West,New,3,12800,5,36480.0,24576.0,11904.0,Card,Ananya Roy
TX00789,2026-03-14,Mechanical RGB Keyboard,Electronics,North,Returning,4,6200,10,22320.0,14384.0,7936.0,Card,Priya Patel
TX00790,2026-05-18,Trail Hiking Boots,Footwear,Central,New,2,8400,12,14784.0,8736.0,6048.0,Card,Vikas Verma
TX00791,2026-07-27,Air Purifier Pro,Home Appliances,North,Returning,6,16500,0,99000.0,65340.0,33660.0,UPI,Priya Patel
TX00792,2026-03-29,Noise Cancelling Headphones,Electronics,West,New,2,14500,0,29000.0,18850.0,10150.0,UPI,Priya Patel
TX00793,2026-05-20,Gaming Mouse 8K,Electronics,North,Returning,7,3200,0,22400.0,12320.0,10080.0,UPI,Rahul Sharma
TX00794,2026-06-01,Gaming Mouse 8K,Electronics,Central,New,3,3200,8,8832.0,5280.0,3552.0,Card,Priya Patel
TX00795,2026-07-05,Standing Desk Dual Engine,Furniture,East,New,3,34000,0,102000.0,69360.0,32640.0,UPI,Vikas Verma
TX00796,2026-06-29,Coffee Maker Deluxe,Home Appliances,South,Returning,4,12800,5,48640.0,32768.0,15872.0,UPI,Rahul Sharma
TX00797,2026-06-16,Standing Desk Dual Engine,Furniture,West,Returning,3,34000,12,89760.0,69360.0,20400.0,Card,Priya Patel
TX00798,2026-03-27,Laptop Sleeve 15,Accessories,West,Returning,3,1100,5,3135.0,1155.0,1980.0,Net Banking,Amit Kumar
TX00799,2026-05-02,Robotic Vacuum X,Home Appliances,South,Returning,7,26000,0,182000.0,127400.0,54600.0,Net Banking,Priya Patel
TX00800,2026-05-31,Gaming Mouse 8K,Electronics,East,Returning,6,3200,8,17664.0,10560.0,7104.0,Card,Rahul Sharma
TX00801,2026-02-22,Windbreaker Hooded,Clothing,East,New,4,3800,8,13984.0,6992.0,6992.0,UPI,Kavita Reddy
TX00802,2026-03-30,Smart Blender 1200W,Home Appliances,South,Returning,4,6800,10,24480.0,15776.0,8704.0,Cash,Kavita Reddy
TX00803,2026-07-24,Air Purifier Pro,Home Appliances,North,Returning,8,16500,8,121440.0,87120.0,34320.0,UPI,Priya Patel
TX00804,2026-03-03,4K Streaming WebCam,Electronics,South,Returning,2,7800,8,14352.0,9672.0,4680.0,Cash,Amit Kumar
TX00805,2026-02-17,Air Purifier Pro,Home Appliances,Central,New,4,16500,0,66000.0,43560.0,22440.0,Cash,Kavita Reddy
TX00806,2026-04-13,Running Jacket Pro,Clothing,West,Returning,7,4800,5,31920.0,15120.0,16800.0,Card,Siddharth Rao
TX00807,2026-06-05,Laptop Sleeve 15,Accessories,South,Returning,2,1100,0,2200.0,770.0,1430.0,Card,Neha Singh
TX00808,2026-07-11,Noise Cancelling Headphones,Electronics,North,Returning,2,14500,5,27550.0,18850.0,8700.0,UPI,Amit Kumar
TX00809,2026-05-09,Windbreaker Hooded,Clothing,North,Returning,2,3800,10,6840.0,3496.0,3344.0,Card,Kavita Reddy
TX00810,2026-05-31,Executive Desk,Furniture,South,Returning,5,28000,5,133000.0,91000.0,42000.0,Cash,Rahul Sharma
TX00811,2026-02-09,Pro Runner Shoes,Footwear,Central,New,4,6500,0,26000.0,12480.0,13520.0,UPI,Kavita Reddy
TX00812,2026-02-10,Monitor 27 Ultra,Electronics,North,Returning,5,24000,12,105600.0,84000.0,21600.0,UPI,Siddharth Rao
TX00813,2026-03-07,Cotton Polo Shirt,Clothing,West,Returning,2,1600,5,3040.0,1280.0,1760.0,Card,Kavita Reddy
TX00814,2026-06-02,Portable SSD 2TB,Electronics,East,New,4,12500,5,47500.0,35000.0,12500.0,UPI,Ananya Roy
TX00815,2026-04-14,Windbreaker Hooded,Clothing,North,Returning,3,3800,10,10260.0,5244.0,5016.0,UPI,Rahul Sharma
TX00816,2026-07-11,Formal Suit Blazer,Clothing,South,Returning,6,11500,5,65550.0,37950.0,27600.0,UPI,Neha Singh
TX00817,2026-04-05,Monitor Arm Dual Mount,Furniture,East,Returning,2,4200,10,7560.0,4200.0,3360.0,UPI,Amit Kumar
TX00818,2026-02-06,Windbreaker Hooded,Clothing,North,Returning,7,3800,5,25270.0,12236.0,13034.0,Net Banking,Vikas Verma
TX00819,2026-02-06,Travel Backpack 30L,Accessories,East,Returning,7,3500,5,23275.0,11025.0,12250.0,UPI,Priya Patel
TX00820,2026-06-06,Mechanical RGB Keyboard,Electronics,West,New,4,6200,5,23560.0,14384.0,9176.0,Card,Ananya Roy
TX00821,2026-03-15,Cotton Polo Shirt,Clothing,South,Returning,8,1600,8,11776.0,5120.0,6656.0,Net Banking,Priya Patel
TX00822,2026-06-18,Standing Desk Dual Engine,Furniture,South,New,4,34000,10,122400.0,92480.0,29920.0,Card,Priya Patel
TX00823,2026-06-29,Mechanical RGB Keyboard,Electronics,East,New,4,6200,5,23560.0,14384.0,9176.0,UPI,Priya Patel
TX00824,2026-07-17,Cotton Polo Shirt,Clothing,East,New,3,1600,0,4800.0,1920.0,2880.0,UPI,Kavita Reddy
TX00825,2026-07-22,Ergonomic Office Chair,Furniture,Central,Returning,3,14500,5,41325.0,26970.0,14355.0,UPI,Kavita Reddy
TX00826,2026-04-10,Pro Runner Shoes,Footwear,Central,Returning,1,6500,5,6175.0,3120.0,3055.0,UPI,Amit Kumar
TX00827,2026-04-03,4K Streaming WebCam,Electronics,West,Returning,7,7800,5,51870.0,33852.0,18018.0,Cash,Priya Patel
TX00828,2026-07-13,Standing Desk Dual Engine,Furniture,West,New,3,34000,8,93840.0,69360.0,24480.0,UPI,Neha Singh
TX00829,2026-05-15,Monitor Arm Dual Mount,Furniture,North,New,2,4200,10,7560.0,4200.0,3360.0,UPI,Kavita Reddy
TX00830,2026-06-24,Pro Runner Shoes,Footwear,South,Returning,4,6500,0,26000.0,12480.0,13520.0,UPI,Vikas Verma
TX00831,2026-04-13,Ergonomic Office Chair,Furniture,East,New,4,14500,10,52200.0,35960.0,16240.0,UPI,Priya Patel
TX00832,2026-04-22,Cotton Polo Shirt,Clothing,West,Returning,7,1600,12,9856.0,4480.0,5376.0,Card,Priya Patel
TX00833,2026-05-13,Noise Cancelling Headphones,Electronics,North,Returning,2,14500,5,27550.0,18850.0,8700.0,Cash,Vikas Verma
TX00834,2026-06-08,Smart Watch Series 7,Electronics,North,New,3,18500,0,55500.0,37740.0,17760.0,Card,Siddharth Rao
TX00835,2026-04-02,Pro Runner Shoes,Footwear,North,New,2,6500,15,11050.0,6240.0,4810.0,UPI,Vikas Verma
TX00836,2026-07-01,Tablet Pro 11,Electronics,East,New,1,38000,0,38000.0,28500.0,9500.0,UPI,Neha Singh
TX00837,2026-04-13,4K Streaming WebCam,Electronics,South,Returning,5,7800,0,39000.0,24180.0,14820.0,Net Banking,Rahul Sharma
TX00838,2026-07-20,Tablet Pro 11,Electronics,West,Returning,4,38000,0,152000.0,114000.0,38000.0,UPI,Ananya Roy
TX00839,2026-07-26,Gaming Mouse 8K,Electronics,East,New,4,3200,5,12160.0,7040.0,5120.0,Net Banking,Siddharth Rao
TX00840,2026-04-07,Cotton Polo Shirt,Clothing,North,Returning,4,1600,0,6400.0,2560.0,3840.0,Cash,Amit Kumar
TX00841,2026-05-24,Windbreaker Hooded,Clothing,West,Returning,7,3800,10,23940.0,12236.0,11704.0,UPI,Priya Patel
TX00842,2026-06-06,Travel Backpack 30L,Accessories,West,Returning,6,3500,8,19320.0,9450.0,9870.0,Cash,Priya Patel
TX00843,2026-03-14,Mesh Task Chair,Furniture,East,New,3,7500,5,21375.0,13500.0,7875.0,UPI,Rahul Sharma
TX00844,2026-07-15,Ergonomic Office Chair,Furniture,East,Returning,3,14500,0,43500.0,26970.0,16530.0,UPI,Vikas Verma
TX00845,2026-04-22,Smart Watch Series 7,Electronics,North,New,2,18500,10,33300.0,25160.0,8140.0,Card,Ananya Roy
TX00846,2026-05-27,Travel Backpack 30L,Accessories,West,New,2,3500,8,6440.0,3150.0,3290.0,Cash,Vikas Verma
TX00847,2026-03-23,Smart Watch Series 7,Electronics,South,New,4,18500,12,65120.0,50320.0,14800.0,Cash,Neha Singh
TX00848,2026-02-06,Smartphone X,Electronics,Central,Returning,4,42000,12,147840.0,120960.0,26880.0,Net Banking,Neha Singh
TX00849,2026-04-09,Portable SSD 2TB,Electronics,North,Returning,5,12500,0,62500.0,43750.0,18750.0,Net Banking,Amit Kumar
TX00850,2026-06-26,Gaming Mouse 8K,Electronics,North,Returning,8,3200,10,23040.0,14080.0,8960.0,Card,Neha Singh
TX00851,2026-03-25,Executive Desk,Furniture,Central,Returning,5,28000,0,140000.0,91000.0,49000.0,Card,Amit Kumar
TX00852,2026-05-22,Standing Desk Dual Engine,Furniture,East,Returning,5,34000,8,156400.0,115600.0,40800.0,UPI,Amit Kumar
TX00853,2026-05-16,4K Streaming WebCam,Electronics,North,Returning,4,7800,8,28704.0,19344.0,9360.0,Net Banking,Ananya Roy
TX00854,2026-06-30,Trail Hiking Boots,Footwear,North,Returning,6,8400,15,42840.0,26208.0,16632.0,UPI,Neha Singh
TX00855,2026-05-10,Pro Runner Shoes,Footwear,West,New,1,6500,5,6175.0,3120.0,3055.0,UPI,Neha Singh
TX00856,2026-06-01,Coffee Maker Deluxe,Home Appliances,Central,Returning,1,12800,0,12800.0,8192.0,4608.0,Card,Siddharth Rao
TX00857,2026-04-19,Electric Kettle Stainless,Home Appliances,West,New,1,2400,5,2280.0,1248.0,1032.0,UPI,Kavita Reddy
TX00858,2026-04-28,Trail Hiking Boots,Footwear,North,New,4,8400,0,33600.0,17472.0,16128.0,UPI,Rahul Sharma
TX00859,2026-03-05,Leather Slim Wallet,Accessories,West,Returning,6,1400,12,7392.0,3192.0,4200.0,UPI,Vikas Verma
TX00860,2026-07-07,Mesh Task Chair,Furniture,East,Returning,3,7500,0,22500.0,13500.0,9000.0,Net Banking,Amit Kumar
TX00861,2026-06-23,Casual Leather Loafers,Footwear,North,New,2,4200,0,8400.0,4200.0,4200.0,Card,Amit Kumar
TX00862,2026-07-31,Trail Hiking Boots,Footwear,South,Returning,8,8400,0,67200.0,34944.0,32256.0,UPI,Kavita Reddy
TX00863,2026-05-29,Leather Slim Wallet,Accessories,North,Returning,3,1400,0,4200.0,1596.0,2604.0,UPI,Vikas Verma
TX00864,2026-03-19,Portable SSD 2TB,Electronics,West,Returning,4,12500,5,47500.0,35000.0,12500.0,Net Banking,Amit Kumar
TX00865,2026-05-18,Wireless Earbuds,Electronics,North,Returning,2,4500,12,7920.0,5400.0,2520.0,UPI,Priya Patel
TX00866,2026-05-12,Air Purifier Pro,Home Appliances,East,Returning,6,16500,0,99000.0,65340.0,33660.0,UPI,Kavita Reddy
TX00867,2026-05-28,Running Jacket Pro,Clothing,East,New,1,4800,8,4416.0,2160.0,2256.0,Net Banking,Ananya Roy
TX00868,2026-06-26,Noise Cancelling Headphones,Electronics,North,New,3,14500,0,43500.0,28275.0,15225.0,UPI,Priya Patel
TX00869,2026-06-21,Robotic Vacuum X,Home Appliances,North,New,2,26000,15,44200.0,36400.0,7800.0,Cash,Priya Patel
TX00870,2026-02-06,Standing Desk Dual Engine,Furniture,North,Returning,5,34000,8,156400.0,115600.0,40800.0,Net Banking,Amit Kumar
TX00871,2026-03-03,Cotton Polo Shirt,Clothing,East,Returning,5,1600,12,7040.0,3200.0,3840.0,Card,Ananya Roy
TX00872,2026-07-21,Mechanical RGB Keyboard,Electronics,West,Returning,8,6200,5,47120.0,28768.0,18352.0,UPI,Vikas Verma
TX00873,2026-06-25,Pro Runner Shoes,Footwear,North,Returning,6,6500,8,35880.0,18720.0,17160.0,UPI,Siddharth Rao
TX00874,2026-02-24,Monitor 27 Ultra,Electronics,East,Returning,4,24000,8,88320.0,67200.0,21120.0,Card,Kavita Reddy
TX00875,2026-06-15,MagSafe Power Bank,Accessories,North,Returning,2,3200,12,5632.0,3328.0,2304.0,Card,Amit Kumar
TX00876,2026-03-05,Cotton Polo Shirt,Clothing,West,Returning,5,1600,5,7600.0,3200.0,4400.0,Card,Rahul Sharma
TX00877,2026-06-12,Mechanical RGB Keyboard,Electronics,East,New,4,6200,8,22816.0,14384.0,8432.0,Card,Vikas Verma
TX00878,2026-05-02,Mesh Task Chair,Furniture,East,Returning,1,7500,0,7500.0,4500.0,3000.0,Card,Amit Kumar
TX00879,2026-03-19,Electric Kettle Stainless,Home Appliances,North,New,3,2400,0,7200.0,3744.0,3456.0,Card,Kavita Reddy
TX00880,2026-07-10,Mesh Task Chair,Furniture,South,Returning,3,7500,0,22500.0,13500.0,9000.0,UPI,Vikas Verma
TX00881,2026-07-23,Mechanical RGB Keyboard,Electronics,South,New,4,6200,0,24800.0,14384.0,10416.0,UPI,Kavita Reddy
TX00882,2026-05-29,Electric Kettle Stainless,Home Appliances,West,Returning,8,2400,0,19200.0,9984.0,9216.0,Cash,Ananya Roy
TX00883,2026-07-27,Electric Kettle Stainless,Home Appliances,West,New,2,2400,0,4800.0,2496.0,2304.0,UPI,Rahul Sharma
TX00884,2026-07-29,Executive Desk,Furniture,West,New,2,28000,8,51520.0,36400.0,15120.0,UPI,Neha Singh
TX00885,2026-02-23,Cotton Polo Shirt,Clothing,West,New,4,1600,0,6400.0,2560.0,3840.0,UPI,Amit Kumar
TX00886,2026-07-30,Casual Leather Loafers,Footwear,Central,Returning,8,4200,5,31920.0,16800.0,15120.0,UPI,Siddharth Rao
TX00887,2026-02-14,Formal Suit Blazer,Clothing,North,Returning,7,11500,15,68425.0,44275.0,24150.0,Cash,Vikas Verma
TX00888,2026-02-10,Leather Slim Wallet,Accessories,South,Returning,8,1400,0,11200.0,4256.0,6944.0,UPI,Rahul Sharma
TX00889,2026-05-20,Windbreaker Hooded,Clothing,East,New,4,3800,12,13376.0,6992.0,6384.0,UPI,Ananya Roy
TX00890,2026-05-26,Pro Runner Shoes,Footwear,North,New,2,6500,5,12350.0,6240.0,6110.0,UPI,Neha Singh
TX00891,2026-07-01,Formal Suit Blazer,Clothing,Central,Returning,8,11500,0,92000.0,50600.0,41400.0,UPI,Siddharth Rao
TX00892,2026-05-18,Air Purifier Pro,Home Appliances,West,Returning,3,16500,,45540.0,32670.0,12870.0,UPI,Priya Patel
TX00893,2026-07-21,Travel Backpack 30L,Accessories,North,New,4,3500,0,14000.0,6300.0,7700.0,UPI,Kavita Reddy
TX00894,2026-04-19,Monitor Arm Dual Mount,Furniture,North,New,1,4200,5,3990.0,2100.0,1890.0,UPI,Amit Kumar
TX00895,2026-03-17,Laptop Sleeve 15,Accessories,North,New,4,1100,0,4400.0,1540.0,2860.0,UPI,Neha Singh
TX00896,2026-06-05,Mesh Task Chair,Furniture,Central,Returning,1,7500,10,6750.0,4500.0,2250.0,Card,Amit Kumar
TX00897,2026-07-27,Laptop Sleeve 15,Accessories,East,New,1,1100,12,968.0,385.0,583.0,UPI,Kavita Reddy
TX00898,2026-03-01,Mechanical RGB Keyboard,Electronics,West,Returning,2,6200,10,11160.0,7192.0,3968.0,UPI,Priya Patel
TX00899,2026-03-15,Gaming Mouse 8K,Electronics,West,Returning,3,3200,8,8832.0,5280.0,3552.0,Card,Kavita Reddy
TX00900,2026-02-26,4K Streaming WebCam,Electronics,East,New,2,7800,0,15600.0,9672.0,5928.0,UPI,Siddharth Rao
TX00901,2026-02-02,Monitor Arm Dual Mount,Furniture,West,Returning,5,4200,5,19950.0,10500.0,9450.0,UPI,Ananya Roy
TX00902,2026-05-18,Air Purifier Pro,Home Appliances,East,New,4,16500,10,59400.0,43560.0,15840.0,UPI,Siddharth Rao
TX00903,2026-05-17,Smart Blender 1200W,Home Appliances,Central,Returning,6,6800,12,35904.0,23664.0,12240.0,UPI,Rahul Sharma
TX00904,2026-06-13,Wireless Earbuds,Electronics,North,New,2,4500,5,8550.0,5400.0,3150.0,UPI,Rahul Sharma
TX00905,2026-07-20,4K Streaming WebCam,Electronics,Central,New,3,7800,5,22230.0,14508.0,7722.0,Cash,Vikas Verma
TX00906,2026-04-22,Coffee Maker Deluxe,Home Appliances,North,New,2,12800,8,23552.0,16384.0,7168.0,UPI,Neha Singh
TX00907,2026-06-20,Casual Leather Loafers,Footwear,West,Returning,7,4200,10,26460.0,14700.0,11760.0,Cash,Priya Patel
TX00908,2026-02-10,Formal Suit Blazer,Clothing,South,Returning,3,11500,5,32775.0,18975.0,13800.0,Card,Neha Singh
TX00909,2026-02-24,Laptop Sleeve 15,Accessories,East,Returning,3,1100,0,3300.0,1155.0,2145.0,Cash,Vikas Verma
TX00910,2026-04-03,Cotton Polo Shirt,Clothing,West,Returning,2,1600,8,2944.0,1280.0,1664.0,Cash,Vikas Verma
TX00911,2026-07-11,Laptop Sleeve 15,Accessories,South,New,1,1100,5,1045.0,385.0,660.0,Card,Rahul Sharma
TX00912,2026-05-28,Formal Suit Blazer,Clothing,Central,Returning,4,11500,5,43700.0,25300.0,18400.0,UPI,Amit Kumar
TX00913,2026-05-08,MagSafe Power Bank,Accessories,West,New,2,3200,10,5760.0,3328.0,2432.0,UPI,Priya Patel
TX00914,2026-03-10,Pro Runner Shoes,Footwear,West,New,1,6500,5,6175.0,3120.0,3055.0,UPI,Neha Singh
TX00915,2026-05-26,Wireless Earbuds,Electronics,South,Returning,7,4500,12,27720.0,18900.0,8820.0,Card,Siddharth Rao
TX00916,2026-05-24,Leather Slim Wallet,Accessories,West,New,2,1400,0,2800.0,1064.0,1736.0,UPI,Kavita Reddy
TX00917,2026-03-06,Laptop Sleeve 15,Accessories,West,New,2,1100,5,2090.0,770.0,1320.0,UPI,Amit Kumar
TX00918,2026-06-24,Air Purifier Pro,Home Appliances,Central,New,4,16500,0,66000.0,43560.0,22440.0,UPI,Vikas Verma
TX00919,2026-02-11,MagSafe Power Bank,Accessories,North,New,3,3200,0,9600.0,4992.0,4608.0,Card,Amit Kumar
TX00920,2026-03-09,Smart Blender 1200W,Home Appliances,North,Returning,5,6800,0,34000.0,19720.0,14280.0,Cash,Kavita Reddy
TX00921,2026-02-01,Gaming Mouse 8K,Electronics,East,New,1,3200,5,3040.0,1760.0,1280.0,Card,Kavita Reddy
TX00922,2026-04-28,Robotic Vacuum X,Home Appliances,East,Returning,3,26000,10,70200.0,54600.0,15600.0,Card,Kavita Reddy
TX00923,2026-05-27,Casual Leather Loafers,Footwear,North,Returning,2,4200,10,7560.0,4200.0,3360.0,Card,Siddharth Rao
TX00924,2026-05-11,Bookshelf Wooden,Furniture,Central,New,1,8900,15,7565.0,5162.0,2403.0,Cash,Vikas Verma
TX00925,2026-07-16,Smart Watch Series 7,Electronics,West,Returning,5,18500,5,87875.0,62900.0,24975.0,UPI,Priya Patel
TX00926,2026-03-22,Tablet Pro 11,Electronics,Central,Returning,8,38000,5,288800.0,228000.0,60800.0,UPI,Amit Kumar
TX00927,2026-02-05,Running Jacket Pro,Clothing,West,New,4,4800,0,19200.0,8640.0,10560.0,Card,Ananya Roy
TX00928,2026-05-14,Monitor 27 Ultra,Electronics,East,Returning,6,24000,5,136800.0,100800.0,36000.0,UPI,Ananya Roy
TX00929,2026-05-09,Mesh Task Chair,Furniture,North,Returning,3,7500,0,22500.0,13500.0,9000.0,UPI,Priya Patel
TX00930,2026-03-12,Cotton Polo Shirt,Clothing,Central,Returning,1,1600,8,1472.0,640.0,832.0,UPI,Rahul Sharma
TX00931,2026-02-15,Cotton Polo Shirt,Clothing,South,New,4,1600,12,5632.0,2560.0,3072.0,UPI,Priya Patel
TX00932,2026-02-14,Executive Desk,Furniture,North,Returning,4,28000,5,106400.0,72800.0,33600.0,Card,Siddharth Rao
TX00933,2026-03-02,Running Jacket Pro,Clothing,North,Returning,7,4800,0,33600.0,15120.0,18480.0,UPI,Neha Singh
TX00934,2026-02-05,Running Jacket Pro,Clothing,East,Returning,2,4800,0,9600.0,4320.0,5280.0,Card,Amit Kumar
TX00935,2026-04-19,Smart Blender 1200W,Home Appliances,South,Returning,4,6800,10,24480.0,15776.0,8704.0,UPI,Amit Kumar
TX00936,2026-04-04,Pro Runner Shoes,Footwear,Central,Returning,1,6500,0,6500.0,3120.0,3380.0,Card,Vikas Verma
TX00937,2026-07-18,Portable SSD 2TB,Electronics,North,Returning,8,12500,0,100000.0,70000.0,30000.0,UPI,Siddharth Rao
TX00938,2026-05-01,Standing Desk Dual Engine,Furniture,East,Returning,1,34000,0,34000.0,23120.0,10880.0,Card,Priya Patel
TX00939,2026-04-18,Smart Watch Series 7,Electronics,South,New,2,18500,8,34040.0,25160.0,8880.0,Net Banking,Siddharth Rao
TX00940,2026-03-26,Laptop Sleeve 15,Accessories,Central,New,3,1100,8,3036.0,1155.0,1881.0,Net Banking,Kavita Reddy
TX00941,2026-04-11,Monitor Arm Dual Mount,Furniture,West,New,2,4200,5,7980.0,4200.0,3780.0,Card,Rahul Sharma
TX00942,2026-07-28,Noise Cancelling Headphones,Electronics,East,New,4,14500,0,58000.0,37700.0,20300.0,UPI,Amit Kumar
TX00943,2026-05-17,Leather Slim Wallet,Accessories,West,Returning,2,1400,5,2660.0,1064.0,1596.0,Cash,Kavita Reddy
TX00944,2026-07-23,Gaming Mouse 8K,Electronics,South,Returning,6,3200,5,18240.0,10560.0,7680.0,Cash,Rahul Sharma
TX00945,2026-03-04,Trail Hiking Boots,Footwear,South,New,1,8400,0,8400.0,4368.0,4032.0,UPI,Vikas Verma
TX00946,2026-07-25,Coffee Maker Deluxe,Home Appliances,North,Returning,5,12800,10,57600.0,40960.0,16640.0,UPI,Kavita Reddy
TX00947,2026-05-04,Monitor 27 Ultra,Electronics,South,Returning,4,24000,0,96000.0,67200.0,28800.0,Net Banking,Siddharth Rao
TX00948,2026-03-01,Running Jacket Pro,Clothing,East,Returning,4,4800,8,17664.0,8640.0,9024.0,Card,Amit Kumar
TX00949,2026-02-17,Noise Cancelling Headphones,Electronics,West,New,2,14500,12,25520.0,18850.0,6670.0,Card,Vikas Verma
TX00950,2026-03-22,Smartphone X,Electronics,Central,Returning,5,42000,8,193200.0,151200.0,42000.0,Cash,Rahul Sharma
TX00951,2026-05-21,Tablet Pro 11,Electronics,West,New,4,38000,22,118560.0,114000.0,4560.0,UPI,Kavita Reddy
TX00952,2026-06-07,Air Purifier Pro,Home Appliances,East,New,2,16500,0,33000.0,21780.0,11220.0,Net Banking,Kavita Reddy
TX00953,2026-04-22,Laptop Pro 15,Electronics,South,New,1,68000,20,54400.0,53040.0,1360.0,UPI,Siddharth Rao
TX00954,2026-02-20,Monitor Arm Dual Mount,Furniture,North,New,1,4200,8,3864.0,2100.0,1764.0,UPI,Kavita Reddy
TX00955,2026-05-22,Smartphone X,Electronics,East,Returning,6,42000,10,226800.0,181440.0,45360.0,UPI,Kavita Reddy
TX00956,2026-04-03,Formal Suit Blazer,Clothing,West,Returning,4,11500,12,40480.0,25300.0,15180.0,Card,Kavita Reddy
TX00957,2026-02-25,Casual Leather Loafers,Footwear,East,New,1,4200,12,3696.0,2100.0,1596.0,UPI,Priya Patel
TX00958,2026-03-05,Tablet Pro 11,Electronics,Central,Returning,5,38000,8,174800.0,142500.0,32300.0,UPI,Priya Patel
TX00959,2026-07-24,Tablet Pro 11,Electronics,East,New,4,38000,5,144400.0,114000.0,30400.0,Card,Siddharth Rao
TX00960,2026-04-01,Laptop Pro 15,Electronics,South,Returning,7,68000,12,418880.0,371280.0,47600.0,Card,Ananya Roy
TX00961,2026-07-17,Smartphone X,Electronics,South,New,2,42000,0,84000.0,60480.0,23520.0,UPI,Priya Patel
TX00962,2026-07-02,Executive Desk,Furniture,Central,New,3,28000,5,79800.0,54600.0,25200.0,Card,Kavita Reddy
TX00963,2026-03-20,Monitor Arm Dual Mount,Furniture,North,New,2,4200,0,8400.0,4200.0,4200.0,UPI,Ananya Roy
TX00964,2026-04-21,4K Streaming WebCam,Electronics,North,New,3,7800,0,23400.0,14508.0,8892.0,Net Banking,Amit Kumar
TX00965,2026-02-15,Monitor Arm Dual Mount,Furniture,East,Returning,1,4200,5,3990.0,2100.0,1890.0,UPI,Neha Singh
TX00966,2026-07-14,Executive Desk,Furniture,West,New,4,28000,8,103040.0,72800.0,30240.0,Net Banking,Ananya Roy
TX00967,2026-06-29,Formal Suit Blazer,Clothing,East,New,2,11500,0,23000.0,12650.0,10350.0,Cash,Rahul Sharma
TX00968,2026-06-07,Bookshelf Wooden,Furniture,Central,Returning,4,8900,5,33820.0,20648.0,13172.0,UPI,Kavita Reddy
TX00969,2026-04-26,Robotic Vacuum X,Home Appliances,North,New,1,26000,5,24700.0,18200.0,6500.0,UPI,Rahul Sharma
TX00970,2026-06-23,Gaming Mouse 8K,Electronics,North,Returning,6,3200,0,19200.0,10560.0,8640.0,UPI,Neha Singh
TX00971,2026-04-14,Ergonomic Office Chair,Furniture,North,New,2,14500,0,29000.0,17980.0,11020.0,Card,Amit Kumar
TX00972,2026-03-23,Smartphone X,Electronics,North,New,1,42000,0,42000.0,30240.0,11760.0,Card,Siddharth Rao
TX00973,2026-07-18,Gaming Mouse 8K,Electronics,South,New,4,3200,0,12800.0,7040.0,5760.0,Cash,Amit Kumar
TX00974,2026-06-15,Pro Runner Shoes,Footwear,West,New,2,6500,12,11440.0,6240.0,5200.0,UPI,Neha Singh
TX00975,2026-03-22,Robotic Vacuum X,Home Appliances,West,New,4,26000,15,88400.0,72800.0,15600.0,UPI,Rahul Sharma
TX00976,2026-07-08,Executive Desk,Furniture,West,New,2,28000,0,56000.0,36400.0,19600.0,UPI,Vikas Verma
TX00977,2026-03-05,Laptop Sleeve 15,Accessories,Central,Returning,4,1100,8,4048.0,1540.0,2508.0,Card,Priya Patel
TX00978,2026-03-15,Laptop Sleeve 15,Accessories,South,Returning,6,1100,5,6270.0,2310.0,3960.0,Card,Ananya Roy
TX00979,2026-05-07,MagSafe Power Bank,Accessories,West,Returning,8,3200,5,24320.0,13312.0,11008.0,Card,Rahul Sharma
TX00980,2026-03-26,Bookshelf Wooden,Furniture,Central,Returning,4,8900,5,33820.0,20648.0,13172.0,UPI,Siddharth Rao
TX00981,2026-06-27,Portable SSD 2TB,Electronics,Central,New,1,12500,0,12500.0,8750.0,3750.0,UPI,Kavita Reddy
TX00982,2026-06-13,Coffee Maker Deluxe,Home Appliances,North,New,3,12800,5,36480.0,24576.0,11904.0,Card,Siddharth Rao
TX00983,2026-05-06,Leather Slim Wallet,Accessories,South,New,2,1400,5,2660.0,1064.0,1596.0,UPI,Priya Patel
TX00984,2026-05-03,Smart Watch Series 7,Electronics,South,Returning,2,18500,10,33300.0,25160.0,8140.0,Net Banking,Priya Patel
TX00985,2026-03-03,Wireless Earbuds,Electronics,South,Returning,6,4500,0,27000.0,16200.0,10800.0,UPI,Vikas Verma
TX00986,2026-07-25,Running Jacket Pro,Clothing,North,Returning,3,4800,20,11520.0,6480.0,5040.0,Card,Vikas Verma
TX00987,2026-02-03,Cotton Polo Shirt,Clothing,South,New,4,1600,12,5632.0,2560.0,3072.0,Cash,Rahul Sharma
TX00988,2026-06-01,Laptop Sleeve 15,Accessories,Central,Returning,7,1100,0,7700.0,2695.0,5005.0,Card,Neha Singh
TX00989,2026-06-02,Bookshelf Wooden,Furniture,East,Returning,8,8900,8,65504.0,41296.0,24208.0,Card,Priya Patel
TX00990,2026-04-22,Executive Desk,Furniture,South,Returning,7,28000,0,196000.0,127400.0,68600.0,UPI,Rahul Sharma
TX00991,2026-05-07,Noise Cancelling Headphones,Electronics,East,New,1,14500,5,13775.0,9425.0,4350.0,Card,Ananya Roy
TX00992,2026-04-28,Bookshelf Wooden,Furniture,South,Returning,7,8900,10,56070.0,36134.0,19936.0,Card,Vikas Verma
TX00993,2026-04-25,Smartphone X,Electronics,East,New,2,42000,0,84000.0,60480.0,23520.0,Net Banking,Ananya Roy
TX00994,2026-06-26,Electric Kettle Stainless,Home Appliances,Central,New,4,2400,0,9600.0,4992.0,4608.0,UPI,Kavita Reddy
TX00995,2026-02-28,Formal Suit Blazer,Clothing,East,Returning,5,11500,0,57500.0,31625.0,25875.0,UPI,Amit Kumar
TX00996,2026-02-09,Leather Slim Wallet,Accessories,North,New,4,1400,0,5600.0,2128.0,3472.0,UPI,Priya Patel
TX00997,2026-05-28,Tablet Pro 11,Electronics,South,New,3,38000,10,102600.0,85500.0,17100.0,UPI,Amit Kumar
TX00998,2026-03-01,Noise Cancelling Headphones,Electronics,East,Returning,2,14500,5,27550.0,18850.0,8700.0,Net Banking,Neha Singh
TX00999,2026-03-06,Standing Desk Dual Engine,Furniture,South,Returning,8,34000,0,272000.0,184960.0,87040.0,Card,Vikas Verma
TX01000,2026-07-01,Executive Desk,Furniture,East,Returning,5,28000,0,140000.0,91000.0,49000.0,Net Banking,Kavita Reddy
TX01001,2026-02-17,Electric Kettle Stainless,Home Appliances,East,New,3,2400,12,6336.0,3744.0,2592.0,Cash,Kavita Reddy
TX01002,2026-05-30,Monitor 27 Ultra,Electronics,West,New,4,24000,23,73920.0,67200.0,6720.0,Card,Vikas Verma
TX01003,2026-05-12,Ergonomic Office Chair,Furniture,South,New,4,14500,5,55100.0,35960.0,19140.0,Net Banking,Amit Kumar
TX01004,2026-07-29,Mechanical RGB Keyboard,Electronics,South,Returning,4,6200,12,21824.0,14384.0,7440.0,UPI,Vikas Verma
TX01005,2026-07-21,Wireless Earbuds,Electronics,West,Returning,4,4500,12,15840.0,10800.0,5040.0,UPI,Priya Patel
TX01006,2026-05-06,Wireless Earbuds,Electronics,West,Returning,6,4500,24,20520.0,16200.0,4320.0,Card,Vikas Verma
TX01007,2026-03-26,Laptop Sleeve 15,Accessories,North,New,4,1100,5,4180.0,1540.0,2640.0,Card,Neha Singh
TX01008,2026-05-13,Monitor 27 Ultra,Electronics,North,New,2,24000,0,48000.0,33600.0,14400.0,Card,Kavita Reddy
TX01009,2026-05-30,Wireless Earbuds,Electronics,North,Returning,8,4500,0,36000.0,21600.0,14400.0,Cash,Amit Kumar
TX01010,2026-03-16,Smartphone X,Electronics,East,New,1,42000,5,39900.0,30240.0,9660.0,UPI,Priya Patel
TX01011,2026-07-22,Laptop Pro 15,Electronics,West,New,3,68000,0,204000.0,159120.0,44880.0,Card,Neha Singh
TX01012,2026-05-25,Tablet Pro 11,Electronics,West,Returning,2,38000,24,57760.0,57000.0,760.0,Card,Kavita Reddy
TX01013,2026-02-14,Laptop Pro 15,Electronics,North,New,2,68000,12,119680.0,106080.0,13600.0,UPI,Neha Singh
TX01014,2026-03-24,Smart Watch Series 7,Electronics,North,New,1,18500,0,18500.0,12580.0,5920.0,UPI,Priya Patel
TX01015,2026-03-29,Mechanical RGB Keyboard,Electronics,West,Returning,3,6200,8,17112.0,10788.0,6324.0,UPI,Priya Patel
TX01016,2026-04-25,Windbreaker Hooded,Clothing,East,New,2,3800,12,6688.0,3496.0,3192.0,UPI,Siddharth Rao
TX01017,2026-03-03,Bookshelf Wooden,Furniture,North,New,2,8900,0,17800.0,10324.0,7476.0,Card,Rahul Sharma
TX01018,2026-05-11,Standing Desk Dual Engine,Furniture,South,New,3,34000,8,93840.0,69360.0,24480.0,UPI,Priya Patel
TX01019,2026-03-28,Smart Blender 1200W,Home Appliances,South,Returning,2,6800,8,12512.0,7888.0,4624.0,Card,Amit Kumar
TX01020,2026-04-06,Mechanical RGB Keyboard,Electronics,East,Returning,7,6200,8,39928.0,25172.0,14756.0,Net Banking,Amit Kumar
TX01021,2026-04-27,Ergonomic Office Chair,Furniture,East,Returning,6,14500,15,73950.0,53940.0,20010.0,Card,Priya Patel
TX01022,2026-04-27,Smartphone X,Electronics,East,Returning,7,42000,5,279300.0,211680.0,67620.0,Card,Rahul Sharma
TX01023,2026-04-01,Smartphone X,Electronics,East,Returning,5,42000,0,210000.0,151200.0,58800.0,UPI,Neha Singh
TX01024,2026-07-09,Smart Watch Series 7,Electronics,North,New,3,18500,0,55500.0,37740.0,17760.0,UPI,Rahul Sharma
TX01025,2026-04-02,Casual Leather Loafers,Footwear,West,New,3,4200,0,12600.0,6300.0,6300.0,Card,Rahul Sharma
TX01026,2026-06-14,Smart Blender 1200W,Home Appliances,East,New,1,6800,0,6800.0,3944.0,2856.0,Card,Ananya Roy
TX01027,2026-04-04,Standing Desk Dual Engine,Furniture,East,Returning,4,34000,10,122400.0,92480.0,29920.0,Card,Neha Singh
TX01028,2026-07-06,Robotic Vacuum X,Home Appliances,East,New,1,26000,0,26000.0,18200.0,7800.0,Card,Neha Singh
TX01029,2026-02-14,4K Streaming WebCam,Electronics,Central,New,2,7800,5,14820.0,9672.0,5148.0,Cash,Neha Singh
TX01030,2026-04-02,Laptop Sleeve 15,Accessories,North,Returning,5,1100,0,5500.0,1925.0,3575.0,UPI,Siddharth Rao
TX01031,2026-03-18,Monitor Arm Dual Mount,Furniture,South,Returning,4,4200,0,16800.0,8400.0,8400.0,Card,Priya Patel
TX01032,2026-05-04,Electric Kettle Stainless,Home Appliances,South,Returning,7,2400,5,15960.0,8736.0,7224.0,Card,Amit Kumar
TX01033,2026-06-04,Smartphone X,Electronics,West,Returning,2,42000,10,75600.0,60480.0,15120.0,Net Banking,Amit Kumar
TX01034,2026-06-22,Ergonomic Office Chair,Furniture,South,Returning,8,14500,0,116000.0,71920.0,44080.0,Card,Kavita Reddy
TX01035,2026-02-19,Formal Suit Blazer,Clothing,North,Returning,3,11500,12,30360.0,18975.0,11385.0,UPI,Ananya Roy
TX01036,2026-06-06,Electric Kettle Stainless,Home Appliances,Central,Returning,6,2400,5,13680.0,7488.0,6192.0,UPI,Priya Patel
TX01037,2026-05-16,Monitor 27 Ultra,Electronics,Central,New,2,24000,0,48000.0,33600.0,14400.0,UPI,Vikas Verma
TX01038,2026-05-01,Laptop Sleeve 15,Accessories,West,Returning,6,1100,8,6072.0,2310.0,3762.0,Card,Siddharth Rao
TX01039,2026-04-05,Monitor Arm Dual Mount,Furniture,East,Returning,6,4200,8,23184.0,12600.0,10584.0,Card,Amit Kumar
TX01040,2026-04-08,Trail Hiking Boots,Footwear,Central,New,2,8400,8,15456.0,8736.0,6720.0,Net Banking,Amit Kumar
TX01041,2026-02-04,Gaming Mouse 8K,Electronics,West,Returning,7,3200,5,21280.0,12320.0,8960.0,Card,Priya Patel
TX01042,2026-06-13,Executive Desk,Furniture,West,New,4,28000,0,112000.0,72800.0,39200.0,UPI,Siddharth Rao
TX01043,2026-07-01,Cotton Polo Shirt,Clothing,West,Returning,2,1600,0,3200.0,1280.0,1920.0,Card,Ananya Roy
TX01044,2026-03-09,Running Jacket Pro,Clothing,West,Returning,7,4800,8,30912.0,15120.0,15792.0,UPI,Amit Kumar
TX01045,2026-06-06,Laptop Pro 15,Electronics,North,Returning,7,68000,5,452200.0,371280.0,80920.0,Card,Siddharth Rao
TX01046,2026-03-16,Ergonomic Office Chair,Furniture,South,Returning,4,14500,5,55100.0,35960.0,19140.0,Card,Priya Patel
TX01047,2026-05-27,Standing Desk Dual Engine,Furniture,North,New,2,34000,10,61200.0,46240.0,14960.0,UPI,Siddharth Rao
TX01048,2026-05-24,Mechanical RGB Keyboard,Electronics,West,New,3,6200,19,15066.0,10788.0,4278.0,UPI,Vikas Verma
TX01049,2026-02-17,Formal Suit Blazer,Clothing,North,New,4,11500,8,42320.0,25300.0,17020.0,UPI,Rahul Sharma
TX01050,2026-04-10,Laptop Pro 15,Electronics,West,Returning,1,68000,0,68000.0,53040.0,14960.0,Card,Rahul Sharma
TX01051,2026-05-08,MagSafe Power Bank,Accessories,Central,Returning,8,3200,5,24320.0,13312.0,11008.0,UPI,Siddharth Rao
TX01052,2026-04-28,Air Purifier Pro,Home Appliances,West,New,3,16500,10,44550.0,32670.0,11880.0,Net Banking,Siddharth Rao
TX01053,2026-05-08,Tablet Pro 11,Electronics,Central,Returning,2,38000,0,76000.0,57000.0,19000.0,Cash,Siddharth Rao
TX01054,2026-03-08,Smartphone X,Electronics,East,Returning,5,42000,15,178500.0,151200.0,27300.0,Card,Neha Singh
TX01055,2026-05-06,Casual Leather Loafers,Footwear,East,Returning,8,4200,5,31920.0,16800.0,15120.0,Card,Rahul Sharma
TX01056,2026-07-14,Windbreaker Hooded,Clothing,North,New,1,3800,15,3230.0,1748.0,1482.0,Card,Kavita Reddy
TX01057,2026-04-01,Leather Slim Wallet,Accessories,South,Returning,2,1400,0,2800.0,1064.0,1736.0,Net Banking,Kavita Reddy
TX01058,2026-07-19,Mechanical RGB Keyboard,Electronics,West,New,2,6200,8,11408.0,7192.0,4216.0,Cash,Rahul Sharma
TX01059,2026-03-05,Leather Slim Wallet,Accessories,West,New,4,1400,0,5600.0,2128.0,3472.0,UPI,Priya Patel
TX01060,2026-06-04,Monitor Arm Dual Mount,Furniture,North,New,1,4200,0,4200.0,2100.0,2100.0,Net Banking,Rahul Sharma
TX01061,2026-03-14,Windbreaker Hooded,Clothing,Central,Returning,4,3800,8,13984.0,6992.0,6992.0,Card,Priya Patel
TX01062,2026-07-21,Noise Cancelling Headphones,Electronics,Central,Returning,8,14500,0,116000.0,75400.0,40600.0,Card,Neha Singh
TX01063,2026-06-28,Wireless Earbuds,Electronics,East,New,4,4500,8,16560.0,10800.0,5760.0,Card,Siddharth Rao
TX01064,2026-04-01,Bookshelf Wooden,Furniture,South,New,1,8900,0,8900.0,5162.0,3738.0,Card,Neha Singh
TX01065,2026-03-02,Air Purifier Pro,Home Appliances,North,New,4,16500,5,62700.0,43560.0,19140.0,UPI,Rahul Sharma
TX01066,2026-07-02,Executive Desk,Furniture,West,Returning,6,28000,10,151200.0,109200.0,42000.0,Card,Amit Kumar
TX01067,2026-06-14,Bookshelf Wooden,Furniture,North,New,4,8900,0,35600.0,20648.0,14952.0,Cash,Vikas Verma
TX01068,2026-03-29,Leather Slim Wallet,Accessories,West,New,3,1400,0,4200.0,1596.0,2604.0,Card,Rahul Sharma
TX01069,2026-07-04,Windbreaker Hooded,Clothing,South,Returning,2,3800,0,7600.0,3496.0,4104.0,Cash,Kavita Reddy
TX01070,2026-07-12,Standing Desk Dual Engine,Furniture,East,Returning,7,34000,0,238000.0,161840.0,76160.0,Cash,Amit Kumar
TX01071,2026-03-26,Bookshelf Wooden,Furniture,West,New,2,8900,10,16020.0,10324.0,5696.0,Card,Vikas Verma
TX01072,2026-07-19,Portable SSD 2TB,Electronics,Central,Returning,6,12500,5,71250.0,52500.0,18750.0,Card,Ananya Roy
TX01073,2026-05-12,Electric Kettle Stainless,Home Appliances,North,Returning,5,2400,8,11040.0,6240.0,4800.0,UPI,Siddharth Rao
TX01074,2026-02-25,Noise Cancelling Headphones,Electronics,South,Returning,1,14500,10,13050.0,9425.0,3625.0,Card,Kavita Reddy
TX01075,2026-07-18,Portable SSD 2TB,Electronics,East,Returning,8,12500,0,100000.0,70000.0,30000.0,UPI,Neha Singh
TX01076,2026-03-23,Laptop Pro 15,Electronics,South,Returning,2,68000,8,125120.0,106080.0,19040.0,Net Banking,Amit Kumar
TX01077,2026-05-08,Pro Runner Shoes,Footwear,West,New,1,6500,0,6500.0,3120.0,3380.0,Net Banking,Amit Kumar
TX01078,2026-02-14,Gaming Mouse 8K,Electronics,Central,Returning,7,3200,15,19040.0,12320.0,6720.0,Card,Siddharth Rao
TX01079,2026-04-04,Monitor 27 Ultra,Electronics,North,New,3,24000,8,66240.0,50400.0,15840.0,Net Banking,Siddharth Rao
TX01080,2026-07-28,Smart Watch Series 7,Electronics,West,Returning,7,18500,0,129500.0,88060.0,41440.0,Card,Ananya Roy
TX01081,2026-02-03,Gaming Mouse 8K,Electronics,North,New,2,3200,0,6400.0,3520.0,2880.0,Card,Kavita Reddy
TX01082,2026-04-12,Mechanical RGB Keyboard,Electronics,West,New,4,6200,20,19840.0,14384.0,5456.0,Card,Vikas Verma
TX01083,2026-06-27,Noise Cancelling Headphones,Electronics,North,New,2,14500,5,27550.0,18850.0,8700.0,Card,Siddharth Rao
TX01084,2026-06-23,MagSafe Power Bank,Accessories,East,Returning,2,3200,10,5760.0,3328.0,2432.0,UPI,Priya Patel
TX01085,2026-03-19,Ergonomic Office Chair,Furniture,North,Returning,6,14500,0,87000.0,53940.0,33060.0,UPI,Neha Singh
TX01086,2026-07-18,Portable SSD 2TB,Electronics,North,New,1,12500,0,12500.0,8750.0,3750.0,UPI,Vikas Verma
TX01087,2026-05-05,Portable SSD 2TB,Electronics,South,Returning,1,12500,0,12500.0,8750.0,3750.0,UPI,Vikas Verma
TX01088,2026-07-19,Casual Leather Loafers,Footwear,North,Returning,6,4200,5,23940.0,12600.0,11340.0,Net Banking,Ananya Roy
TX01089,2026-07-06,Laptop Sleeve 15,Accessories,North,New,1,1100,0,1100.0,385.0,715.0,UPI,Vikas Verma
TX01090,2026-03-28,Noise Cancelling Headphones,Electronics,East,New,3,14500,0,43500.0,28275.0,15225.0,Card,Siddharth Rao
TX01091,2026-02-20,Mesh Task Chair,Furniture,South,Returning,3,7500,5,21375.0,13500.0,7875.0,UPI,Vikas Verma
TX01092,2026-07-24,Pro Runner Shoes,Footwear,Central,New,2,6500,0,13000.0,6240.0,6760.0,Card,Neha Singh
TX01093,2026-05-07,Laptop Sleeve 15,Accessories,East,New,2,1100,0,2200.0,770.0,1430.0,Card,Siddharth Rao
TX01094,2026-02-07,Monitor Arm Dual Mount,Furniture,North,New,1,4200,8,3864.0,2100.0,1764.0,UPI,Ananya Roy
TX01095,2026-07-14,Smart Watch Series 7,Electronics,South,New,3,18500,0,55500.0,37740.0,17760.0,Card,Vikas Verma
TX01096,2026-02-03,Mechanical RGB Keyboard,Electronics,South,Returning,7,6200,15,36890.0,25172.0,11718.0,Card,Priya Patel
TX01097,2026-03-17,MagSafe Power Bank,Accessories,West,New,4,3200,0,12800.0,6656.0,6144.0,UPI,Vikas Verma
TX01098,2026-06-22,Running Jacket Pro,Clothing,East,Returning,3,4800,0,14400.0,6480.0,7920.0,Card,Amit Kumar
TX01099,2026-04-30,Electric Kettle Stainless,Home Appliances,East,New,1,2400,8,2208.0,1248.0,960.0,Card,Amit Kumar
TX01100,2026-03-09,Robotic Vacuum X,Home Appliances,East,New,3,26000,8,71760.0,54600.0,17160.0,UPI,Siddharth Rao
TX01101,2026-07-31,Trail Hiking Boots,Footwear,North,Returning,8,8400,5,63840.0,34944.0,28896.0,UPI,Siddharth Rao
TX01102,2026-06-14,Bookshelf Wooden,Furniture,South,Returning,5,8900,5,42275.0,25810.0,16465.0,UPI,Priya Patel
TX01103,2026-07-13,Smart Watch Series 7,Electronics,North,New,1,18500,0,18500.0,12580.0,5920.0,UPI,Vikas Verma
TX01104,2026-06-22,Leather Slim Wallet,Accessories,West,New,4,1400,8,5152.0,2128.0,3024.0,Net Banking,Amit Kumar
TX01105,2026-06-03,Leather Slim Wallet,Accessories,East,Returning,2,1400,5,2660.0,1064.0,1596.0,Card,Rahul Sharma
TX01106,2026-05-20,Coffee Maker Deluxe,Home Appliances,North,Returning,1,12800,8,11776.0,8192.0,3584.0,Net Banking,Neha Singh
TX01107,2026-03-17,Wireless Earbuds,Electronics,South,New,3,4500,15,11475.0,8100.0,3375.0,UPI,Siddharth Rao
TX01108,2026-03-16,Air Purifier Pro,Home Appliances,Central,New,2,16500,10,29700.0,21780.0,7920.0,Cash,Priya Patel
TX01109,2026-04-16,Cotton Polo Shirt,Clothing,East,New,1,1600,8,1472.0,640.0,832.0,Card,Neha Singh
TX01110,2026-04-20,Laptop Sleeve 15,Accessories,West,New,4,1100,12,3872.0,1540.0,2332.0,Cash,Rahul Sharma
TX01111,2026-05-03,Laptop Pro 15,Electronics,East,New,3,68000,0,204000.0,159120.0,44880.0,UPI,Amit Kumar
TX01112,2026-05-14,Coffee Maker Deluxe,Home Appliances,North,Returning,4,12800,0,51200.0,32768.0,18432.0,Card,Amit Kumar
TX01113,2026-05-17,Gaming Mouse 8K,Electronics,Central,New,3,3200,0,9600.0,5280.0,4320.0,UPI,Vikas Verma
TX01114,2026-05-05,Pro Runner Shoes,Footwear,Central,Returning,5,6500,0,32500.0,15600.0,16900.0,UPI,Kavita Reddy
TX01115,2026-03-14,Noise Cancelling Headphones,Electronics,South,Returning,6,14500,12,76560.0,56550.0,20010.0,Card,Priya Patel
TX01116,2026-03-21,Denim Pants Premium,Clothing,North,New,3,2900,12,7656.0,3654.0,4002.0,UPI,Neha Singh
TX01117,2026-06-03,Running Jacket Pro,Clothing,North,Returning,8,4800,10,34560.0,17280.0,17280.0,Card,Ananya Roy
TX01118,2026-05-14,Laptop Sleeve 15,Accessories,West,Returning,7,1100,0,7700.0,2695.0,5005.0,Net Banking,Rahul Sharma
TX01119,2026-03-05,4K Streaming WebCam,Electronics,South,New,2,7800,0,15600.0,9672.0,5928.0,Cash,Siddharth Rao
TX01120,2026-07-03,Laptop Pro 15,Electronics,South,New,4,68000,0,272000.0,212160.0,59840.0,UPI,Amit Kumar
TX01121,2026-06-11,Ergonomic Office Chair,Furniture,North,Returning,5,14500,20,58000.0,44950.0,13050.0,UPI,Siddharth Rao
TX01122,2026-03-23,Travel Backpack 30L,Accessories,West,Returning,3,3500,0,10500.0,4725.0,5775.0,Cash,Amit Kumar
TX01123,2026-03-31,Gaming Mouse 8K,Electronics,North,New,2,3200,12,5632.0,3520.0,2112.0,UPI,Neha Singh
TX01124,2026-02-24,Tablet Pro 11,Electronics,South,Returning,4,38000,0,152000.0,114000.0,38000.0,UPI,Rahul Sharma
TX01125,2026-06-11,Pro Runner Shoes,Footwear,East,New,3,6500,5,18525.0,9360.0,9165.0,Net Banking,Siddharth Rao
TX01126,2026-04-05,Windbreaker Hooded,Clothing,Central,New,1,3800,0,3800.0,1748.0,2052.0,Card,Neha Singh
TX01127,2026-04-15,Travel Backpack 30L,Accessories,South,Returning,7,3500,0,24500.0,11025.0,13475.0,Net Banking,Ananya Roy
TX01128,2026-04-27,Cotton Polo Shirt,Clothing,North,Returning,3,1600,0,4800.0,1920.0,2880.0,Card,Ananya Roy
TX01129,2026-07-01,MagSafe Power Bank,Accessories,East,New,3,3200,0,9600.0,4992.0,4608.0,UPI,Priya Patel
TX01130,2026-03-06,Gaming Mouse 8K,Electronics,North,Returning,4,3200,0,12800.0,7040.0,5760.0,UPI,Priya Patel
TX01131,2026-02-20,Formal Suit Blazer,Clothing,South,Returning,4,11500,5,43700.0,25300.0,18400.0,UPI,Amit Kumar
TX01132,2026-03-22,Smart Blender 1200W,Home Appliances,East,New,3,6800,12,17952.0,11832.0,6120.0,UPI,Priya Patel
TX01133,2026-05-23,Wireless Earbuds,Electronics,East,Returning,1,4500,0,4500.0,2700.0,1800.0,UPI,Amit Kumar
TX01134,2026-04-16,Monitor 27 Ultra,Electronics,Central,New,2,24000,8,44160.0,33600.0,10560.0,UPI,Priya Patel
TX01135,2026-03-15,Casual Leather Loafers,Footwear,West,New,4,4200,5,15960.0,8400.0,7560.0,UPI,Amit Kumar
TX01136,2026-02-01,Portable SSD 2TB,Electronics,East,Returning,1,12500,12,11000.0,8750.0,2250.0,Card,Kavita Reddy
TX01137,2026-06-09,MagSafe Power Bank,Accessories,South,Returning,5,3200,8,14720.0,8320.0,6400.0,Card,Amit Kumar
TX01138,2026-03-30,Monitor 27 Ultra,Electronics,East,New,2,24000,12,42240.0,33600.0,8640.0,UPI,Amit Kumar
TX01139,2026-04-11,Tablet Pro 11,Electronics,East,New,2,38000,5,72200.0,57000.0,15200.0,UPI,Ananya Roy
TX01140,2026-07-12,Air Purifier Pro,Home Appliances,South,Returning,5,16500,8,75900.0,54450.0,21450.0,UPI,Vikas Verma
TX01141,2026-04-25,Tablet Pro 11,Electronics,East,New,3,38000,0,114000.0,85500.0,28500.0,Net Banking,Amit Kumar
TX01142,2026-04-07,Smartphone X,Electronics,East,Returning,2,42000,8,77280.0,60480.0,16800.0,Card,Vikas Verma
TX01143,2026-07-11,Standing Desk Dual Engine,Furniture,West,New,3,34000,0,102000.0,69360.0,32640.0,Card,Siddharth Rao
TX01144,2026-03-12,Casual Leather Loafers,Footwear,North,Returning,6,4200,0,25200.0,12600.0,12600.0,Card,Kavita Reddy
TX01145,2026-03-19,Trail Hiking Boots,Footwear,North,Returning,4,8400,5,31920.0,17472.0,14448.0,Net Banking,Amit Kumar
TX01146,2026-07-16,Denim Pants Premium,Clothing,North,New,2,2900,10,5220.0,2436.0,2784.0,Card,Neha Singh
TX01147,2026-02-18,4K Streaming WebCam,Electronics,North,New,4,7800,0,31200.0,19344.0,11856.0,Card,Rahul Sharma
TX01148,2026-07-05,Mechanical RGB Keyboard,Electronics,South,New,1,6200,10,5580.0,3596.0,1984.0,Card,Rahul Sharma
TX01149,2026-03-06,Monitor Arm Dual Mount,Furniture,West,New,1,4200,10,3780.0,2100.0,1680.0,UPI,Priya Patel
TX01150,2026-06-19,Formal Suit Blazer,Clothing,West,New,2,11500,5,21850.0,12650.0,9200.0,Card,Kavita Reddy
TX01151,2026-03-14,Cotton Polo Shirt,Clothing,South,New,1,1600,5,1520.0,640.0,880.0,UPI,Priya Patel
TX01152,2026-02-06,Monitor 27 Ultra,Electronics,North,New,4,24000,0,96000.0,67200.0,28800.0,Net Banking,Rahul Sharma
TX01153,2026-03-31,Pro Runner Shoes,Footwear,South,New,3,6500,0,19500.0,9360.0,10140.0,Cash,Siddharth Rao
TX01154,2026-07-26,Gaming Mouse 8K,Electronics,East,Returning,4,3200,0,12800.0,7040.0,5760.0,Net Banking,Ananya Roy
TX01155,2026-02-20,Formal Suit Blazer,Clothing,North,Returning,2,11500,12,20240.0,12650.0,7590.0,Card,Amit Kumar
TX01156,2026-05-21,MagSafe Power Bank,Accessories,South,New,4,3200,0,12800.0,6656.0,6144.0,Card,Vikas Verma
TX01157,2026-07-10,Denim Pants Premium,Clothing,South,New,4,2900,8,10672.0,4872.0,5800.0,Net Banking,Priya Patel
TX01158,2026-02-01,4K Streaming WebCam,Electronics,West,New,2,7800,5,14820.0,9672.0,5148.0,Card,Kavita Reddy
TX01159,2026-02-18,Gaming Mouse 8K,Electronics,East,Returning,5,3200,0,16000.0,8800.0,7200.0,UPI,Amit Kumar
TX01160,2026-03-19,Robotic Vacuum X,Home Appliances,South,Returning,8,26000,8,191360.0,145600.0,45760.0,UPI,Ananya Roy
TX01161,2026-03-08,Monitor Arm Dual Mount,Furniture,South,Returning,8,4200,5,31920.0,16800.0,15120.0,Cash,Siddharth Rao
TX01162,2026-02-22,Smart Blender 1200W,Home Appliances,East,Returning,4,6800,8,25024.0,15776.0,9248.0,UPI,Rahul Sharma
TX01163,2026-03-25,Smartphone X,Electronics,South,Returning,3,42000,12,110880.0,90720.0,20160.0,UPI,Ananya Roy
TX01164,2026-05-04,Noise Cancelling Headphones,Electronics,South,New,4,14500,0,58000.0,37700.0,20300.0,Cash,Rahul Sharma
TX01165,2026-03-08,Gaming Mouse 8K,Electronics,Central,Returning,7,3200,8,20608.0,12320.0,8288.0,Card,Siddharth Rao
TX01166,2026-05-07,Tablet Pro 11,Electronics,West,Returning,2,38000,25,57000.0,57000.0,0.0,Cash,Amit Kumar
TX01167,2026-02-08,4K Streaming WebCam,Electronics,South,New,1,7800,0,7800.0,4836.0,2964.0,Cash,Siddharth Rao
TX01168,2026-03-11,Ergonomic Office Chair,Furniture,South,New,3,14500,5,41325.0,26970.0,14355.0,Card,Kavita Reddy
TX01169,2026-07-16,Laptop Pro 15,Electronics,South,New,1,68000,8,62560.0,53040.0,9520.0,UPI,Amit Kumar
TX01170,2026-02-03,Electric Kettle Stainless,Home Appliances,West,Returning,8,2400,5,18240.0,9984.0,8256.0,Cash,Vikas Verma
TX01171,2026-03-31,Pro Runner Shoes,Footwear,Central,New,1,6500,5,6175.0,3120.0,3055.0,Net Banking,Amit Kumar
TX01172,2026-03-27,Electric Kettle Stainless,Home Appliances,East,New,2,2400,10,4320.0,2496.0,1824.0,Net Banking,Priya Patel
TX01173,2026-07-28,Trail Hiking Boots,Footwear,East,Returning,7,8400,10,52920.0,30576.0,22344.0,UPI,Ananya Roy
TX01174,2026-07-16,Pro Runner Shoes,Footwear,North,New,1,6500,5,6175.0,3120.0,3055.0,Card,Ananya Roy
TX01175,2026-02-08,Monitor Arm Dual Mount,Furniture,South,Returning,2,4200,0,8400.0,4200.0,4200.0,UPI,Vikas Verma
TX01176,2026-03-21,Executive Desk,Furniture,East,New,3,28000,0,84000.0,54600.0,29400.0,Card,Rahul Sharma
TX01177,2026-06-25,Travel Backpack 30L,Accessories,North,New,3,3500,0,10500.0,4725.0,5775.0,UPI,Vikas Verma
TX01178,2026-05-13,Laptop Sleeve 15,Accessories,North,Returning,6,1100,15,5610.0,2310.0,3300.0,Card,Priya Patel
TX01179,2026-04-26,Smart Blender 1200W,Home Appliances,Central,Returning,3,6800,0,20400.0,11832.0,8568.0,Card,Kavita Reddy
TX01180,2026-07-01,Monitor 27 Ultra,Electronics,South,New,4,24000,0,96000.0,67200.0,28800.0,Card,Neha Singh
TX01181,2026-03-28,4K Streaming WebCam,Electronics,West,New,3,7800,5,22230.0,14508.0,7722.0,UPI,Vikas Verma
TX01182,2026-05-04,Pro Runner Shoes,Footwear,North,Returning,7,6500,0,45500.0,21840.0,23660.0,Net Banking,Priya Patel
TX01183,2026-03-12,Leather Slim Wallet,Accessories,North,New,3,1400,5,3990.0,1596.0,2394.0,Net Banking,Priya Patel
TX01184,2026-06-08,Mechanical RGB Keyboard,Electronics,South,New,3,6200,0,18600.0,10788.0,7812.0,UPI,Ananya Roy
TX01185,2026-05-02,Smart Watch Series 7,Electronics,North,Returning,8,18500,0,148000.0,100640.0,47360.0,Card,Vikas Verma
TX01186,2026-05-25,Noise Cancelling Headphones,Electronics,Central,Returning,8,14500,0,116000.0,75400.0,40600.0,Cash,Siddharth Rao
TX01187,2026-05-16,Noise Cancelling Headphones,Electronics,South,Returning,6,14500,5,82650.0,56550.0,26100.0,Card,Kavita Reddy
TX01188,2026-04-09,Monitor 27 Ultra,Electronics,East,Returning,4,24000,8,88320.0,67200.0,21120.0,Card,Amit Kumar
TX01189,2026-02-27,Denim Pants Premium,Clothing,South,Returning,2,2900,0,5800.0,2436.0,3364.0,Cash,Priya Patel
TX01190,2026-05-01,Trail Hiking Boots,Footwear,South,Returning,8,8400,0,67200.0,34944.0,32256.0,UPI,Priya Patel
TX01191,2026-05-13,Pro Runner Shoes,Footwear,North,New,3,6500,0,19500.0,9360.0,10140.0,Card,Neha Singh
TX01192,2026-07-30,Travel Backpack 30L,Accessories,North,Returning,3,3500,12,9240.0,4725.0,4515.0,UPI,Neha Singh
TX01193,2026-04-23,Monitor 27 Ultra,Electronics,Central,Returning,1,24000,12,21120.0,16800.0,4320.0,UPI,Siddharth Rao
TX01194,2026-06-02,Standing Desk Dual Engine,Furniture,North,Returning,7,34000,0,238000.0,161840.0,76160.0,Card,Priya Patel
TX01195,2026-03-09,Wireless Earbuds,Electronics,South,New,4,4500,12,15840.0,10800.0,5040.0,Card,Vikas Verma
TX01196,2026-03-20,Tablet Pro 11,Electronics,North,Returning,6,38000,15,193800.0,171000.0,22800.0,UPI,Neha Singh
TX01197,2026-05-01,Smart Blender 1200W,Home Appliances,East,Returning,3,6800,15,17340.0,11832.0,5508.0,UPI,Siddharth Rao
TX01198,2026-02-03,Executive Desk,Furniture,North,Returning,3,28000,0,84000.0,54600.0,29400.0,Net Banking,Ananya Roy
TX01199,2026-02-04,4K Streaming WebCam,Electronics,Central,Returning,8,7800,10,56160.0,38688.0,17472.0,UPI,Siddharth Rao
TX01200,2026-04-09,MagSafe Power Bank,Accessories,West,Returning,3,3200,8,8832.0,4992.0,3840.0,Card,Priya Patel
TX01201,2026-02-10,Standing Desk Dual Engine,Furniture,West,New,2,34000,8,62560.0,46240.0,16320.0,UPI,Neha Singh
TX01202,2026-03-21,Laptop Pro 15,Electronics,South,New,3,68000,12,179520.0,159120.0,20400.0,Card,Priya Patel
TX01203,2026-07-30,Leather Slim Wallet,Accessories,East,Returning,7,1400,5,9310.0,3724.0,5586.0,Cash,Siddharth Rao
TX01204,2026-06-14,Formal Suit Blazer,Clothing,North,New,4,11500,5,43700.0,25300.0,18400.0,Card,Amit Kumar
TX01205,2026-06-19,Pro Runner Shoes,Footwear,South,Returning,7,6500,8,41860.0,21840.0,20020.0,Card,Priya Patel
TX01206,2026-02-23,Mechanical RGB Keyboard,Electronics,North,New,4,6200,,24800.0,14384.0,10416.0,Card,Priya Patel
TX01207,2026-07-13,Casual Leather Loafers,Footwear,East,Returning,5,4200,10,18900.0,10500.0,8400.0,UPI,Kavita Reddy
TX01208,2026-06-22,Robotic Vacuum X,Home Appliances,North,Returning,2,26000,5,49400.0,36400.0,13000.0,Card,Kavita Reddy
TX01209,2026-05-17,Electric Kettle Stainless,Home Appliances,North,New,2,2400,5,4560.0,2496.0,2064.0,UPI,Vikas Verma
TX01210,2026-04-20,Smart Blender 1200W,Home Appliances,West,New,4,6800,0,27200.0,15776.0,11424.0,UPI,Ananya Roy
TX01211,2026-06-13,Windbreaker Hooded,Clothing,South,Returning,7,3800,0,26600.0,12236.0,14364.0,Net Banking,Neha Singh
TX01212,2026-07-08,Electric Kettle Stainless,Home Appliances,West,Returning,7,2400,0,16800.0,8736.0,8064.0,Card,Amit Kumar
TX01213,2026-05-15,Windbreaker Hooded,Clothing,East,Returning,2,3800,8,6992.0,3496.0,3496.0,UPI,Priya Patel
TX01214,2026-07-12,Electric Kettle Stainless,Home Appliances,West,Returning,5,2400,10,10800.0,6240.0,4560.0,UPI,Ananya Roy
TX01215,2026-03-25,Smart Watch Series 7,Electronics,North,Returning,3,18500,0,55500.0,37740.0,17760.0,Card,Priya Patel
TX01216,2026-06-27,Robotic Vacuum X,Home Appliances,North,Returning,8,26000,8,191360.0,145600.0,45760.0,Card,Amit Kumar
TX01217,2026-04-03,Bookshelf Wooden,Furniture,South,Returning,4,8900,8,32752.0,20648.0,12104.0,Cash,Siddharth Rao
TX01218,2026-04-08,Tablet Pro 11,Electronics,South,Returning,1,38000,8,34960.0,28500.0,6460.0,Card,Priya Patel
TX01219,2026-03-01,Trail Hiking Boots,Footwear,Central,New,2,8400,0,16800.0,8736.0,8064.0,Cash,Priya Patel
TX01220,2026-02-20,Leather Slim Wallet,Accessories,West,Returning,4,1400,5,5320.0,2128.0,3192.0,Card,Rahul Sharma
TX01221,2026-05-17,Wireless Earbuds,Electronics,East,Returning,4,4500,8,16560.0,10800.0,5760.0,UPI,Ananya Roy
TX01222,2026-07-13,Casual Leather Loafers,Footwear,West,New,1,4200,12,3696.0,2100.0,1596.0,Card,Rahul Sharma
TX01223,2026-03-03,Formal Suit Blazer,Clothing,Central,Returning,1,11500,0,11500.0,6325.0,5175.0,Card,Priya Patel
TX01224,2026-03-22,Smartphone X,Electronics,East,Returning,3,42000,0,126000.0,90720.0,35280.0,UPI,Neha Singh
TX01225,2026-02-08,Windbreaker Hooded,Clothing,North,New,2,3800,0,7600.0,3496.0,4104.0,Card,Priya Patel
TX01226,2026-05-01,Denim Pants Premium,Clothing,South,Returning,7,2900,5,19285.0,8526.0,10759.0,UPI,Neha Singh
TX01227,2026-04-06,Ergonomic Office Chair,Furniture,North,Returning,5,14500,15,61625.0,44950.0,16675.0,UPI,Vikas Verma
TX01228,2026-03-15,Standing Desk Dual Engine,Furniture,Central,Returning,8,34000,5,258400.0,184960.0,73440.0,Card,Ananya Roy
TX01229,2026-07-10,Mechanical RGB Keyboard,Electronics,East,Returning,6,6200,5,35340.0,21576.0,13764.0,Card,Priya Patel
TX01230,2026-05-27,Portable SSD 2TB,Electronics,Central,Returning,5,12500,5,59375.0,43750.0,15625.0,UPI,Ananya Roy
TX01231,2026-05-13,Smartphone X,Electronics,North,Returning,7,42000,10,264600.0,211680.0,52920.0,UPI,Priya Patel
TX01232,2026-03-28,Air Purifier Pro,Home Appliances,South,Returning,2,16500,0,33000.0,21780.0,11220.0,Card,Ananya Roy
TX01233,2026-03-27,Trail Hiking Boots,Footwear,East,New,2,8400,5,15960.0,8736.0,7224.0,UPI,Neha Singh
TX01234,2026-06-15,Standing Desk Dual Engine,Furniture,North,New,1,34000,5,32300.0,23120.0,9180.0,Card,Siddharth Rao
TX01235,2026-04-23,Windbreaker Hooded,Clothing,North,New,4,3800,5,14440.0,6992.0,7448.0,Net Banking,Siddharth Rao
TX01236,2026-03-03,Gaming Mouse 8K,Electronics,South,Returning,7,3200,0,22400.0,12320.0,10080.0,UPI,Rahul Sharma
TX01237,2026-07-15,Laptop Pro 15,Electronics,Central,New,4,68000,0,272000.0,212160.0,59840.0,Card,Rahul Sharma
TX01238,2026-04-28,Smartphone X,Electronics,North,New,4,42000,8,154560.0,120960.0,33600.0,UPI,Ananya Roy
TX01239,2026-05-14,Smart Watch Series 7,Electronics,East,New,1,18500,5,17575.0,12580.0,4995.0,Card,Kavita Reddy
TX01240,2026-06-07,Gaming Mouse 8K,Electronics,West,Returning,2,3200,0,6400.0,3520.0,2880.0,UPI,Rahul Sharma
TX01241,2026-03-08,Mechanical RGB Keyboard,Electronics,Central,Returning,7,6200,0,43400.0,25172.0,18228.0,UPI,Ananya Roy
TX01242,2026-06-18,Laptop Pro 15,Electronics,Central,Returning,5,68000,12,299200.0,265200.0,34000.0,UPI,Rahul Sharma
TX01243,2026-04-19,Wireless Earbuds,Electronics,South,Returning,7,4500,0,31500.0,18900.0,12600.0,UPI,Amit Kumar
TX01244,2026-06-30,Trail Hiking Boots,Footwear,North,New,2,8400,10,15120.0,8736.0,6384.0,Cash,Siddharth Rao
TX01245,2026-07-14,Casual Leather Loafers,Footwear,West,Returning,4,4200,5,15960.0,8400.0,7560.0,Card,Vikas Verma
TX01246,2026-04-24,Travel Backpack 30L,Accessories,North,New,3,3500,8,9660.0,4725.0,4935.0,UPI,Neha Singh
TX01247,2026-07-19,Standing Desk Dual Engine,Furniture,West,New,4,34000,0,136000.0,92480.0,43520.0,UPI,Neha Singh
TX01248,2026-05-31,Robotic Vacuum X,Home Appliances,North,New,2,26000,10,46800.0,36400.0,10400.0,Card,Ananya Roy
TX01249,2026-04-21,Trail Hiking Boots,Footwear,West,Returning,2,8400,12,14784.0,8736.0,6048.0,UPI,Ananya Roy
TX01250,2026-05-10,Casual Leather Loafers,Footwear,West,Returning,7,4200,0,29400.0,14700.0,14700.0,UPI,Amit Kumar
TX01251,2026-07-26,Cotton Polo Shirt,Clothing,Central,Returning,2,1600,0,3200.0,1280.0,1920.0,Cash,Priya Patel
TX01252,2026-04-03,Smartphone X,Electronics,Central,New,1,42000,5,39900.0,30240.0,9660.0,Card,Ananya Roy
TX01253,2026-04-09,Gaming Mouse 8K,Electronics,Central,New,4,3200,0,12800.0,7040.0,5760.0,UPI,Siddharth Rao
TX01254,2026-06-11,Formal Suit Blazer,Clothing,North,New,1,11500,0,11500.0,6325.0,5175.0,UPI,Siddharth Rao
TX01255,2026-03-22,Denim Pants Premium,Clothing,North,New,3,2900,5,8265.0,3654.0,4611.0,Card,Siddharth Rao
TX01256,2026-02-28,Tablet Pro 11,Electronics,East,Returning,4,38000,0,152000.0,114000.0,38000.0,Cash,Vikas Verma
TX01257,2026-04-03,Wireless Earbuds,Electronics,East,New,4,4500,5,17100.0,10800.0,6300.0,UPI,Vikas Verma
TX01258,2026-06-07,Standing Desk Dual Engine,Furniture,North,New,3,34000,8,93840.0,69360.0,24480.0,UPI,Rahul Sharma
TX01259,2026-02-25,Ergonomic Office Chair,Furniture,East,Returning,8,14500,8,106720.0,71920.0,34800.0,Cash,Neha Singh
TX01260,2026-03-16,Windbreaker Hooded,Clothing,West,New,3,3800,12,10032.0,5244.0,4788.0,UPI,Rahul Sharma
TX01261,2026-07-21,Travel Backpack 30L,Accessories,South,New,3,3500,12,9240.0,4725.0,4515.0,UPI,Rahul Sharma
TX01262,2026-07-03,Coffee Maker Deluxe,Home Appliances,Central,Returning,8,12800,12,90112.0,65536.0,24576.0,Card,Rahul Sharma
TX01263,2026-02-05,Denim Pants Premium,Clothing,West,Returning,3,2900,10,7830.0,3654.0,4176.0,Card,Priya Patel
TX01264,2026-04-19,Formal Suit Blazer,Clothing,South,Returning,5,11500,8,52900.0,31625.0,21275.0,UPI,Kavita Reddy
TX01265,2026-02-04,Coffee Maker Deluxe,Home Appliances,South,New,4,12800,0,51200.0,32768.0,18432.0,Card,Rahul Sharma
TX01266,2026-03-10,Smart Blender 1200W,Home Appliances,West,Returning,3,6800,5,19380.0,11832.0,7548.0,UPI,Siddharth Rao
TX01267,2026-05-04,Standing Desk Dual Engine,Furniture,West,New,4,34000,8,125120.0,92480.0,32640.0,Net Banking,Kavita Reddy
TX01268,2026-06-15,Ergonomic Office Chair,Furniture,South,Returning,6,14500,5,82650.0,53940.0,28710.0,UPI,Vikas Verma
TX01269,2026-04-21,Executive Desk,Furniture,North,Returning,6,28000,10,151200.0,109200.0,42000.0,UPI,Kavita Reddy
TX01270,2026-06-26,Coffee Maker Deluxe,Home Appliances,South,Returning,8,12800,12,90112.0,65536.0,24576.0,UPI,Amit Kumar
TX01271,2026-06-14,Denim Pants Premium,Clothing,East,Returning,5,2900,5,13775.0,6090.0,7685.0,UPI,Vikas Verma
TX01272,2026-02-04,Trail Hiking Boots,Footwear,North,New,1,8400,0,8400.0,4368.0,4032.0,UPI,Siddharth Rao
TX01273,2026-05-02,Laptop Pro 15,Electronics,North,New,3,68000,10,183600.0,159120.0,24480.0,Card,Amit Kumar
TX01274,2026-02-23,Running Jacket Pro,Clothing,North,Returning,7,4800,5,31920.0,15120.0,16800.0,UPI,Neha Singh
TX01275,2026-02-09,Travel Backpack 30L,Accessories,Central,New,4,3500,5,13300.0,6300.0,7000.0,Net Banking,Priya Patel
TX01276,2026-04-08,Cotton Polo Shirt,Clothing,East,New,4,1600,8,5888.0,2560.0,3328.0,UPI,Amit Kumar
TX01277,2026-07-25,Executive Desk,Furniture,South,New,2,28000,0,56000.0,36400.0,19600.0,UPI,Kavita Reddy
TX01278,2026-06-20,Ergonomic Office Chair,Furniture,South,Returning,7,14500,0,101500.0,62930.0,38570.0,Card,Ananya Roy
TX01279,2026-06-09,Coffee Maker Deluxe,Home Appliances,South,Returning,7,12800,15,76160.0,57344.0,18816.0,Card,Rahul Sharma
TX01280,2026-05-19,Smart Watch Series 7,Electronics,West,Returning,5,18500,30,64750.0,62900.0,1850.0,UPI,Ananya Roy
TX01281,2026-03-05,Denim Pants Premium,Clothing,North,Returning,3,2900,5,8265.0,3654.0,4611.0,UPI,Kavita Reddy
TX01282,2026-02-14,Smart Watch Series 7,Electronics,North,Returning,2,18500,0,37000.0,25160.0,11840.0,UPI,Vikas Verma
TX01283,2026-06-25,Travel Backpack 30L,Accessories,West,Returning,2,3500,8,6440.0,3150.0,3290.0,Card,Rahul Sharma
TX01284,2026-07-30,Standing Desk Dual Engine,Furniture,East,Returning,8,34000,0,272000.0,184960.0,87040.0,Cash,Amit Kumar
TX01285,2026-04-19,Cotton Polo Shirt,Clothing,West,Returning,8,1600,8,11776.0,5120.0,6656.0,UPI,Priya Patel
TX01286,2026-02-01,4K Streaming WebCam,Electronics,East,New,1,7800,0,7800.0,4836.0,2964.0,UPI,Rahul Sharma
TX01287,2026-06-10,Casual Leather Loafers,Footwear,South,Returning,5,4200,5,19950.0,10500.0,9450.0,Net Banking,Neha Singh
TX01288,2026-06-20,Mesh Task Chair,Furniture,West,Returning,2,7500,5,14250.0,9000.0,5250.0,Card,Amit Kumar
TX01289,2026-03-09,Monitor Arm Dual Mount,Furniture,North,Returning,4,4200,5,15960.0,8400.0,7560.0,UPI,Priya Patel
TX01290,2026-07-01,Leather Slim Wallet,Accessories,South,New,4,1400,8,5152.0,2128.0,3024.0,UPI,Siddharth Rao
TX01291,2026-05-20,4K Streaming WebCam,Electronics,North,Returning,7,7800,0,54600.0,33852.0,20748.0,UPI,Kavita Reddy
TX01292,2026-02-11,Coffee Maker Deluxe,Home Appliances,Central,Returning,8,12800,0,102400.0,65536.0,36864.0,Net Banking,Ananya Roy
TX01293,2026-06-09,Laptop Sleeve 15,Accessories,North,Returning,7,1100,5,7315.0,2695.0,4620.0,UPI,Amit Kumar
TX01294,2026-05-02,Formal Suit Blazer,Clothing,South,Returning,3,11500,0,34500.0,18975.0,15525.0,Card,Vikas Verma
TX01295,2026-05-12,Wireless Earbuds,Electronics,Central,Returning,7,4500,15,26775.0,18900.0,7875.0,Card,Amit Kumar
TX01296,2026-06-28,Laptop Sleeve 15,Accessories,West,Returning,3,1100,8,3036.0,1155.0,1881.0,Card,Ananya Roy
TX01297,2026-06-30,Electric Kettle Stainless,Home Appliances,North,New,2,2400,0,4800.0,2496.0,2304.0,Card,Kavita Reddy
TX01298,2026-07-24,Travel Backpack 30L,Accessories,South,New,2,3500,0,7000.0,3150.0,3850.0,Cash,Siddharth Rao
TX01299,2026-05-19,Wireless Earbuds,Electronics,North,New,1,4500,10,4050.0,2700.0,1350.0,UPI,Ananya Roy
TX01300,2026-07-06,Smartphone X,Electronics,Central,New,4,42000,5,159600.0,120960.0,38640.0,Net Banking,Neha Singh
TX01301,2026-03-23,Mesh Task Chair,Furniture,East,Returning,4,7500,0,30000.0,18000.0,12000.0,UPI,Neha Singh
TX01302,2026-02-23,Smartphone X,Electronics,East,Returning,4,42000,0,168000.0,120960.0,47040.0,UPI,Rahul Sharma
TX01303,2026-05-04,Smart Blender 1200W,Home Appliances,East,Returning,6,6800,0,40800.0,23664.0,17136.0,Card,Kavita Reddy
TX01304,2026-03-21,Standing Desk Dual Engine,Furniture,East,Returning,6,34000,5,193800.0,138720.0,55080.0,Cash,Amit Kumar
TX01305,2026-02-18,Casual Leather Loafers,Footwear,South,New,1,4200,5,3990.0,2100.0,1890.0,UPI,Vikas Verma
TX01306,2026-02-26,Gaming Mouse 8K,Electronics,East,New,3,3200,0,9600.0,5280.0,4320.0,Cash,Vikas Verma
TX01307,2026-04-06,Robotic Vacuum X,Home Appliances,West,New,2,26000,15,44200.0,36400.0,7800.0,UPI,Neha Singh
TX01308,2026-06-13,Laptop Sleeve 15,Accessories,South,Returning,2,1100,5,2090.0,770.0,1320.0,Net Banking,Vikas Verma
TX01309,2026-07-18,Smartphone X,Electronics,North,Returning,4,42000,0,168000.0,120960.0,47040.0,Card,Amit Kumar
TX01310,2026-03-25,Formal Suit Blazer,Clothing,Central,Returning,1,11500,0,11500.0,6325.0,5175.0,UPI,Rahul Sharma
TX01311,2026-04-30,Wireless Earbuds,Electronics,Central,Returning,2,4500,12,7920.0,5400.0,2520.0,Card,Amit Kumar
TX01312,2026-04-11,Monitor 27 Ultra,Electronics,North,Returning,4,24000,8,88320.0,67200.0,21120.0,UPI,Vikas Verma
TX01313,2026-03-31,Smartphone X,Electronics,Central,New,2,42000,5,79800.0,60480.0,19320.0,Cash,Rahul Sharma
TX01314,2026-06-22,Travel Backpack 30L,Accessories,North,Returning,3,3500,5,9975.0,4725.0,5250.0,UPI,Amit Kumar
TX01315,2026-03-02,Casual Leather Loafers,Footwear,North,Returning,6,4200,5,23940.0,12600.0,11340.0,UPI,Rahul Sharma
TX01316,2026-04-02,Bookshelf Wooden,Furniture,North,New,4,8900,8,32752.0,20648.0,12104.0,Cash,Rahul Sharma
TX01317,2026-02-04,Monitor Arm Dual Mount,Furniture,West,New,2,4200,5,7980.0,4200.0,3780.0,UPI,Ananya Roy
TX01318,2026-05-01,Monitor Arm Dual Mount,Furniture,Central,New,4,4200,5,15960.0,8400.0,7560.0,UPI,Priya Patel
TX01319,2026-02-20,Mesh Task Chair,Furniture,Central,New,3,7500,12,19800.0,13500.0,6300.0,Cash,Kavita Reddy
TX01320,2026-04-19,Air Purifier Pro,Home Appliances,West,New,2,16500,5,31350.0,21780.0,9570.0,UPI,Priya Patel
TX01321,2026-02-14,Coffee Maker Deluxe,Home Appliances,Central,Returning,8,12800,0,102400.0,65536.0,36864.0,UPI,Amit Kumar
TX01322,2026-06-14,Bookshelf Wooden,Furniture,South,Returning,2,8900,5,16910.0,10324.0,6586.0,Cash,Amit Kumar
TX01323,2026-02-10,Monitor Arm Dual Mount,Furniture,West,Returning,8,4200,15,28560.0,16800.0,11760.0,UPI,Rahul Sharma
TX01324,2026-04-11,Running Jacket Pro,Clothing,East,New,1,4800,0,4800.0,2160.0,2640.0,Cash,Siddharth Rao
TX01325,2026-06-07,Smartphone X,Electronics,West,New,1,42000,0,42000.0,30240.0,11760.0,UPI,Siddharth Rao
TX01326,2026-06-17,Tablet Pro 11,Electronics,West,New,3,38000,12,100320.0,85500.0,14820.0,Net Banking,Ananya Roy
TX01327,2026-04-09,Standing Desk Dual Engine,Furniture,West,New,4,34000,10,122400.0,92480.0,29920.0,Card,Rahul Sharma
TX01328,2026-02-28,Robotic Vacuum X,Home Appliances,Central,Returning,5,26000,10,117000.0,91000.0,26000.0,Net Banking,Kavita Reddy
TX01329,2026-05-20,MagSafe Power Bank,Accessories,South,Returning,8,3200,8,23552.0,13312.0,10240.0,Net Banking,Amit Kumar
TX01330,2026-02-04,Running Jacket Pro,Clothing,West,Returning,2,4800,20,7680.0,4320.0,3360.0,Card,Vikas Verma
TX01331,2026-04-28,Electric Kettle Stainless,Home Appliances,North,New,3,2400,8,6624.0,3744.0,2880.0,Card,Rahul Sharma
TX01332,2026-03-04,Cotton Polo Shirt,Clothing,East,New,3,1600,10,4320.0,1920.0,2400.0,UPI,Rahul Sharma
TX01333,2026-05-24,Laptop Pro 15,Electronics,South,Returning,8,68000,8,500480.0,424320.0,76160.0,Card,Siddharth Rao
TX01334,2026-02-15,Smart Watch Series 7,Electronics,South,Returning,6,18500,15,94350.0,75480.0,18870.0,UPI,Vikas Verma
TX01335,2026-04-12,Mesh Task Chair,Furniture,West,New,2,7500,0,15000.0,9000.0,6000.0,Card,Rahul Sharma
TX01336,2026-04-01,Gaming Mouse 8K,Electronics,West,New,4,3200,5,12160.0,7040.0,5120.0,UPI,Neha Singh
TX01337,2026-02-16,Mesh Task Chair,Furniture,Central,New,3,7500,5,21375.0,13500.0,7875.0,UPI,Neha Singh
TX01338,2026-05-01,Mechanical RGB Keyboard,Electronics,North,Returning,2,6200,0,12400.0,7192.0,5208.0,UPI,Ananya Roy
TX01339,2026-07-25,Smart Blender 1200W,Home Appliances,North,Returning,5,6800,0,34000.0,19720.0,14280.0,UPI,Ananya Roy
TX01340,2026-04-27,Smart Blender 1200W,Home Appliances,Central,New,3,6800,8,18768.0,11832.0,6936.0,UPI,Rahul Sharma
TX01341,2026-04-16,4K Streaming WebCam,Electronics,Central,New,2,7800,10,14040.0,9672.0,4368.0,Card,Ananya Roy
TX01342,2026-03-28,Robotic Vacuum X,Home Appliances,West,New,2,26000,5,49400.0,36400.0,13000.0,Net Banking,Priya Patel
TX01343,2026-02-20,Bookshelf Wooden,Furniture,East,Returning,7,8900,5,59185.0,36134.0,23051.0,UPI,Rahul Sharma
TX01344,2026-07-06,Travel Backpack 30L,Accessories,West,Returning,6,3500,0,21000.0,9450.0,11550.0,Cash,Vikas Verma
TX01345,2026-04-04,Formal Suit Blazer,Clothing,North,Returning,6,11500,0,69000.0,37950.0,31050.0,UPI,Priya Patel
TX01346,2026-07-28,Monitor Arm Dual Mount,Furniture,South,Returning,7,4200,5,27930.0,14700.0,13230.0,UPI,Priya Patel
TX01347,2026-05-04,Travel Backpack 30L,Accessories,East,Returning,7,3500,0,24500.0,11025.0,13475.0,Cash,Amit Kumar
TX01348,2026-06-18,Monitor Arm Dual Mount,Furniture,West,New,2,4200,8,7728.0,4200.0,3528.0,Card,Ananya Roy
TX01349,2026-04-22,Gaming Mouse 8K,Electronics,North,Returning,3,3200,5,9120.0,5280.0,3840.0,Card,Neha Singh
TX01350,2026-03-19,Trail Hiking Boots,Footwear,North,New,3,8400,10,22680.0,13104.0,9576.0,Card,Kavita Reddy
TX01351,2026-02-26,Noise Cancelling Headphones,Electronics,West,Returning,1,14500,8,13340.0,9425.0,3915.0,Net Banking,Amit Kumar
TX01352,2026-06-12,MagSafe Power Bank,Accessories,Central,Returning,6,3200,0,19200.0,9984.0,9216.0,Card,Neha Singh
TX01353,2026-04-17,Gaming Mouse 8K,Electronics,South,Returning,6,3200,5,18240.0,10560.0,7680.0,Card,Rahul Sharma
TX01354,2026-02-19,Coffee Maker Deluxe,Home Appliances,Central,Returning,8,12800,8,94208.0,65536.0,28672.0,UPI,Kavita Reddy
TX01355,2026-07-30,Noise Cancelling Headphones,Electronics,West,Returning,2,14500,0,29000.0,18850.0,10150.0,UPI,Ananya Roy
TX01356,2026-07-23,Trail Hiking Boots,Footwear,South,Returning,5,8400,12,36960.0,21840.0,15120.0,UPI,Vikas Verma
TX01357,2026-06-07,Formal Suit Blazer,Clothing,North,Returning,7,11500,0,80500.0,44275.0,36225.0,UPI,Amit Kumar
TX01358,2026-03-09,Monitor 27 Ultra,Electronics,West,Returning,4,24000,5,91200.0,67200.0,24000.0,UPI,Ananya Roy
TX01359,2026-02-26,Coffee Maker Deluxe,Home Appliances,South,New,3,12800,5,36480.0,24576.0,11904.0,UPI,Amit Kumar
TX01360,2026-04-15,Mesh Task Chair,Furniture,Central,Returning,4,7500,8,27600.0,18000.0,9600.0,UPI,Neha Singh
TX01361,2026-06-22,Laptop Sleeve 15,Accessories,West,New,1,1100,15,935.0,385.0,550.0,Card,Neha Singh
TX01362,2026-02-02,Leather Slim Wallet,Accessories,West,New,2,1400,0,2800.0,1064.0,1736.0,Net Banking,Siddharth Rao
TX01363,2026-05-25,MagSafe Power Bank,Accessories,North,Returning,2,3200,8,5888.0,3328.0,2560.0,Net Banking,Priya Patel
TX01364,2026-05-25,Pro Runner Shoes,Footwear,East,New,2,6500,20,10400.0,6240.0,4160.0,Card,Priya Patel
TX01365,2026-05-02,Smart Watch Series 7,Electronics,West,New,1,18500,23,14245.0,12580.0,1665.0,UPI,Ananya Roy
TX01366,2026-04-12,Trail Hiking Boots,Footwear,East,Returning,2,8400,8,15456.0,8736.0,6720.0,UPI,Rahul Sharma
TX01367,2026-05-22,Mechanical RGB Keyboard,Electronics,Central,Returning,6,6200,0,37200.0,21576.0,15624.0,Card,Rahul Sharma
TX01368,2026-07-13,Laptop Pro 15,Electronics,North,Returning,4,68000,8,250240.0,212160.0,38080.0,UPI,Amit Kumar
TX01369,2026-06-05,Ergonomic Office Chair,Furniture,West,New,2,14500,8,26680.0,17980.0,8700.0,UPI,Neha Singh
TX01370,2026-02-01,Pro Runner Shoes,Footwear,North,Returning,4,6500,8,23920.0,12480.0,11440.0,UPI,Vikas Verma
TX01371,2026-07-08,Robotic Vacuum X,Home Appliances,East,New,3,26000,5,74100.0,54600.0,19500.0,Card,Amit Kumar
TX01372,2026-04-18,Bookshelf Wooden,Furniture,West,Returning,8,8900,10,64080.0,41296.0,22784.0,UPI,Ananya Roy
TX01373,2026-06-20,Travel Backpack 30L,Accessories,South,New,3,3500,5,9975.0,4725.0,5250.0,UPI,Neha Singh
TX01374,2026-07-20,Pro Runner Shoes,Footwear,North,Returning,6,6500,8,35880.0,18720.0,17160.0,UPI,Siddharth Rao
TX01375,2026-07-31,Noise Cancelling Headphones,Electronics,West,Returning,8,14500,8,106720.0,75400.0,31320.0,Card,Rahul Sharma
TX01376,2026-04-16,Running Jacket Pro,Clothing,East,Returning,7,4800,0,33600.0,15120.0,18480.0,Card,Vikas Verma
TX01377,2026-07-23,Windbreaker Hooded,Clothing,South,Returning,7,3800,5,25270.0,12236.0,13034.0,Net Banking,Vikas Verma
TX01378,2026-06-05,Bookshelf Wooden,Furniture,South,Returning,5,8900,5,42275.0,25810.0,16465.0,UPI,Amit Kumar
TX01379,2026-06-18,Standing Desk Dual Engine,Furniture,West,New,3,34000,0,102000.0,69360.0,32640.0,Card,Rahul Sharma
TX01380,2026-05-09,Smart Watch Series 7,Electronics,West,New,3,18500,30,38850.0,37740.0,1110.0,Card,Priya Patel
TX01381,2026-07-18,Tablet Pro 11,Electronics,East,New,2,38000,20,60800.0,57000.0,3800.0,Cash,Siddharth Rao
TX01382,2026-03-31,Denim Pants Premium,Clothing,West,Returning,6,2900,5,16530.0,7308.0,9222.0,Card,Neha Singh
TX01383,2026-02-04,Monitor 27 Ultra,Electronics,West,Returning,2,24000,5,45600.0,33600.0,12000.0,Card,Rahul Sharma
TX01384,2026-03-13,Denim Pants Premium,Clothing,South,New,2,2900,0,5800.0,2436.0,3364.0,Card,Siddharth Rao
TX01385,2026-07-18,Electric Kettle Stainless,Home Appliances,North,Returning,5,2400,10,10800.0,6240.0,4560.0,UPI,Siddharth Rao
TX01386,2026-02-06,Laptop Pro 15,Electronics,West,Returning,3,68000,0,204000.0,159120.0,44880.0,Card,Siddharth Rao
TX01387,2026-03-22,Cotton Polo Shirt,Clothing,West,Returning,1,1600,0,1600.0,640.0,960.0,Card,Priya Patel
TX01388,2026-04-09,Travel Backpack 30L,Accessories,South,Returning,4,3500,15,11900.0,6300.0,5600.0,Card,Kavita Reddy
TX01389,2026-04-14,Laptop Sleeve 15,Accessories,North,New,4,1100,8,4048.0,1540.0,2508.0,Net Banking,Priya Patel
TX01390,2026-05-27,Bookshelf Wooden,Furniture,East,New,2,8900,5,16910.0,10324.0,6586.0,Card,Priya Patel
TX01391,2026-07-15,Cotton Polo Shirt,Clothing,South,Returning,2,1600,0,3200.0,1280.0,1920.0,UPI,Kavita Reddy
TX01392,2026-07-02,Monitor Arm Dual Mount,Furniture,North,New,4,4200,5,15960.0,8400.0,7560.0,Cash,Neha Singh
TX01393,2026-02-16,Leather Slim Wallet,Accessories,South,New,3,1400,10,3780.0,1596.0,2184.0,UPI,Siddharth Rao
TX01394,2026-02-02,Running Jacket Pro,Clothing,West,Returning,8,4800,5,36480.0,17280.0,19200.0,UPI,Neha Singh
TX01395,2026-04-24,Trail Hiking Boots,Footwear,West,Returning,2,8400,12,14784.0,8736.0,6048.0,UPI,Priya Patel
TX01396,2026-05-08,Noise Cancelling Headphones,Electronics,West,New,1,14500,20,11600.0,9425.0,2175.0,UPI,Priya Patel
TX01397,2026-02-10,Pro Runner Shoes,Footwear,East,Returning,8,6500,0,52000.0,24960.0,27040.0,Cash,Siddharth Rao
TX01398,2026-05-14,Laptop Pro 15,Electronics,South,Returning,5,68000,8,312800.0,265200.0,47600.0,Cash,Vikas Verma
TX01399,2026-06-14,Windbreaker Hooded,Clothing,East,New,2,3800,0,7600.0,3496.0,4104.0,Card,Neha Singh
TX01400,2026-07-08,Air Purifier Pro,Home Appliances,East,New,4,16500,0,66000.0,43560.0,22440.0,UPI,Amit Kumar
TX01401,2026-03-15,MagSafe Power Bank,Accessories,West,Returning,6,3200,5,18240.0,9984.0,8256.0,UPI,Priya Patel
TX01402,2026-02-02,Cotton Polo Shirt,Clothing,West,New,1,1600,5,1520.0,640.0,880.0,UPI,Rahul Sharma
TX01403,2026-07-10,Trail Hiking Boots,Footwear,East,New,2,8400,0,16800.0,8736.0,8064.0,UPI,Neha Singh
TX01404,2026-04-12,Denim Pants Premium,Clothing,West,Returning,5,2900,5,13775.0,6090.0,7685.0,Card,Vikas Verma
TX01405,2026-06-24,Executive Desk,Furniture,North,New,2,28000,0,56000.0,36400.0,19600.0,UPI,Priya Patel
TX01406,2026-03-05,MagSafe Power Bank,Accessories,East,Returning,6,3200,5,18240.0,9984.0,8256.0,Cash,Vikas Verma
TX01407,2026-07-08,Travel Backpack 30L,Accessories,North,New,2,3500,20,5600.0,3150.0,2450.0,UPI,Amit Kumar
TX01408,2026-03-09,Portable SSD 2TB,Electronics,East,New,1,12500,12,11000.0,8750.0,2250.0,UPI,Kavita Reddy
TX01409,2026-05-20,Travel Backpack 30L,Accessories,South,Returning,2,3500,0,7000.0,3150.0,3850.0,UPI,Siddharth Rao
TX01410,2026-07-31,Travel Backpack 30L,Accessories,South,Returning,6,3500,5,19950.0,9450.0,10500.0,Cash,Neha Singh
TX01411,2026-03-15,Running Jacket Pro,Clothing,West,Returning,8,4800,5,36480.0,17280.0,19200.0,Card,Priya Patel
TX01412,2026-06-23,Pro Runner Shoes,Footwear,West,New,3,6500,10,17550.0,9360.0,8190.0,Card,Ananya Roy
TX01413,2026-05-20,Standing Desk Dual Engine,Furniture,East,Returning,4,34000,5,129200.0,92480.0,36720.0,UPI,Rahul Sharma
TX01414,2026-03-23,Casual Leather Loafers,Footwear,South,New,3,4200,0,12600.0,6300.0,6300.0,Net Banking,Vikas Verma
TX01415,2026-06-09,Laptop Pro 15,Electronics,East,New,3,68000,8,187680.0,159120.0,28560.0,UPI,Vikas Verma
TX01416,2026-04-12,Tablet Pro 11,Electronics,Central,Returning,8,38000,20,243200.0,228000.0,15200.0,Card,Kavita Reddy
TX01417,2026-03-17,Travel Backpack 30L,Accessories,West,Returning,2,3500,0,7000.0,3150.0,3850.0,UPI,Amit Kumar
TX01418,2026-07-31,Ergonomic Office Chair,Furniture,West,New,4,14500,10,52200.0,35960.0,16240.0,UPI,Kavita Reddy
TX01419,2026-07-14,Tablet Pro 11,Electronics,South,Returning,5,38000,20,152000.0,142500.0,9500.0,UPI,Rahul Sharma
TX01420,2026-04-27,Windbreaker Hooded,Clothing,Central,New,3,3800,5,10830.0,5244.0,5586.0,Net Banking,Siddharth Rao
TX01421,2026-05-18,Tablet Pro 11,Electronics,North,Returning,3,38000,8,104880.0,85500.0,19380.0,UPI,Kavita Reddy
TX01422,2026-02-12,Running Jacket Pro,Clothing,East,Returning,7,4800,0,33600.0,15120.0,18480.0,Card,Rahul Sharma
TX01423,2026-04-21,Running Jacket Pro,Clothing,East,New,4,4800,5,18240.0,8640.0,9600.0,Card,Kavita Reddy
TX01424,2026-02-23,Gaming Mouse 8K,Electronics,Central,New,1,3200,0,3200.0,1760.0,1440.0,Card,Rahul Sharma
TX01425,2026-03-16,Laptop Pro 15,Electronics,North,New,1,68000,12,59840.0,53040.0,6800.0,Net Banking,Vikas Verma
TX01426,2026-07-25,Executive Desk,Furniture,West,Returning,5,28000,0,140000.0,91000.0,49000.0,Card,Amit Kumar
TX01427,2026-04-13,Noise Cancelling Headphones,Electronics,East,New,2,14500,0,29000.0,18850.0,10150.0,UPI,Vikas Verma
TX01428,2026-04-08,Casual Leather Loafers,Footwear,South,Returning,6,4200,0,25200.0,12600.0,12600.0,Card,Kavita Reddy
TX01429,2026-07-12,Portable SSD 2TB,Electronics,North,Returning,7,12500,0,87500.0,61250.0,26250.0,Card,Siddharth Rao
TX01430,2026-04-30,Denim Pants Premium,Clothing,North,Returning,5,2900,0,14500.0,6090.0,8410.0,Card,Vikas Verma
TX01431,2026-03-28,Trail Hiking Boots,Footwear,South,Returning,3,8400,5,23940.0,13104.0,10836.0,Card,Ananya Roy
TX01432,2026-05-07,Robotic Vacuum X,Home Appliances,West,Returning,6,26000,8,143520.0,109200.0,34320.0,Card,Rahul Sharma
TX01433,2026-03-13,Smart Blender 1200W,Home Appliances,East,New,1,6800,0,6800.0,3944.0,2856.0,UPI,Amit Kumar
TX01434,2026-05-31,Ergonomic Office Chair,Furniture,West,Returning,8,14500,5,110200.0,71920.0,38280.0,Card,Siddharth Rao
TX01435,2026-06-02,Monitor Arm Dual Mount,Furniture,South,New,3,4200,5,11970.0,6300.0,5670.0,UPI,Rahul Sharma
TX01436,2026-04-01,Laptop Sleeve 15,Accessories,North,Returning,5,1100,15,4675.0,1925.0,2750.0,UPI,Rahul Sharma
TX01437,2026-03-14,Laptop Sleeve 15,Accessories,North,New,2,1100,15,1870.0,770.0,1100.0,Card,Amit Kumar
TX01438,2026-03-06,Formal Suit Blazer,Clothing,West,New,1,11500,0,11500.0,6325.0,5175.0,Card,Ananya Roy
TX01439,2026-05-29,Electric Kettle Stainless,Home Appliances,North,New,2,2400,0,4800.0,2496.0,2304.0,UPI,Vikas Verma
TX01440,2026-02-21,Ergonomic Office Chair,Furniture,North,New,1,14500,8,13340.0,8990.0,4350.0,UPI,Ananya Roy
TX01441,2026-02-02,Travel Backpack 30L,Accessories,North,New,4,3500,8,12880.0,6300.0,6580.0,Net Banking,Siddharth Rao
TX01442,2026-05-30,Monitor Arm Dual Mount,Furniture,West,New,2,4200,0,8400.0,4200.0,4200.0,Net Banking,Siddharth Rao
TX01443,2026-04-25,Denim Pants Premium,Clothing,West,Returning,7,2900,5,19285.0,8526.0,10759.0,Card,Ananya Roy
TX01444,2026-06-06,Smartphone X,Electronics,North,Returning,4,42000,5,159600.0,120960.0,38640.0,UPI,Rahul Sharma
TX01445,2026-07-07,Electric Kettle Stainless,Home Appliances,Central,Returning,3,2400,5,6840.0,3744.0,3096.0,UPI,Vikas Verma
TX01446,2026-05-23,Smart Watch Series 7,Electronics,South,Returning,7,18500,0,129500.0,88060.0,41440.0,UPI,Kavita Reddy
TX01447,2026-02-09,Mesh Task Chair,Furniture,Central,Returning,3,7500,5,21375.0,13500.0,7875.0,Card,Priya Patel
TX01448,2026-05-31,Smart Watch Series 7,Electronics,South,Returning,7,18500,10,116550.0,88060.0,28490.0,UPI,Ananya Roy
TX01449,2026-03-05,Laptop Sleeve 15,Accessories,South,Returning,8,1100,8,8096.0,3080.0,5016.0,Card,Siddharth Rao
TX01450,2026-02-14,Cotton Polo Shirt,Clothing,South,Returning,2,1600,8,2944.0,1280.0,1664.0,Cash,Kavita Reddy
TX01451,2026-06-09,Air Purifier Pro,Home Appliances,West,Returning,6,16500,0,99000.0,65340.0,33660.0,UPI,Siddharth Rao
TX01452,2026-06-17,Robotic Vacuum X,Home Appliances,West,New,1,26000,0,26000.0,18200.0,7800.0,Net Banking,Vikas Verma
TX01453,2026-03-23,Laptop Sleeve 15,Accessories,West,Returning,8,1100,5,8360.0,3080.0,5280.0,Card,Rahul Sharma
TX01454,2026-03-04,Leather Slim Wallet,Accessories,South,New,3,1400,0,4200.0,1596.0,2604.0,UPI,Vikas Verma
TX01455,2026-02-07,Running Jacket Pro,Clothing,North,New,1,4800,5,4560.0,2160.0,2400.0,UPI,Rahul Sharma
TX01456,2026-07-03,Gaming Mouse 8K,Electronics,South,New,4,3200,0,12800.0,7040.0,5760.0,UPI,Priya Patel
TX01457,2026-03-05,4K Streaming WebCam,Electronics,East,Returning,5,7800,0,39000.0,24180.0,14820.0,Card,Neha Singh
TX01458,2026-06-15,Trail Hiking Boots,Footwear,North,New,1,8400,0,8400.0,4368.0,4032.0,Net Banking,Priya Patel
TX01459,2026-05-09,Laptop Sleeve 15,Accessories,Central,New,3,1100,5,3135.0,1155.0,1980.0,UPI,Vikas Verma
TX01460,2026-07-18,Smart Watch Series 7,Electronics,West,Returning,2,18500,10,33300.0,25160.0,8140.0,Card,Vikas Verma
TX01461,2026-07-08,Laptop Sleeve 15,Accessories,East,Returning,1,1100,5,1045.0,385.0,660.0,Card,Siddharth Rao
TX01462,2026-04-12,Ergonomic Office Chair,Furniture,South,Returning,7,14500,12,89320.0,62930.0,26390.0,Card,Vikas Verma
TX01463,2026-02-02,Smart Blender 1200W,Home Appliances,North,Returning,3,6800,0,20400.0,11832.0,8568.0,Card,Ananya Roy
TX01464,2026-02-25,Bookshelf Wooden,Furniture,North,Returning,4,8900,0,35600.0,20648.0,14952.0,UPI,Kavita Reddy
TX01465,2026-07-01,Smart Blender 1200W,Home Appliances,East,New,4,6800,5,25840.0,15776.0,10064.0,Card,Ananya Roy
TX01466,2026-04-29,Windbreaker Hooded,Clothing,South,Returning,8,3800,10,27360.0,13984.0,13376.0,Card,Amit Kumar
TX01467,2026-07-23,Robotic Vacuum X,Home Appliances,South,New,1,26000,8,23920.0,18200.0,5720.0,Card,Ananya Roy
TX01468,2026-02-22,Standing Desk Dual Engine,Furniture,West,Returning,5,34000,0,170000.0,115600.0,54400.0,UPI,Kavita Reddy
TX01469,2026-02-08,4K Streaming WebCam,Electronics,East,New,3,7800,5,22230.0,14508.0,7722.0,UPI,Rahul Sharma
TX01470,2026-04-14,Leather Slim Wallet,Accessories,Central,New,2,1400,5,2660.0,1064.0,1596.0,Net Banking,Priya Patel
TX01471,2026-02-25,Electric Kettle Stainless,Home Appliances,North,Returning,5,2400,0,12000.0,6240.0,5760.0,UPI,Siddharth Rao
TX01472,2026-06-21,Smart Blender 1200W,Home Appliances,South,New,3,6800,0,20400.0,11832.0,8568.0,UPI,Priya Patel
TX01473,2026-07-21,Windbreaker Hooded,Clothing,East,Returning,4,3800,10,13680.0,6992.0,6688.0,Card,Kavita Reddy
TX01474,2026-04-15,Casual Leather Loafers,Footwear,North,Returning,7,4200,0,29400.0,14700.0,14700.0,Card,Ananya Roy
TX01475,2026-05-30,Ergonomic Office Chair,Furniture,West,New,4,14500,15,49300.0,35960.0,13340.0,UPI,Rahul Sharma
TX01476,2026-07-09,Bookshelf Wooden,Furniture,North,Returning,2,8900,5,16910.0,10324.0,6586.0,Card,Rahul Sharma
TX01477,2026-04-25,Monitor Arm Dual Mount,Furniture,North,Returning,2,4200,15,7140.0,4200.0,2940.0,UPI,Siddharth Rao
TX01478,2026-06-22,Laptop Sleeve 15,Accessories,West,Returning,3,1100,5,3135.0,1155.0,1980.0,Card,Neha Singh
TX01479,2026-03-17,Travel Backpack 30L,Accessories,Central,Returning,6,3500,0,21000.0,9450.0,11550.0,UPI,Rahul Sharma
TX01480,2026-03-25,Trail Hiking Boots,Footwear,South,Returning,8,8400,20,53760.0,34944.0,18816.0,Card,Kavita Reddy
TX01481,2026-06-09,Gaming Mouse 8K,Electronics,West,Returning,3,3200,0,9600.0,5280.0,4320.0,Card,Priya Patel
TX01482,2026-02-02,Monitor 27 Ultra,Electronics,West,New,4,24000,10,86400.0,67200.0,19200.0,UPI,Siddharth Rao
TX01483,2026-04-08,Gaming Mouse 8K,Electronics,West,Returning,1,3200,5,3040.0,1760.0,1280.0,Cash,Rahul Sharma
TX01484,2026-04-16,Electric Kettle Stainless,Home Appliances,West,Returning,1,2400,5,2280.0,1248.0,1032.0,Card,Kavita Reddy
TX01485,2026-05-21,Gaming Mouse 8K,Electronics,North,Returning,2,3200,8,5888.0,3520.0,2368.0,UPI,Ananya Roy
TX01486,2026-03-09,Monitor Arm Dual Mount,Furniture,West,New,1,4200,0,4200.0,2100.0,2100.0,Card,Kavita Reddy
TX01487,2026-06-06,Monitor Arm Dual Mount,Furniture,West,New,4,4200,0,16800.0,8400.0,8400.0,Card,Vikas Verma
TX01488,2026-06-26,Running Jacket Pro,Clothing,East,Returning,3,4800,5,13680.0,6480.0,7200.0,UPI,Ananya Roy
TX01489,2026-06-25,Air Purifier Pro,Home Appliances,West,New,2,16500,5,31350.0,21780.0,9570.0,UPI,Kavita Reddy
TX01490,2026-07-23,Denim Pants Premium,Clothing,North,Returning,3,2900,0,8700.0,3654.0,5046.0,UPI,Siddharth Rao
TX01491,2026-04-07,Bookshelf Wooden,Furniture,North,New,3,8900,0,26700.0,15486.0,11214.0,UPI,Ananya Roy
TX01492,2026-06-11,MagSafe Power Bank,Accessories,South,Returning,3,3200,15,8160.0,4992.0,3168.0,Card,Ananya Roy
TX01493,2026-06-14,Air Purifier Pro,Home Appliances,South,Returning,3,16500,12,43560.0,32670.0,10890.0,Card,Kavita Reddy
TX01494,2026-05-09,Laptop Pro 15,Electronics,West,New,2,68000,22,106080.0,106080.0,0.0,UPI,Amit Kumar
TX01495,2026-04-13,Gaming Mouse 8K,Electronics,East,New,4,3200,5,12160.0,7040.0,5120.0,Card,Rahul Sharma
TX01496,2026-06-15,Bookshelf Wooden,Furniture,West,New,1,8900,5,8455.0,5162.0,3293.0,UPI,Ananya Roy
TX01497,2026-06-10,Wireless Earbuds,Electronics,South,Returning,2,4500,15,7650.0,5400.0,2250.0,UPI,Neha Singh
TX01498,2026-04-04,Mesh Task Chair,Furniture,West,New,2,7500,0,15000.0,9000.0,6000.0,Card,Amit Kumar
TX01499,2026-02-11,Running Jacket Pro,Clothing,East,New,2,4800,8,8832.0,4320.0,4512.0,Net Banking,Amit Kumar
TX01500,2026-06-14,Cotton Polo Shirt,Clothing,North,New,4,1600,5,6080.0,2560.0,3520.0,Card,Rahul Sharma
TX01501,2026-04-23,Wireless Earbuds,Electronics,North,New,1,4500,5,4275.0,2700.0,1575.0,UPI,Neha Singh
TX01502,2026-07-04,Leather Slim Wallet,Accessories,South,New,4,1400,10,5040.0,2128.0,2912.0,UPI,Kavita Reddy
TX01503,2026-07-15,Executive Desk,Furniture,East,Returning,8,28000,20,179200.0,145600.0,33600.0,UPI,Siddharth Rao
TX01504,2026-07-04,Running Jacket Pro,Clothing,East,New,4,4800,5,18240.0,8640.0,9600.0,Net Banking,Vikas Verma
TX01505,2026-04-09,Monitor Arm Dual Mount,Furniture,South,Returning,5,4200,8,19320.0,10500.0,8820.0,UPI,Amit Kumar
TX01506,2026-06-05,Laptop Pro 15,Electronics,South,Returning,8,68000,5,516800.0,424320.0,92480.0,UPI,Siddharth Rao
TX01507,2026-07-23,Cotton Polo Shirt,Clothing,North,Returning,6,1600,8,8832.0,3840.0,4992.0,Card,Amit Kumar
TX01508,2026-03-22,Mechanical RGB Keyboard,Electronics,West,New,3,6200,0,18600.0,10788.0,7812.0,Card,Priya Patel
TX01509,2026-07-26,Cotton Polo Shirt,Clothing,Central,New,2,1600,0,3200.0,1280.0,1920.0,UPI,Siddharth Rao
TX01510,2026-03-16,Portable SSD 2TB,Electronics,East,New,4,12500,8,46000.0,35000.0,11000.0,Card,Vikas Verma
TX01511,2026-03-31,Mesh Task Chair,Furniture,East,Returning,5,7500,5,35625.0,22500.0,13125.0,UPI,Ananya Roy
TX01512,2026-04-22,Casual Leather Loafers,Footwear,South,Returning,7,4200,0,29400.0,14700.0,14700.0,Net Banking,Rahul Sharma
TX01513,2026-05-16,Coffee Maker Deluxe,Home Appliances,East,New,4,12800,10,46080.0,32768.0,13312.0,UPI,Neha Singh
TX01514,2026-03-26,Mesh Task Chair,Furniture,South,New,3,7500,5,21375.0,13500.0,7875.0,UPI,Neha Singh
TX01515,2026-03-28,Laptop Sleeve 15,Accessories,South,New,1,1100,0,1100.0,385.0,715.0,UPI,Kavita Reddy
TX01516,2026-07-02,Travel Backpack 30L,Accessories,Central,Returning,7,3500,8,22540.0,11025.0,11515.0,Net Banking,Kavita Reddy
TX01517,2026-04-05,Running Jacket Pro,Clothing,Central,Returning,1,4800,0,4800.0,2160.0,2640.0,Card,Vikas Verma
TX01518,2026-06-18,Air Purifier Pro,Home Appliances,South,New,4,16500,0,66000.0,43560.0,22440.0,Card,Ananya Roy
TX01519,2026-05-17,4K Streaming WebCam,Electronics,West,Returning,4,7800,26,23088.0,19344.0,3744.0,UPI,Neha Singh
TX01520,2026-04-25,Mesh Task Chair,Furniture,East,Returning,1,7500,0,7500.0,4500.0,3000.0,Card,Ananya Roy
TX01521,2026-05-04,Casual Leather Loafers,Footwear,West,New,3,4200,5,11970.0,6300.0,5670.0,Card,Ananya Roy
TX01522,2026-03-23,Mesh Task Chair,Furniture,South,Returning,1,7500,0,7500.0,4500.0,3000.0,Card,Siddharth Rao
TX01523,2026-05-13,Leather Slim Wallet,Accessories,West,Returning,1,1400,12,1232.0,532.0,700.0,Card,Rahul Sharma
TX01524,2026-06-25,Pro Runner Shoes,Footwear,Central,Returning,6,6500,10,35100.0,18720.0,16380.0,Card,Ananya Roy
TX01525,2026-07-13,Wireless Earbuds,Electronics,West,Returning,2,4500,5,8550.0,5400.0,3150.0,Card,Priya Patel
TX01526,2026-06-27,Trail Hiking Boots,Footwear,East,Returning,2,8400,10,15120.0,8736.0,6384.0,UPI,Vikas Verma
TX01527,2026-05-31,Casual Leather Loafers,Footwear,Central,Returning,3,4200,8,11592.0,6300.0,5292.0,UPI,Ananya Roy
TX01528,2026-05-28,MagSafe Power Bank,Accessories,West,Returning,7,3200,12,19712.0,11648.0,8064.0,UPI,Vikas Verma
TX01529,2026-02-02,Robotic Vacuum X,Home Appliances,North,New,4,26000,0,104000.0,72800.0,31200.0,Cash,Ananya Roy
TX01530,2026-06-17,Trail Hiking Boots,Footwear,West,New,3,8400,12,22176.0,13104.0,9072.0,Card,Amit Kumar
TX01531,2026-03-21,4K Streaming WebCam,Electronics,North,New,1,7800,5,7410.0,4836.0,2574.0,Net Banking,Rahul Sharma
TX01532,2026-03-05,Coffee Maker Deluxe,Home Appliances,Central,New,3,12800,12,33792.0,24576.0,9216.0,Card,Neha Singh
TX01533,2026-04-19,Portable SSD 2TB,Electronics,South,New,2,12500,10,22500.0,17500.0,5000.0,UPI,Kavita Reddy
TX01534,2026-03-04,Robotic Vacuum X,Home Appliances,North,Returning,4,26000,5,98800.0,72800.0,26000.0,UPI,Siddharth Rao
TX01535,2026-03-23,Standing Desk Dual Engine,Furniture,West,Returning,2,34000,0,68000.0,46240.0,21760.0,UPI,Priya Patel
TX01536,2026-03-14,Standing Desk Dual Engine,Furniture,North,Returning,6,34000,8,187680.0,138720.0,48960.0,UPI,Neha Singh
TX01537,2026-03-26,Smart Watch Series 7,Electronics,West,New,3,18500,5,52725.0,37740.0,14985.0,Net Banking,Rahul Sharma
TX01538,2026-02-02,Robotic Vacuum X,Home Appliances,West,New,1,26000,5,24700.0,18200.0,6500.0,Net Banking,Priya Patel
TX01539,2026-05-23,Cotton Polo Shirt,Clothing,North,Returning,7,1600,12,9856.0,4480.0,5376.0,UPI,Vikas Verma
TX01540,2026-07-16,Windbreaker Hooded,Clothing,North,Returning,3,3800,5,10830.0,5244.0,5586.0,UPI,Amit Kumar
TX01541,2026-03-08,Travel Backpack 30L,Accessories,West,New,2,3500,10,6300.0,3150.0,3150.0,Card,Ananya Roy
TX01542,2026-07-09,Smart Blender 1200W,Home Appliances,West,New,2,6800,12,11968.0,7888.0,4080.0,Net Banking,Amit Kumar
TX01543,2026-05-05,Gaming Mouse 8K,Electronics,West,New,2,3200,22,4992.0,3520.0,1472.0,UPI,Ananya Roy
TX01544,2026-04-09,Windbreaker Hooded,Clothing,North,New,1,3800,12,3344.0,1748.0,1596.0,UPI,Amit Kumar
TX01545,2026-05-16,Monitor 27 Ultra,Electronics,East,Returning,3,24000,0,72000.0,50400.0,21600.0,UPI,Neha Singh
TX01546,2026-02-24,Smart Blender 1200W,Home Appliances,Central,New,4,6800,5,25840.0,15776.0,10064.0,UPI,Kavita Reddy
TX01547,2026-03-07,Laptop Pro 15,Electronics,South,Returning,5,68000,0,340000.0,265200.0,74800.0,Card,Ananya Roy
TX01548,2026-07-08,Mechanical RGB Keyboard,Electronics,East,Returning,4,6200,0,24800.0,14384.0,10416.0,Card,Amit Kumar
TX01549,2026-03-30,Smart Watch Series 7,Electronics,West,Returning,5,18500,12,81400.0,62900.0,18500.0,UPI,Neha Singh
TX01550,2026-04-06,Ergonomic Office Chair,Furniture,West,New,4,14500,8,53360.0,35960.0,17400.0,Card,Vikas Verma
TX01551,2026-03-06,Windbreaker Hooded,Clothing,South,Returning,1,3800,8,3496.0,1748.0,1748.0,Card,Rahul Sharma
TX01552,2026-03-23,Ergonomic Office Chair,Furniture,North,Returning,4,14500,0,58000.0,35960.0,22040.0,UPI,Kavita Reddy
TX01553,2026-06-04,Coffee Maker Deluxe,Home Appliances,North,Returning,7,12800,5,85120.0,57344.0,27776.0,UPI,Vikas Verma
TX01554,2026-06-20,Casual Leather Loafers,Footwear,North,New,3,4200,0,12600.0,6300.0,6300.0,Cash,Vikas Verma
TX01555,2026-04-29,Leather Slim Wallet,Accessories,West,Returning,2,1400,8,2576.0,1064.0,1512.0,UPI,Vikas Verma
TX01556,2026-02-17,Air Purifier Pro,Home Appliances,South,New,2,16500,0,33000.0,21780.0,11220.0,Net Banking,Priya Patel
TX01557,2026-03-03,Denim Pants Premium,Clothing,North,New,4,2900,5,11020.0,4872.0,6148.0,Net Banking,Priya Patel
TX01558,2026-06-10,Ergonomic Office Chair,Furniture,South,Returning,4,14500,0,58000.0,35960.0,22040.0,Card,Rahul Sharma
TX01559,2026-03-23,Coffee Maker Deluxe,Home Appliances,East,Returning,1,12800,10,11520.0,8192.0,3328.0,UPI,Neha Singh
TX01560,2026-07-28,MagSafe Power Bank,Accessories,North,New,2,3200,8,5888.0,3328.0,2560.0,Cash,Neha Singh
TX01561,2026-03-11,Pro Runner Shoes,Footwear,West,New,4,6500,0,26000.0,12480.0,13520.0,Net Banking,Siddharth Rao
TX01562,2026-06-02,Trail Hiking Boots,Footwear,South,Returning,5,8400,0,42000.0,21840.0,20160.0,UPI,Vikas Verma
TX01563,2026-03-26,Wireless Earbuds,Electronics,North,New,2,4500,5,8550.0,5400.0,3150.0,UPI,Neha Singh
TX01564,2026-05-12,Portable SSD 2TB,Electronics,East,New,2,12500,0,25000.0,17500.0,7500.0,UPI,Neha Singh
TX01565,2026-04-12,Noise Cancelling Headphones,Electronics,Central,New,2,14500,0,29000.0,18850.0,10150.0,UPI,Vikas Verma
TX01566,2026-04-25,Laptop Pro 15,Electronics,East,Returning,2,68000,10,122400.0,106080.0,16320.0,Card,Neha Singh
TX01567,2026-07-20,Casual Leather Loafers,Footwear,South,New,4,4200,0,16800.0,8400.0,8400.0,Cash,Ananya Roy
TX01568,2026-04-11,Monitor 27 Ultra,Electronics,South,Returning,2,24000,8,44160.0,33600.0,10560.0,UPI,Amit Kumar
TX01569,2026-07-28,Leather Slim Wallet,Accessories,West,New,1,1400,0,1400.0,532.0,868.0,Card,Ananya Roy
TX01570,2026-04-03,Leather Slim Wallet,Accessories,West,Returning,7,1400,0,9800.0,3724.0,6076.0,UPI,Vikas Verma
TX01571,2026-04-12,Mesh Task Chair,Furniture,East,New,3,7500,20,18000.0,13500.0,4500.0,UPI,Priya Patel
TX01572,2026-06-05,Monitor Arm Dual Mount,Furniture,East,New,4,4200,8,15456.0,8400.0,7056.0,UPI,Kavita Reddy
TX01573,2026-06-24,Robotic Vacuum X,Home Appliances,East,Returning,7,26000,0,182000.0,127400.0,54600.0,UPI,Priya Patel
TX01574,2026-06-28,Mechanical RGB Keyboard,Electronics,North,Returning,6,6200,5,35340.0,21576.0,13764.0,Card,Siddharth Rao
TX01575,2026-05-12,Monitor 27 Ultra,Electronics,South,Returning,8,24000,5,182400.0,134400.0,48000.0,Card,Siddharth Rao
TX01576,2026-07-11,Pro Runner Shoes,Footwear,West,New,2,6500,0,13000.0,6240.0,6760.0,Net Banking,Priya Patel
TX01577,2026-04-16,Smart Blender 1200W,Home Appliances,West,Returning,5,6800,5,32300.0,19720.0,12580.0,Card,Ananya Roy
TX01578,2026-04-05,Running Jacket Pro,Clothing,South,New,4,4800,8,17664.0,8640.0,9024.0,Card,Amit Kumar
TX01579,2026-03-26,Windbreaker Hooded,Clothing,West,Returning,3,3800,10,10260.0,5244.0,5016.0,Cash,Ananya Roy
TX01580,2026-05-02,Bookshelf Wooden,Furniture,South,New,1,8900,8,8188.0,5162.0,3026.0,UPI,Kavita Reddy
TX01581,2026-07-14,Ergonomic Office Chair,Furniture,West,New,4,14500,5,55100.0,35960.0,19140.0,Cash,Ananya Roy
TX01582,2026-03-13,Portable SSD 2TB,Electronics,South,New,3,12500,12,33000.0,26250.0,6750.0,Card,Vikas Verma
TX01583,2026-06-24,Ergonomic Office Chair,Furniture,South,Returning,4,14500,0,58000.0,35960.0,22040.0,Card,Siddharth Rao
TX01584,2026-04-09,4K Streaming WebCam,Electronics,West,Returning,7,7800,0,54600.0,33852.0,20748.0,UPI,Vikas Verma
TX01585,2026-07-08,Smart Watch Series 7,Electronics,South,New,1,18500,0,18500.0,12580.0,5920.0,UPI,Vikas Verma
TX01586,2026-02-07,Leather Slim Wallet,Accessories,North,Returning,4,1400,0,5600.0,2128.0,3472.0,UPI,Neha Singh
TX01587,2026-03-10,Laptop Pro 15,Electronics,South,Returning,8,68000,10,489600.0,424320.0,65280.0,UPI,Neha Singh
TX01588,2026-05-17,Ergonomic Office Chair,Furniture,West,Returning,7,14500,8,93380.0,62930.0,30450.0,Card,Ananya Roy
TX01589,2026-04-09,Pro Runner Shoes,Footwear,South,Returning,4,6500,0,26000.0,12480.0,13520.0,UPI,Amit Kumar
TX01590,2026-04-24,Monitor Arm Dual Mount,Furniture,West,Returning,2,4200,20,6720.0,4200.0,2520.0,Card,Kavita Reddy
TX01591,2026-06-18,Windbreaker Hooded,Clothing,North,Returning,4,3800,8,13984.0,6992.0,6992.0,Card,Neha Singh
TX01592,2026-05-31,Running Jacket Pro,Clothing,East,New,4,4800,5,18240.0,8640.0,9600.0,UPI,Amit Kumar
TX01593,2026-02-06,Casual Leather Loafers,Footwear,East,New,3,4200,5,11970.0,6300.0,5670.0,Card,Priya Patel
TX01594,2026-07-25,Coffee Maker Deluxe,Home Appliances,North,Returning,5,12800,12,56320.0,40960.0,15360.0,Card,Kavita Reddy
TX01595,2026-05-22,Noise Cancelling Headphones,Electronics,Central,New,4,14500,0,58000.0,37700.0,20300.0,Card,Vikas Verma
TX01596,2026-04-26,Bookshelf Wooden,Furniture,East,Returning,7,8900,0,62300.0,36134.0,26166.0,Card,Ananya Roy
TX01597,2026-02-02,Tablet Pro 11,Electronics,West,New,1,38000,10,34200.0,28500.0,5700.0,UPI,Priya Patel
TX01598,2026-06-16,Smart Blender 1200W,Home Appliances,West,Returning,4,6800,15,23120.0,15776.0,7344.0,Card,Amit Kumar
TX01599,2026-03-19,Smartphone X,Electronics,East,Returning,2,42000,0,84000.0,60480.0,23520.0,UPI,Siddharth Rao
TX01600,2026-06-27,Robotic Vacuum X,Home Appliances,West,New,4,26000,0,104000.0,72800.0,31200.0,UPI,Priya Patel
TX01601,2026-04-21,Coffee Maker Deluxe,Home Appliances,North,Returning,5,12800,5,60800.0,40960.0,19840.0,UPI,Siddharth Rao
TX01602,2026-03-24,Bookshelf Wooden,Furniture,South,Returning,2,8900,0,17800.0,10324.0,7476.0,Card,Vikas Verma
TX01603,2026-02-06,Tablet Pro 11,Electronics,Central,New,3,38000,0,114000.0,85500.0,28500.0,UPI,Rahul Sharma
TX01604,2026-02-02,Windbreaker Hooded,Clothing,South,New,3,3800,10,10260.0,5244.0,5016.0,Net Banking,Neha Singh
TX01605,2026-07-13,Leather Slim Wallet,Accessories,North,New,3,1400,0,4200.0,1596.0,2604.0,Card,Amit Kumar
TX01606,2026-07-04,Air Purifier Pro,Home Appliances,East,Returning,3,16500,5,47025.0,32670.0,14355.0,Cash,Kavita Reddy
TX01607,2026-02-08,Monitor 27 Ultra,Electronics,Central,Returning,2,24000,10,43200.0,33600.0,9600.0,UPI,Vikas Verma
TX01608,2026-02-28,Coffee Maker Deluxe,Home Appliances,West,Returning,3,12800,12,33792.0,24576.0,9216.0,Card,Amit Kumar
TX01609,2026-07-07,Formal Suit Blazer,Clothing,Central,Returning,7,11500,10,72450.0,44275.0,28175.0,Net Banking,Priya Patel
TX01610,2026-04-28,Monitor Arm Dual Mount,Furniture,South,New,4,4200,0,16800.0,8400.0,8400.0,UPI,Ananya Roy
TX01611,2026-02-16,Travel Backpack 30L,Accessories,West,Returning,2,3500,10,6300.0,3150.0,3150.0,UPI,Ananya Roy
TX01612,2026-06-15,MagSafe Power Bank,Accessories,South,Returning,4,3200,0,12800.0,6656.0,6144.0,UPI,Neha Singh
TX01613,2026-04-16,Pro Runner Shoes,Footwear,South,New,4,6500,0,26000.0,12480.0,13520.0,UPI,Kavita Reddy
TX01614,2026-07-07,Robotic Vacuum X,Home Appliances,South,Returning,5,26000,10,117000.0,91000.0,26000.0,Card,Rahul Sharma
TX01615,2026-03-21,Smart Watch Series 7,Electronics,South,Returning,3,18500,8,51060.0,37740.0,13320.0,Card,Rahul Sharma
TX01616,2026-02-13,Cotton Polo Shirt,Clothing,South,New,1,1600,10,1440.0,640.0,800.0,Card,Siddharth Rao
TX01617,2026-06-11,MagSafe Power Bank,Accessories,West,Returning,1,3200,12,2816.0,1664.0,1152.0,UPI,Amit Kumar
TX01618,2026-03-29,Windbreaker Hooded,Clothing,North,New,2,3800,5,7220.0,3496.0,3724.0,Card,Rahul Sharma
TX01619,2026-05-09,Standing Desk Dual Engine,Furniture,Central,New,3,34000,0,102000.0,69360.0,32640.0,UPI,Ananya Roy
TX01620,2026-03-18,Robotic Vacuum X,Home Appliances,West,New,4,26000,0,104000.0,72800.0,31200.0,UPI,Neha Singh
TX01621,2026-07-10,Mesh Task Chair,Furniture,Central,Returning,5,7500,0,37500.0,22500.0,15000.0,Cash,Vikas Verma
TX01622,2026-05-16,Laptop Pro 15,Electronics,South,New,3,68000,10,183600.0,159120.0,24480.0,UPI,Kavita Reddy
TX01623,2026-04-06,Laptop Pro 15,Electronics,East,New,4,68000,0,272000.0,212160.0,59840.0,Card,Priya Patel
TX01624,2026-07-14,Gaming Mouse 8K,Electronics,North,Returning,8,3200,0,25600.0,14080.0,11520.0,Card,Amit Kumar
TX01625,2026-04-07,Electric Kettle Stainless,Home Appliances,South,New,3,2400,0,7200.0,3744.0,3456.0,UPI,Neha Singh
TX01626,2026-02-23,Leather Slim Wallet,Accessories,North,Returning,1,1400,5,1330.0,532.0,798.0,UPI,Neha Singh
TX01627,2026-02-10,Robotic Vacuum X,Home Appliances,North,Returning,2,26000,0,52000.0,36400.0,15600.0,Card,Kavita Reddy
TX01628,2026-03-09,Casual Leather Loafers,Footwear,East,New,2,4200,10,7560.0,4200.0,3360.0,Card,Rahul Sharma
TX01629,2026-06-26,Laptop Pro 15,Electronics,Central,New,3,68000,12,179520.0,159120.0,20400.0,UPI,Neha Singh
TX01630,2026-07-15,Tablet Pro 11,Electronics,South,New,3,38000,5,108300.0,85500.0,22800.0,UPI,Neha Singh
TX01631,2026-04-27,Casual Leather Loafers,Footwear,North,Returning,4,4200,8,15456.0,8400.0,7056.0,UPI,Amit Kumar
TX01632,2026-03-09,Windbreaker Hooded,Clothing,North,Returning,7,3800,5,25270.0,12236.0,13034.0,UPI,Amit Kumar
TX01633,2026-04-24,Air Purifier Pro,Home Appliances,North,Returning,4,16500,0,66000.0,43560.0,22440.0,UPI,Rahul Sharma
TX01634,2026-05-11,Gaming Mouse 8K,Electronics,West,Returning,1,3200,27,2336.0,1760.0,576.0,Card,Rahul Sharma
TX01635,2026-07-17,Travel Backpack 30L,Accessories,Central,Returning,5,3500,8,16100.0,7875.0,8225.0,UPI,Neha Singh
TX01636,2026-07-25,Leather Slim Wallet,Accessories,East,New,4,1400,5,5320.0,2128.0,3192.0,Cash,Kavita Reddy
TX01637,2026-06-18,Air Purifier Pro,Home Appliances,North,New,2,16500,15,28050.0,21780.0,6270.0,UPI,Vikas Verma
TX01638,2026-03-14,Air Purifier Pro,Home Appliances,West,Returning,5,16500,0,82500.0,54450.0,28050.0,Card,Neha Singh
TX01639,2026-05-14,Noise Cancelling Headphones,Electronics,West,New,4,14500,24,44080.0,37700.0,6380.0,Cash,Kavita Reddy
TX01640,2026-05-27,Casual Leather Loafers,Footwear,Central,Returning,6,4200,0,25200.0,12600.0,12600.0,UPI,Neha Singh
TX01641,2026-04-04,Standing Desk Dual Engine,Furniture,West,Returning,6,34000,12,179520.0,138720.0,40800.0,Card,Siddharth Rao
TX01642,2026-05-07,Cotton Polo Shirt,Clothing,North,New,1,1600,5,1520.0,640.0,880.0,Card,Siddharth Rao
TX01643,2026-02-14,Executive Desk,Furniture,North,Returning,3,28000,8,77280.0,54600.0,22680.0,Net Banking,Siddharth Rao
TX01644,2026-03-19,Casual Leather Loafers,Footwear,North,New,2,4200,0,8400.0,4200.0,4200.0,Card,Amit Kumar
TX01645,2026-07-15,Electric Kettle Stainless,Home Appliances,East,Returning,3,2400,5,6840.0,3744.0,3096.0,Card,Amit Kumar
TX01646,2026-06-05,Windbreaker Hooded,Clothing,East,Returning,1,3800,8,3496.0,1748.0,1748.0,Card,Priya Patel
TX01647,2026-02-06,Laptop Pro 15,Electronics,Central,Returning,6,68000,10,367200.0,318240.0,48960.0,UPI,Ananya Roy
TX01648,2026-03-24,4K Streaming WebCam,Electronics,Central,New,1,7800,5,7410.0,4836.0,2574.0,Net Banking,Kavita Reddy
TX01649,2026-06-02,Formal Suit Blazer,Clothing,West,New,1,11500,10,10350.0,6325.0,4025.0,UPI,Amit Kumar
TX01650,2026-03-14,Smart Blender 1200W,Home Appliances,North,Returning,7,6800,0,47600.0,27608.0,19992.0,Card,Kavita Reddy
TX01651,2026-07-30,Running Jacket Pro,Clothing,West,Returning,2,4800,8,8832.0,4320.0,4512.0,UPI,Kavita Reddy
TX01652,2026-02-25,Monitor 27 Ultra,Electronics,North,New,4,24000,5,91200.0,67200.0,24000.0,Card,Ananya Roy
TX01653,2026-05-24,Ergonomic Office Chair,Furniture,South,New,4,14500,12,51040.0,35960.0,15080.0,Card,Ananya Roy
TX01654,2026-02-22,Air Purifier Pro,Home Appliances,North,New,3,16500,8,45540.0,32670.0,12870.0,Net Banking,Priya Patel
TX01655,2026-07-22,Executive Desk,Furniture,Central,New,1,28000,5,26600.0,18200.0,8400.0,Net Banking,Kavita Reddy
TX01656,2026-02-05,Smart Blender 1200W,Home Appliances,Central,New,3,6800,0,20400.0,11832.0,8568.0,UPI,Rahul Sharma
TX01657,2026-06-06,Windbreaker Hooded,Clothing,Central,New,2,3800,8,6992.0,3496.0,3496.0,UPI,Siddharth Rao
TX01658,2026-04-28,Monitor 27 Ultra,Electronics,South,Returning,8,24000,8,176640.0,134400.0,42240.0,UPI,Rahul Sharma
TX01659,2026-03-06,Laptop Pro 15,Electronics,West,New,4,68000,0,272000.0,212160.0,59840.0,Card,Siddharth Rao
TX01660,2026-02-10,Running Jacket Pro,Clothing,West,New,4,4800,5,18240.0,8640.0,9600.0,UPI,Ananya Roy
TX01661,2026-04-08,Executive Desk,Furniture,East,New,4,28000,12,98560.0,72800.0,25760.0,UPI,Ananya Roy
TX01662,2026-06-11,Gaming Mouse 8K,Electronics,North,New,1,3200,0,3200.0,1760.0,1440.0,UPI,Priya Patel
TX01663,2026-03-12,Monitor Arm Dual Mount,Furniture,West,Returning,1,4200,8,3864.0,2100.0,1764.0,Card,Ananya Roy
TX01664,2026-07-09,Wireless Earbuds,Electronics,North,Returning,8,4500,8,33120.0,21600.0,11520.0,UPI,Priya Patel
TX01665,2026-07-07,Gaming Mouse 8K,Electronics,North,New,1,3200,0,3200.0,1760.0,1440.0,Card,Priya Patel
TX01666,2026-02-01,Pro Runner Shoes,Footwear,West,New,1,6500,8,5980.0,3120.0,2860.0,UPI,Neha Singh
TX01667,2026-06-02,Executive Desk,Furniture,West,Returning,3,28000,5,79800.0,54600.0,25200.0,Card,Rahul Sharma
TX01668,2026-05-25,Ergonomic Office Chair,Furniture,East,New,2,14500,0,29000.0,17980.0,11020.0,Cash,Neha Singh
TX01669,2026-07-30,Gaming Mouse 8K,Electronics,West,New,2,3200,10,5760.0,3520.0,2240.0,Card,Neha Singh
TX01670,2026-03-14,Electric Kettle Stainless,Home Appliances,East,Returning,7,2400,5,15960.0,8736.0,7224.0,UPI,Siddharth Rao
TX01671,2026-04-06,Coffee Maker Deluxe,Home Appliances,West,Returning,5,12800,0,64000.0,40960.0,23040.0,UPI,Rahul Sharma
TX01672,2026-02-17,Leather Slim Wallet,Accessories,South,Returning,7,1400,0,9800.0,3724.0,6076.0,Card,Kavita Reddy
TX01673,2026-02-04,Smart Watch Series 7,Electronics,South,Returning,6,18500,8,102120.0,75480.0,26640.0,Card,Priya Patel
TX01674,2026-06-26,Mesh Task Chair,Furniture,West,New,3,7500,8,20700.0,13500.0,7200.0,Card,Kavita Reddy
TX01675,2026-04-18,Leather Slim Wallet,Accessories,South,Returning,4,1400,0,5600.0,2128.0,3472.0,UPI,Ananya Roy
TX01676,2026-05-16,Trail Hiking Boots,Footwear,West,New,4,8400,5,31920.0,17472.0,14448.0,Cash,Kavita Reddy
TX01677,2026-03-12,4K Streaming WebCam,Electronics,West,New,1,7800,12,6864.0,4836.0,2028.0,Card,Siddharth Rao
TX01678,2026-07-12,4K Streaming WebCam,Electronics,South,New,2,7800,0,15600.0,9672.0,5928.0,Net Banking,Neha Singh
TX01679,2026-02-25,Smartphone X,Electronics,South,New,3,42000,0,126000.0,90720.0,35280.0,Card,Amit Kumar
TX01680,2026-04-19,Running Jacket Pro,Clothing,North,Returning,8,4800,5,36480.0,17280.0,19200.0,Net Banking,Amit Kumar
TX01681,2026-06-05,Tablet Pro 11,Electronics,South,New,3,38000,8,104880.0,85500.0,19380.0,Card,Amit Kumar
TX01682,2026-04-02,MagSafe Power Bank,Accessories,Central,Returning,7,3200,5,21280.0,11648.0,9632.0,Net Banking,Amit Kumar
TX01683,2026-04-28,Cotton Polo Shirt,Clothing,West,Returning,2,1600,5,3040.0,1280.0,1760.0,Card,Ananya Roy
TX01684,2026-05-07,Noise Cancelling Headphones,Electronics,South,Returning,2,14500,0,29000.0,18850.0,10150.0,UPI,Neha Singh
TX01685,2026-03-26,Windbreaker Hooded,Clothing,West,Returning,6,3800,8,20976.0,10488.0,10488.0,Net Banking,Kavita Reddy
TX01686,2026-04-13,Formal Suit Blazer,Clothing,East,New,2,11500,12,20240.0,12650.0,7590.0,Net Banking,Neha Singh
TX01687,2026-07-02,Monitor Arm Dual Mount,Furniture,West,New,4,4200,12,14784.0,8400.0,6384.0,UPI,Priya Patel
TX01688,2026-05-10,4K Streaming WebCam,Electronics,East,New,4,7800,5,29640.0,19344.0,10296.0,Net Banking,Vikas Verma
TX01689,2026-02-18,Casual Leather Loafers,Footwear,South,New,3,4200,8,11592.0,6300.0,5292.0,UPI,Rahul Sharma
TX01690,2026-06-02,Monitor Arm Dual Mount,Furniture,North,New,3,4200,10,11340.0,6300.0,5040.0,Card,Amit Kumar
TX01691,2026-04-11,Windbreaker Hooded,Clothing,East,New,2,3800,10,6840.0,3496.0,3344.0,Card,Priya Patel
TX01692,2026-04-17,Tablet Pro 11,Electronics,West,New,3,38000,0,114000.0,85500.0,28500.0,UPI,Rahul Sharma
TX01693,2026-04-18,Mesh Task Chair,Furniture,North,New,1,7500,8,6900.0,4500.0,2400.0,Card,Priya Patel
TX01694,2026-05-06,Trail Hiking Boots,Footwear,West,Returning,8,8400,8,61824.0,34944.0,26880.0,Card,Kavita Reddy
TX01695,2026-04-22,Mechanical RGB Keyboard,Electronics,Central,Returning,4,6200,8,22816.0,14384.0,8432.0,Card,Amit Kumar
TX01696,2026-07-01,Noise Cancelling Headphones,Electronics,South,New,1,14500,10,13050.0,9425.0,3625.0,Card,Ananya Roy
TX01697,2026-03-09,Windbreaker Hooded,Clothing,West,New,1,3800,8,3496.0,1748.0,1748.0,Card,Siddharth Rao
TX01698,2026-03-18,Windbreaker Hooded,Clothing,East,Returning,5,3800,0,19000.0,8740.0,10260.0,Card,Rahul Sharma
TX01699,2026-06-11,Tablet Pro 11,Electronics,West,Returning,8,38000,0,304000.0,228000.0,76000.0,UPI,Amit Kumar
TX01700,2026-02-27,MagSafe Power Bank,Accessories,North,Returning,2,3200,10,5760.0,3328.0,2432.0,Net Banking,Ananya Roy
TX01701,2026-02-21,Smart Blender 1200W,Home Appliances,South,New,4,6800,5,25840.0,15776.0,10064.0,Card,Siddharth Rao
TX01702,2026-07-28,4K Streaming WebCam,Electronics,East,New,2,7800,5,14820.0,9672.0,5148.0,UPI,Vikas Verma
TX01703,2026-03-31,Monitor Arm Dual Mount,Furniture,North,Returning,1,4200,0,4200.0,2100.0,2100.0,Cash,Neha Singh
TX01704,2026-06-03,Monitor 27 Ultra,Electronics,North,Returning,3,24000,15,61200.0,50400.0,10800.0,UPI,Ananya Roy
TX01705,2026-04-24,Robotic Vacuum X,Home Appliances,West,Returning,1,26000,5,24700.0,18200.0,6500.0,UPI,Rahul Sharma
TX01706,2026-07-22,Smart Blender 1200W,Home Appliances,East,New,1,6800,0,6800.0,3944.0,2856.0,Card,Rahul Sharma
TX01707,2026-05-01,Smart Watch Series 7,Electronics,East,New,2,18500,5,35150.0,25160.0,9990.0,UPI,Rahul Sharma
TX01708,2026-07-11,Denim Pants Premium,Clothing,South,New,4,2900,0,11600.0,4872.0,6728.0,UPI,Vikas Verma
TX01709,2026-04-27,Executive Desk,Furniture,South,New,1,28000,8,25760.0,18200.0,7560.0,Card,Kavita Reddy
TX01710,2026-07-05,Laptop Sleeve 15,Accessories,West,New,1,1100,0,1100.0,385.0,715.0,Cash,Neha Singh
TX01711,2026-03-24,Cotton Polo Shirt,Clothing,West,Returning,5,1600,5,7600.0,3200.0,4400.0,UPI,Neha Singh
TX01712,2026-06-26,Mesh Task Chair,Furniture,North,New,1,7500,0,7500.0,4500.0,3000.0,UPI,Ananya Roy
TX01713,2026-03-25,Leather Slim Wallet,Accessories,Central,New,3,1400,5,3990.0,1596.0,2394.0,UPI,Amit Kumar
TX01714,2026-06-06,Travel Backpack 30L,Accessories,East,New,2,3500,0,7000.0,3150.0,3850.0,UPI,Rahul Sharma
TX01715,2026-02-08,Tablet Pro 11,Electronics,West,Returning,1,38000,0,38000.0,28500.0,9500.0,UPI,Amit Kumar
TX01716,2026-02-25,Tablet Pro 11,Electronics,South,Returning,7,38000,8,244720.0,199500.0,45220.0,UPI,Vikas Verma
TX01717,2026-05-18,Smartphone X,Electronics,South,New,1,42000,0,42000.0,30240.0,11760.0,UPI,Neha Singh
TX01718,2026-03-03,Smartphone X,Electronics,Central,Returning,3,42000,0,126000.0,90720.0,35280.0,UPI,Neha Singh
TX01719,2026-05-28,Running Jacket Pro,Clothing,South,Returning,8,4800,0,38400.0,17280.0,21120.0,Card,Neha Singh
TX01720,2026-02-17,Electric Kettle Stainless,Home Appliances,West,New,4,2400,5,9120.0,4992.0,4128.0,Card,Amit Kumar
TX01721,2026-02-04,Monitor 27 Ultra,Electronics,West,Returning,5,24000,8,110400.0,84000.0,26400.0,Card,Neha Singh
TX01722,2026-04-10,Smartphone X,Electronics,West,Returning,4,42000,0,168000.0,120960.0,47040.0,UPI,Rahul Sharma
TX01723,2026-07-17,Monitor 27 Ultra,Electronics,West,Returning,7,24000,5,159600.0,117600.0,42000.0,Card,Neha Singh
TX01724,2026-02-13,Denim Pants Premium,Clothing,South,Returning,8,2900,10,20880.0,9744.0,11136.0,Card,Ananya Roy
TX01725,2026-07-19,Air Purifier Pro,Home Appliances,West,Returning,6,16500,8,91080.0,65340.0,25740.0,UPI,Amit Kumar
TX01726,2026-06-29,Electric Kettle Stainless,Home Appliances,South,Returning,5,2400,0,12000.0,6240.0,5760.0,Card,Kavita Reddy
TX01727,2026-07-23,Smart Blender 1200W,Home Appliances,South,Returning,5,6800,12,29920.0,19720.0,10200.0,UPI,Ananya Roy
TX01728,2026-07-16,Trail Hiking Boots,Footwear,South,Returning,3,8400,12,22176.0,13104.0,9072.0,UPI,Amit Kumar
TX01729,2026-07-04,Formal Suit Blazer,Clothing,East,Returning,3,11500,10,31050.0,18975.0,12075.0,Card,Neha Singh
TX01730,2026-07-28,Electric Kettle Stainless,Home Appliances,North,New,1,2400,20,1920.0,1248.0,672.0,Card,Priya Patel
TX01731,2026-06-28,Laptop Pro 15,Electronics,South,Returning,3,68000,8,187680.0,159120.0,28560.0,Card,Ananya Roy
TX01732,2026-06-06,Gaming Mouse 8K,Electronics,South,Returning,6,3200,5,18240.0,10560.0,7680.0,UPI,Siddharth Rao
TX01733,2026-03-29,Coffee Maker Deluxe,Home Appliances,West,Returning,2,12800,0,25600.0,16384.0,9216.0,Card,Amit Kumar
TX01734,2026-07-28,Executive Desk,Furniture,West,Returning,2,28000,5,53200.0,36400.0,16800.0,Net Banking,Vikas Verma
TX01735,2026-04-03,Electric Kettle Stainless,Home Appliances,South,New,1,2400,15,2040.0,1248.0,792.0,UPI,Rahul Sharma
TX01736,2026-02-08,Denim Pants Premium,Clothing,North,New,1,2900,0,2900.0,1218.0,1682.0,Card,Priya Patel
TX01737,2026-05-20,Coffee Maker Deluxe,Home Appliances,West,New,3,12800,0,38400.0,24576.0,13824.0,UPI,Vikas Verma
TX01738,2026-05-21,Travel Backpack 30L,Accessories,East,Returning,8,3500,15,23800.0,12600.0,11200.0,Card,Ananya Roy
TX01739,2026-02-08,Mesh Task Chair,Furniture,West,Returning,7,7500,10,47250.0,31500.0,15750.0,Card,Siddharth Rao
TX01740,2026-07-27,Coffee Maker Deluxe,Home Appliances,Central,Returning,1,12800,5,12160.0,8192.0,3968.0,Net Banking,Priya Patel
TX01741,2026-06-02,Mesh Task Chair,Furniture,East,New,1,7500,5,7125.0,4500.0,2625.0,Card,Neha Singh
TX01742,2026-07-05,Travel Backpack 30L,Accessories,North,New,4,3500,0,14000.0,6300.0,7700.0,UPI,Rahul Sharma
TX01743,2026-07-26,Noise Cancelling Headphones,Electronics,East,Returning,1,14500,12,12760.0,9425.0,3335.0,UPI,Amit Kumar
TX01744,2026-05-30,Running Jacket Pro,Clothing,West,New,1,4800,0,4800.0,2160.0,2640.0,UPI,Kavita Reddy
TX01745,2026-03-17,Casual Leather Loafers,Footwear,South,New,3,4200,8,11592.0,6300.0,5292.0,UPI,Amit Kumar
TX01746,2026-02-20,Executive Desk,Furniture,East,New,4,28000,10,100800.0,72800.0,28000.0,Cash,Amit Kumar
TX01747,2026-05-08,Monitor 27 Ultra,Electronics,South,New,4,24000,0,96000.0,67200.0,28800.0,UPI,Priya Patel
TX01748,2026-02-26,Portable SSD 2TB,Electronics,North,Returning,1,12500,5,11875.0,8750.0,3125.0,UPI,Siddharth Rao
TX01749,2026-02-06,MagSafe Power Bank,Accessories,Central,New,1,3200,5,3040.0,1664.0,1376.0,UPI,Siddharth Rao
TX01750,2026-06-23,Pro Runner Shoes,Footwear,North,New,3,6500,5,18525.0,9360.0,9165.0,Card,Neha Singh
TX01751,2026-03-08,Gaming Mouse 8K,Electronics,North,New,2,3200,8,5888.0,3520.0,2368.0,UPI,Ananya Roy
TX01752,2026-06-23,Mesh Task Chair,Furniture,East,Returning,3,7500,5,21375.0,13500.0,7875.0,UPI,Rahul Sharma
TX01753,2026-04-01,Executive Desk,Furniture,North,New,4,28000,0,112000.0,72800.0,39200.0,UPI,Rahul Sharma
TX01754,2026-03-01,MagSafe Power Bank,Accessories,West,Returning,1,3200,0,3200.0,1664.0,1536.0,Cash,Ananya Roy
TX01755,2026-04-04,Travel Backpack 30L,Accessories,West,New,4,3500,5,13300.0,6300.0,7000.0,UPI,Amit Kumar
TX01756,2026-05-11,Wireless Earbuds,Electronics,North,New,2,4500,10,8100.0,5400.0,2700.0,UPI,Priya Patel
TX01757,2026-06-25,Portable SSD 2TB,Electronics,North,Returning,6,12500,12,66000.0,52500.0,13500.0,Cash,Siddharth Rao
TX01758,2026-02-16,Pro Runner Shoes,Footwear,North,New,4,6500,0,26000.0,12480.0,13520.0,Card,Ananya Roy
TX01759,2026-05-12,Casual Leather Loafers,Footwear,East,Returning,3,4200,5,11970.0,6300.0,5670.0,Net Banking,Siddharth Rao
TX01760,2026-07-16,Portable SSD 2TB,Electronics,North,Returning,8,12500,10,90000.0,70000.0,20000.0,UPI,Rahul Sharma
TX01761,2026-05-18,Wireless Earbuds,Electronics,East,Returning,3,4500,10,12150.0,8100.0,4050.0,UPI,Vikas Verma
TX01762,2026-05-12,Running Jacket Pro,Clothing,South,Returning,6,4800,0,28800.0,12960.0,15840.0,Card,Ananya Roy
TX01763,2026-04-20,Travel Backpack 30L,Accessories,East,New,2,3500,5,6650.0,3150.0,3500.0,UPI,Kavita Reddy
TX01764,2026-04-29,MagSafe Power Bank,Accessories,East,New,3,3200,12,8448.0,4992.0,3456.0,Cash,Neha Singh
TX01765,2026-04-22,Windbreaker Hooded,Clothing,Central,Returning,6,3800,15,19380.0,10488.0,8892.0,UPI,Ananya Roy
TX01766,2026-06-13,Smart Blender 1200W,Home Appliances,South,Returning,4,6800,10,24480.0,15776.0,8704.0,Cash,Amit Kumar
TX01767,2026-07-27,Denim Pants Premium,Clothing,North,Returning,6,2900,0,17400.0,7308.0,10092.0,Card,Amit Kumar
TX01768,2026-03-03,Denim Pants Premium,Clothing,East,New,3,2900,0,8700.0,3654.0,5046.0,Card,Kavita Reddy
TX01769,2026-05-07,Monitor Arm Dual Mount,Furniture,South,Returning,8,4200,5,31920.0,16800.0,15120.0,UPI,Priya Patel
TX01770,2026-04-06,Gaming Mouse 8K,Electronics,Central,Returning,7,3200,0,22400.0,12320.0,10080.0,UPI,Vikas Verma
TX01771,2026-06-07,Trail Hiking Boots,Footwear,Central,Returning,5,8400,5,39900.0,21840.0,18060.0,UPI,Vikas Verma
TX01772,2026-02-14,Pro Runner Shoes,Footwear,East,Returning,2,6500,5,12350.0,6240.0,6110.0,UPI,Priya Patel
TX01773,2026-03-08,Ergonomic Office Chair,Furniture,North,Returning,1,14500,0,14500.0,8990.0,5510.0,UPI,Priya Patel
TX01774,2026-06-21,Running Jacket Pro,Clothing,North,New,4,4800,0,19200.0,8640.0,10560.0,Cash,Rahul Sharma
TX01775,2026-02-03,Gaming Mouse 8K,Electronics,South,Returning,5,3200,0,16000.0,8800.0,7200.0,UPI,Neha Singh
TX01776,2026-07-09,Running Jacket Pro,Clothing,Central,New,2,4800,0,9600.0,4320.0,5280.0,Card,Ananya Roy
TX01777,2026-03-29,Portable SSD 2TB,Electronics,West,Returning,4,12500,5,47500.0,35000.0,12500.0,UPI,Amit Kumar
TX01778,2026-02-24,Running Jacket Pro,Clothing,West,New,2,4800,10,8640.0,4320.0,4320.0,UPI,Kavita Reddy
TX01779,2026-07-07,Portable SSD 2TB,Electronics,Central,Returning,5,12500,0,62500.0,43750.0,18750.0,UPI,Vikas Verma
TX01780,2026-05-23,Robotic Vacuum X,Home Appliances,South,New,1,26000,5,24700.0,18200.0,6500.0,UPI,Amit Kumar
TX01781,2026-05-10,Robotic Vacuum X,Home Appliances,North,Returning,4,26000,12,91520.0,72800.0,18720.0,Card,Ananya Roy
TX01782,2026-04-24,Smartphone X,Electronics,East,Returning,8,42000,8,309120.0,241920.0,67200.0,UPI,Priya Patel
TX01783,2026-07-04,Robotic Vacuum X,Home Appliances,North,New,2,26000,0,52000.0,36400.0,15600.0,UPI,Neha Singh
TX01784,2026-04-16,Bookshelf Wooden,Furniture,South,Returning,1,8900,8,8188.0,5162.0,3026.0,Card,Priya Patel
TX01785,2026-05-27,Smartphone X,Electronics,South,New,4,42000,0,168000.0,120960.0,47040.0,UPI,Kavita Reddy
TX01786,2026-05-20,Smart Watch Series 7,Electronics,South,New,3,18500,5,52725.0,37740.0,14985.0,Net Banking,Kavita Reddy
TX01787,2026-03-13,Portable SSD 2TB,Electronics,North,Returning,4,12500,10,45000.0,35000.0,10000.0,Net Banking,Ananya Roy
TX01788,2026-02-13,Bookshelf Wooden,Furniture,North,Returning,2,8900,8,16376.0,10324.0,6052.0,Card,Vikas Verma
TX01789,2026-02-21,MagSafe Power Bank,Accessories,Central,Returning,5,3200,0,16000.0,8320.0,7680.0,UPI,Amit Kumar
TX01790,2026-03-31,Smart Blender 1200W,Home Appliances,South,Returning,4,6800,12,23936.0,15776.0,8160.0,Card,Amit Kumar
TX01791,2026-04-15,Travel Backpack 30L,Accessories,Central,Returning,4,3500,0,14000.0,6300.0,7700.0,Net Banking,Priya Patel
TX01792,2026-02-18,Mechanical RGB Keyboard,Electronics,South,Returning,2,6200,10,11160.0,7192.0,3968.0,Card,Ananya Roy
TX01793,2026-03-18,4K Streaming WebCam,Electronics,East,New,1,7800,0,7800.0,4836.0,2964.0,UPI,Vikas Verma
TX01794,2026-06-12,Smartphone X,Electronics,East,Returning,7,42000,0,294000.0,211680.0,82320.0,UPI,Amit Kumar
TX01795,2026-03-06,Monitor Arm Dual Mount,Furniture,West,Returning,5,4200,5,19950.0,10500.0,9450.0,Card,Priya Patel
TX01796,2026-04-05,Portable SSD 2TB,Electronics,East,Returning,2,12500,20,20000.0,17500.0,2500.0,UPI,Vikas Verma
TX01797,2026-05-29,MagSafe Power Bank,Accessories,West,Returning,7,3200,5,21280.0,11648.0,9632.0,Card,Kavita Reddy
TX01798,2026-07-16,MagSafe Power Bank,Accessories,South,Returning,7,3200,10,20160.0,11648.0,8512.0,Card,Siddharth Rao
TX01799,2026-03-15,Laptop Sleeve 15,Accessories,West,New,1,1100,0,1100.0,385.0,715.0,Card,Ananya Roy
TX01800,2026-04-18,Gaming Mouse 8K,Electronics,East,New,4,3200,0,12800.0,7040.0,5760.0,UPI,Kavita Reddy
TX01801,2026-03-23,Smartphone X,Electronics,North,Returning,3,42000,5,119700.0,90720.0,28980.0,Card,Amit Kumar
TX01802,2026-07-17,Cotton Polo Shirt,Clothing,South,New,2,1600,12,2816.0,1280.0,1536.0,UPI,Siddharth Rao
TX01803,2026-05-31,Trail Hiking Boots,Footwear,South,New,2,8400,5,15960.0,8736.0,7224.0,UPI,Amit Kumar
TX01804,2026-07-14,Mechanical RGB Keyboard,Electronics,South,New,4,6200,12,21824.0,14384.0,7440.0,Cash,Siddharth Rao
TX01805,2026-02-20,Denim Pants Premium,Clothing,South,Returning,8,2900,0,23200.0,9744.0,13456.0,Net Banking,Kavita Reddy
TX01806,2026-02-18,Coffee Maker Deluxe,Home Appliances,South,New,2,12800,0,25600.0,16384.0,9216.0,UPI,Vikas Verma
TX01807,2026-02-16,Smartphone X,Electronics,East,Returning,6,42000,0,252000.0,181440.0,70560.0,UPI,Kavita Reddy
TX01808,2026-04-30,Windbreaker Hooded,Clothing,South,New,1,3800,12,3344.0,1748.0,1596.0,Card,Siddharth Rao
TX01809,2026-06-12,Monitor 27 Ultra,Electronics,West,Returning,2,24000,20,38400.0,33600.0,4800.0,UPI,Siddharth Rao
TX01810,2026-04-26,Casual Leather Loafers,Footwear,West,Returning,3,4200,0,12600.0,6300.0,6300.0,Net Banking,Priya Patel
TX01811,2026-07-08,Robotic Vacuum X,Home Appliances,South,New,1,26000,0,26000.0,18200.0,7800.0,Net Banking,Neha Singh
TX01812,2026-05-19,Executive Desk,Furniture,South,Returning,3,28000,5,79800.0,54600.0,25200.0,Card,Neha Singh
TX01813,2026-02-01,Wireless Earbuds,Electronics,North,New,4,4500,10,16200.0,10800.0,5400.0,UPI,Amit Kumar
TX01814,2026-07-23,Leather Slim Wallet,Accessories,North,Returning,6,1400,8,7728.0,3192.0,4536.0,Net Banking,Kavita Reddy
TX01815,2026-04-08,Formal Suit Blazer,Clothing,East,New,2,11500,8,21160.0,12650.0,8510.0,Cash,Vikas Verma
TX01816,2026-07-03,Monitor Arm Dual Mount,Furniture,North,New,4,4200,0,16800.0,8400.0,8400.0,Net Banking,Vikas Verma
TX01817,2026-06-08,Electric Kettle Stainless,Home Appliances,North,Returning,5,2400,0,12000.0,6240.0,5760.0,UPI,Neha Singh
TX01818,2026-03-29,Monitor Arm Dual Mount,Furniture,South,New,1,4200,8,3864.0,2100.0,1764.0,Card,Siddharth Rao
TX01819,2026-05-14,Smart Blender 1200W,Home Appliances,East,New,2,6800,0,13600.0,7888.0,5712.0,Card,Priya Patel
TX01820,2026-04-22,Tablet Pro 11,Electronics,South,Returning,3,38000,5,108300.0,85500.0,22800.0,Net Banking,Ananya Roy
TX01821,2026-05-06,Gaming Mouse 8K,Electronics,South,Returning,8,3200,12,22528.0,14080.0,8448.0,UPI,Neha Singh
TX01822,2026-05-15,Pro Runner Shoes,Footwear,West,New,2,6500,0,13000.0,6240.0,6760.0,Card,Siddharth Rao
TX01823,2026-02-22,Mechanical RGB Keyboard,Electronics,North,Returning,1,6200,,6200.0,3596.0,2604.0,UPI,Priya Patel
TX01824,2026-07-29,4K Streaming WebCam,Electronics,Central,New,2,7800,0,15600.0,9672.0,5928.0,UPI,Ananya Roy
TX01825,2026-07-24,Coffee Maker Deluxe,Home Appliances,West,New,2,12800,12,22528.0,16384.0,6144.0,UPI,Rahul Sharma
TX01826,2026-06-30,Smart Watch Series 7,Electronics,Central,Returning,4,18500,10,66600.0,50320.0,16280.0,Cash,Kavita Reddy
TX01827,2026-02-28,Running Jacket Pro,Clothing,East,Returning,2,4800,10,8640.0,4320.0,4320.0,UPI,Priya Patel
TX01828,2026-05-30,Mesh Task Chair,Furniture,North,Returning,2,7500,5,14250.0,9000.0,5250.0,UPI,Vikas Verma
TX01829,2026-02-09,Electric Kettle Stainless,Home Appliances,West,Returning,8,2400,10,17280.0,9984.0,7296.0,UPI,Vikas Verma
TX01830,2026-04-17,Electric Kettle Stainless,Home Appliances,South,Returning,5,2400,8,11040.0,6240.0,4800.0,UPI,Kavita Reddy
TX01831,2026-03-11,4K Streaming WebCam,Electronics,North,New,1,7800,0,7800.0,4836.0,2964.0,Net Banking,Amit Kumar
TX01832,2026-03-11,Wireless Earbuds,Electronics,South,New,3,4500,5,12825.0,8100.0,4725.0,Card,Siddharth Rao
TX01833,2026-05-16,Gaming Mouse 8K,Electronics,Central,Returning,5,3200,12,14080.0,8800.0,5280.0,UPI,Kavita Reddy
TX01834,2026-07-18,Monitor 27 Ultra,Electronics,South,New,3,24000,0,72000.0,50400.0,21600.0,UPI,Vikas Verma
TX01835,2026-05-11,Ergonomic Office Chair,Furniture,West,Returning,7,14500,10,91350.0,62930.0,28420.0,Cash,Kavita Reddy
TX01836,2026-03-07,Windbreaker Hooded,Clothing,West,Returning,6,3800,15,19380.0,10488.0,8892.0,Card,Amit Kumar
TX01837,2026-02-02,Portable SSD 2TB,Electronics,Central,New,4,12500,12,44000.0,35000.0,9000.0,UPI,Rahul Sharma
TX01838,2026-03-08,Monitor Arm Dual Mount,Furniture,East,Returning,5,4200,12,18480.0,10500.0,7980.0,Card,Siddharth Rao
TX01839,2026-02-10,Laptop Pro 15,Electronics,East,Returning,6,68000,0,408000.0,318240.0,89760.0,UPI,Neha Singh
TX01840,2026-03-27,4K Streaming WebCam,Electronics,South,Returning,5,7800,5,37050.0,24180.0,12870.0,Cash,Neha Singh
TX01841,2026-05-23,Monitor 27 Ultra,Electronics,South,Returning,5,24000,5,114000.0,84000.0,30000.0,Card,Rahul Sharma
TX01842,2026-04-14,Formal Suit Blazer,Clothing,North,Returning,2,11500,5,21850.0,12650.0,9200.0,Cash,Kavita Reddy
TX01843,2026-07-06,Bookshelf Wooden,Furniture,Central,Returning,4,8900,5,33820.0,20648.0,13172.0,UPI,Rahul Sharma
TX01844,2026-03-31,Mesh Task Chair,Furniture,South,New,2,7500,0,15000.0,9000.0,6000.0,Net Banking,Kavita Reddy
TX01845,2026-04-03,Electric Kettle Stainless,Home Appliances,North,New,1,2400,10,2160.0,1248.0,912.0,UPI,Siddharth Rao
TX01846,2026-02-05,Laptop Sleeve 15,Accessories,West,Returning,5,1100,10,4950.0,1925.0,3025.0,Card,Kavita Reddy
TX01847,2026-06-29,Standing Desk Dual Engine,Furniture,East,Returning,2,34000,10,61200.0,46240.0,14960.0,Net Banking,Siddharth Rao
TX01848,2026-06-24,Formal Suit Blazer,Clothing,North,Returning,1,11500,8,10580.0,6325.0,4255.0,UPI,Neha Singh
TX01849,2026-06-03,Smartphone X,Electronics,North,Returning,5,42000,0,210000.0,151200.0,58800.0,UPI,Vikas Verma
TX01850,2026-05-18,Portable SSD 2TB,Electronics,Central,New,2,12500,5,23750.0,17500.0,6250.0,Card,Vikas Verma
TX01851,2026-04-21,Wireless Earbuds,Electronics,North,New,1,4500,10,4050.0,2700.0,1350.0,UPI,Neha Singh
TX01852,2026-02-17,Running Jacket Pro,Clothing,Central,New,4,4800,0,19200.0,8640.0,10560.0,Card,Kavita Reddy
TX01853,2026-06-11,Gaming Mouse 8K,Electronics,East,Returning,2,3200,5,6080.0,3520.0,2560.0,UPI,Amit Kumar
TX01854,2026-05-11,Executive Desk,Furniture,East,New,1,28000,12,24640.0,18200.0,6440.0,Card,Priya Patel
TX01855,2026-02-17,Portable SSD 2TB,Electronics,North,New,2,12500,5,23750.0,17500.0,6250.0,Net Banking,Ananya Roy
TX01856,2026-02-08,Formal Suit Blazer,Clothing,West,Returning,7,11500,0,80500.0,44275.0,36225.0,Card,Siddharth Rao
TX01857,2026-03-27,Portable SSD 2TB,Electronics,North,Returning,2,12500,15,21250.0,17500.0,3750.0,Card,Kavita Reddy
TX01858,2026-06-23,Trail Hiking Boots,Footwear,South,Returning,4,8400,12,29568.0,17472.0,12096.0,UPI,Neha Singh
TX01859,2026-02-01,Coffee Maker Deluxe,Home Appliances,North,Returning,6,12800,8,70656.0,49152.0,21504.0,UPI,Rahul Sharma
TX01860,2026-04-22,Trail Hiking Boots,Footwear,North,Returning,2,8400,5,15960.0,8736.0,7224.0,Card,Ananya Roy
TX01861,2026-03-03,Monitor 27 Ultra,Electronics,West,Returning,4,24000,0,96000.0,67200.0,28800.0,Cash,Vikas Verma
TX01862,2026-02-10,Mechanical RGB Keyboard,Electronics,North,New,2,6200,8,11408.0,7192.0,4216.0,Cash,Amit Kumar
TX01863,2026-04-13,Formal Suit Blazer,Clothing,West,Returning,6,11500,0,69000.0,37950.0,31050.0,UPI,Vikas Verma
TX01864,2026-05-16,Smartphone X,Electronics,North,New,2,42000,8,77280.0,60480.0,16800.0,Cash,Priya Patel
TX01865,2026-05-04,Gaming Mouse 8K,Electronics,North,New,3,3200,0,9600.0,5280.0,4320.0,UPI,Neha Singh
TX01866,2026-06-30,Smart Watch Series 7,Electronics,North,New,1,18500,10,16650.0,12580.0,4070.0,Card,Vikas Verma
TX01867,2026-06-22,Cotton Polo Shirt,Clothing,North,New,1,1600,0,1600.0,640.0,960.0,Cash,Priya Patel
TX01868,2026-07-19,Formal Suit Blazer,Clothing,South,New,1,11500,0,11500.0,6325.0,5175.0,Net Banking,Rahul Sharma
TX01869,2026-02-28,Travel Backpack 30L,Accessories,North,Returning,7,3500,5,23275.0,11025.0,12250.0,UPI,Neha Singh
TX01870,2026-02-21,Formal Suit Blazer,Clothing,North,Returning,2,11500,8,21160.0,12650.0,8510.0,UPI,Neha Singh
TX01871,2026-03-05,Portable SSD 2TB,Electronics,West,Returning,4,12500,20,40000.0,35000.0,5000.0,UPI,Vikas Verma
TX01872,2026-06-28,Executive Desk,Furniture,East,New,4,28000,0,112000.0,72800.0,39200.0,Card,Neha Singh
TX01873,2026-06-16,Denim Pants Premium,Clothing,South,New,4,2900,12,10208.0,4872.0,5336.0,UPI,Neha Singh
TX01874,2026-07-08,Gaming Mouse 8K,Electronics,West,New,4,3200,0,12800.0,7040.0,5760.0,UPI,Neha Singh
TX01875,2026-04-06,Noise Cancelling Headphones,Electronics,East,Returning,2,14500,15,24650.0,18850.0,5800.0,UPI,Rahul Sharma
TX01876,2026-04-01,Monitor Arm Dual Mount,Furniture,West,Returning,7,4200,0,29400.0,14700.0,14700.0,UPI,Priya Patel
TX01877,2026-06-28,Laptop Pro 15,Electronics,West,Returning,1,68000,5,64600.0,53040.0,11560.0,UPI,Kavita Reddy
TX01878,2026-03-09,4K Streaming WebCam,Electronics,West,Returning,6,7800,0,46800.0,29016.0,17784.0,UPI,Vikas Verma
TX01879,2026-05-25,Executive Desk,Furniture,West,New,4,28000,5,106400.0,72800.0,33600.0,Cash,Neha Singh
TX01880,2026-06-06,Leather Slim Wallet,Accessories,Central,Returning,5,1400,0,7000.0,2660.0,4340.0,Card,Rahul Sharma
TX01881,2026-02-16,Trail Hiking Boots,Footwear,East,New,1,8400,12,7392.0,4368.0,3024.0,UPI,Vikas Verma
TX01882,2026-03-18,Pro Runner Shoes,Footwear,West,Returning,2,6500,5,12350.0,6240.0,6110.0,UPI,Neha Singh
TX01883,2026-05-27,Executive Desk,Furniture,West,New,4,28000,15,95200.0,72800.0,22400.0,UPI,Kavita Reddy
TX01884,2026-03-29,Casual Leather Loafers,Footwear,Central,New,2,4200,8,7728.0,4200.0,3528.0,UPI,Amit Kumar
TX01885,2026-03-01,Running Jacket Pro,Clothing,West,Returning,2,4800,0,9600.0,4320.0,5280.0,Card,Vikas Verma
TX01886,2026-05-15,Smartphone X,Electronics,North,Returning,2,42000,0,84000.0,60480.0,23520.0,UPI,Neha Singh
TX01887,2026-07-22,MagSafe Power Bank,Accessories,Central,Returning,1,3200,0,3200.0,1664.0,1536.0,UPI,Siddharth Rao
TX01888,2026-06-26,Formal Suit Blazer,Clothing,North,New,1,11500,8,10580.0,6325.0,4255.0,Card,Siddharth Rao
TX01889,2026-04-06,Running Jacket Pro,Clothing,East,Returning,6,4800,0,28800.0,12960.0,15840.0,Card,Neha Singh
TX01890,2026-04-04,Windbreaker Hooded,Clothing,North,New,4,3800,10,13680.0,6992.0,6688.0,Card,Kavita Reddy
TX01891,2026-03-31,Pro Runner Shoes,Footwear,Central,New,1,6500,0,6500.0,3120.0,3380.0,Cash,Neha Singh
TX01892,2026-05-17,Monitor 27 Ultra,Electronics,North,New,1,24000,0,24000.0,16800.0,7200.0,Net Banking,Kavita Reddy
TX01893,2026-03-07,Bookshelf Wooden,Furniture,West,New,1,8900,0,8900.0,5162.0,3738.0,UPI,Siddharth Rao
TX01894,2026-03-03,Running Jacket Pro,Clothing,East,Returning,4,4800,0,19200.0,8640.0,10560.0,Net Banking,Priya Patel
TX01895,2026-02-24,Mesh Task Chair,Furniture,West,Returning,4,7500,0,30000.0,18000.0,12000.0,Card,Amit Kumar
TX01896,2026-07-19,Laptop Pro 15,Electronics,Central,Returning,4,68000,10,244800.0,212160.0,32640.0,Cash,Priya Patel
TX01897,2026-02-23,Laptop Sleeve 15,Accessories,East,Returning,5,1100,0,5500.0,1925.0,3575.0,Card,Ananya Roy
TX01898,2026-05-27,Portable SSD 2TB,Electronics,North,New,1,12500,8,11500.0,8750.0,2750.0,UPI,Amit Kumar
TX01899,2026-04-01,Monitor 27 Ultra,Electronics,West,New,2,24000,0,48000.0,33600.0,14400.0,UPI,Rahul Sharma
TX01900,2026-07-20,Casual Leather Loafers,Footwear,North,New,1,4200,8,3864.0,2100.0,1764.0,Card,Ananya Roy
TX01901,2026-07-11,Cotton Polo Shirt,Clothing,West,Returning,2,1600,10,2880.0,1280.0,1600.0,UPI,Siddharth Rao
TX01902,2026-02-02,Portable SSD 2TB,Electronics,South,Returning,7,12500,0,87500.0,61250.0,26250.0,Card,Neha Singh
TX01903,2026-02-19,4K Streaming WebCam,Electronics,South,Returning,3,7800,0,23400.0,14508.0,8892.0,Card,Ananya Roy
TX01904,2026-05-27,Portable SSD 2TB,Electronics,West,Returning,4,12500,25,37500.0,35000.0,2500.0,UPI,Kavita Reddy
TX01905,2026-04-13,Windbreaker Hooded,Clothing,South,New,1,3800,0,3800.0,1748.0,2052.0,UPI,Kavita Reddy
TX01906,2026-02-24,Gaming Mouse 8K,Electronics,West,New,1,3200,0,3200.0,1760.0,1440.0,Card,Priya Patel
TX01907,2026-06-24,Travel Backpack 30L,Accessories,South,Returning,3,3500,0,10500.0,4725.0,5775.0,UPI,Neha Singh
TX01908,2026-03-05,Monitor Arm Dual Mount,Furniture,Central,Returning,2,4200,0,8400.0,4200.0,4200.0,Card,Ananya Roy
TX01909,2026-06-15,Smart Watch Series 7,Electronics,South,New,2,18500,10,33300.0,25160.0,8140.0,UPI,Kavita Reddy
TX01910,2026-03-25,Noise Cancelling Headphones,Electronics,West,New,1,14500,5,13775.0,9425.0,4350.0,Card,Priya Patel
TX01911,2026-05-20,Smart Watch Series 7,Electronics,West,New,2,18500,28,26640.0,25160.0,1480.0,UPI,Ananya Roy
TX01912,2026-02-08,Monitor 27 Ultra,Electronics,West,Returning,1,24000,10,21600.0,16800.0,4800.0,Card,Priya Patel
TX01913,2026-04-24,Portable SSD 2TB,Electronics,West,Returning,2,12500,0,25000.0,17500.0,7500.0,UPI,Priya Patel
TX01914,2026-05-24,Air Purifier Pro,Home Appliances,North,Returning,1,16500,8,15180.0,10890.0,4290.0,Net Banking,Ananya Roy
TX01915,2026-05-09,Gaming Mouse 8K,Electronics,West,Returning,5,3200,30,11200.0,8800.0,2400.0,UPI,Amit Kumar
TX01916,2026-02-22,4K Streaming WebCam,Electronics,East,Returning,8,7800,0,62400.0,38688.0,23712.0,Card,Priya Patel
TX01917,2026-03-11,Ergonomic Office Chair,Furniture,West,New,1,14500,0,14500.0,8990.0,5510.0,Card,Siddharth Rao
TX01918,2026-05-31,Smartphone X,Electronics,North,New,3,42000,12,110880.0,90720.0,20160.0,UPI,Ananya Roy
TX01919,2026-02-23,Air Purifier Pro,Home Appliances,West,New,2,16500,5,31350.0,21780.0,9570.0,Card,Neha Singh
TX01920,2026-05-17,4K Streaming WebCam,Electronics,West,Returning,6,7800,23,36036.0,29016.0,7020.0,Card,Ananya Roy
TX01921,2026-04-21,Portable SSD 2TB,Electronics,West,New,1,12500,5,11875.0,8750.0,3125.0,UPI,Kavita Reddy
TX01922,2026-02-14,Smart Blender 1200W,Home Appliances,North,New,4,6800,8,25024.0,15776.0,9248.0,Card,Rahul Sharma
TX01923,2026-07-10,MagSafe Power Bank,Accessories,North,New,3,3200,10,8640.0,4992.0,3648.0,Net Banking,Siddharth Rao
TX01924,2026-04-06,MagSafe Power Bank,Accessories,North,Returning,1,3200,0,3200.0,1664.0,1536.0,Card,Amit Kumar
TX01925,2026-06-21,Travel Backpack 30L,Accessories,East,Returning,4,3500,5,13300.0,6300.0,7000.0,Card,Priya Patel
TX01926,2026-05-14,Running Jacket Pro,Clothing,North,Returning,3,4800,8,13248.0,6480.0,6768.0,Card,Vikas Verma
TX01927,2026-03-16,MagSafe Power Bank,Accessories,East,Returning,5,3200,5,15200.0,8320.0,6880.0,UPI,Neha Singh
TX01928,2026-05-19,Noise Cancelling Headphones,Electronics,South,Returning,7,14500,0,101500.0,65975.0,35525.0,UPI,Vikas Verma
TX01929,2026-02-22,Trail Hiking Boots,Footwear,West,Returning,5,8400,12,36960.0,21840.0,15120.0,Card,Amit Kumar
TX01930,2026-05-02,Air Purifier Pro,Home Appliances,West,Returning,1,16500,0,16500.0,10890.0,5610.0,Card,Ananya Roy
TX01931,2026-04-29,Ergonomic Office Chair,Furniture,South,Returning,1,14500,8,13340.0,8990.0,4350.0,Card,Vikas Verma
TX01932,2026-05-17,Running Jacket Pro,Clothing,West,Returning,1,4800,10,4320.0,2160.0,2160.0,Card,Ananya Roy
TX01933,2026-04-03,Laptop Sleeve 15,Accessories,East,Returning,5,1100,0,5500.0,1925.0,3575.0,Net Banking,Kavita Reddy
TX01934,2026-07-07,Tablet Pro 11,Electronics,West,New,3,38000,8,104880.0,85500.0,19380.0,UPI,Vikas Verma
TX01935,2026-04-03,Standing Desk Dual Engine,Furniture,Central,New,3,34000,0,102000.0,69360.0,32640.0,Card,Ananya Roy
TX01936,2026-03-04,Electric Kettle Stainless,Home Appliances,West,Returning,2,2400,0,4800.0,2496.0,2304.0,Card,Kavita Reddy
TX01937,2026-06-15,Trail Hiking Boots,Footwear,West,Returning,1,8400,8,7728.0,4368.0,3360.0,UPI,Priya Patel
TX01938,2026-07-12,Executive Desk,Furniture,East,New,3,28000,20,67200.0,54600.0,12600.0,UPI,Siddharth Rao
TX01939,2026-02-09,Wireless Earbuds,Electronics,Central,Returning,8,4500,10,32400.0,21600.0,10800.0,UPI,Siddharth Rao
TX01940,2026-02-25,Trail Hiking Boots,Footwear,Central,Returning,1,8400,0,8400.0,4368.0,4032.0,UPI,Rahul Sharma
TX01941,2026-02-08,Mechanical RGB Keyboard,Electronics,South,New,2,6200,10,11160.0,7192.0,3968.0,Card,Rahul Sharma
TX01942,2026-04-04,Robotic Vacuum X,Home Appliances,South,Returning,8,26000,0,208000.0,145600.0,62400.0,UPI,Priya Patel
TX01943,2026-05-18,Laptop Pro 15,Electronics,Central,Returning,7,68000,5,452200.0,371280.0,80920.0,Card,Amit Kumar
TX01944,2026-02-15,Wireless Earbuds,Electronics,South,New,1,4500,12,3960.0,2700.0,1260.0,Card,Vikas Verma
TX01945,2026-02-28,Denim Pants Premium,Clothing,North,New,4,2900,0,11600.0,4872.0,6728.0,UPI,Amit Kumar
TX01946,2026-05-16,Executive Desk,Furniture,North,Returning,4,28000,8,103040.0,72800.0,30240.0,Card,Priya Patel
TX01947,2026-04-03,Casual Leather Loafers,Footwear,South,New,1,4200,0,4200.0,2100.0,2100.0,Net Banking,Vikas Verma
TX01948,2026-03-06,MagSafe Power Bank,Accessories,East,Returning,1,3200,10,2880.0,1664.0,1216.0,Card,Ananya Roy
TX01949,2026-04-02,Leather Slim Wallet,Accessories,Central,Returning,1,1400,5,1330.0,532.0,798.0,UPI,Amit Kumar
TX01950,2026-05-21,Smartphone X,Electronics,Central,Returning,1,42000,5,39900.0,30240.0,9660.0,UPI,Siddharth Rao
TX01951,2026-05-13,Smart Watch Series 7,Electronics,West,Returning,7,18500,20,103600.0,88060.0,15540.0,Card,Priya Patel
TX01952,2026-04-24,Standing Desk Dual Engine,Furniture,North,New,2,34000,0,68000.0,46240.0,21760.0,UPI,Rahul Sharma
TX01953,2026-05-22,Laptop Sleeve 15,Accessories,East,Returning,2,1100,5,2090.0,770.0,1320.0,Cash,Siddharth Rao
TX01954,2026-06-24,4K Streaming WebCam,Electronics,East,Returning,5,7800,0,39000.0,24180.0,14820.0,Net Banking,Priya Patel
TX01955,2026-04-03,Cotton Polo Shirt,Clothing,Central,New,4,1600,10,5760.0,2560.0,3200.0,UPI,Neha Singh
TX01956,2026-06-03,MagSafe Power Bank,Accessories,North,New,2,3200,8,5888.0,3328.0,2560.0,Card,Priya Patel
TX01957,2026-02-14,Mechanical RGB Keyboard,Electronics,West,Returning,1,6200,8,5704.0,3596.0,2108.0,UPI,Ananya Roy
TX01958,2026-06-25,Wireless Earbuds,Electronics,West,New,2,4500,12,7920.0,5400.0,2520.0,Card,Kavita Reddy
TX01959,2026-04-07,Portable SSD 2TB,Electronics,South,Returning,7,12500,10,78750.0,61250.0,17500.0,Card,Siddharth Rao
TX01960,2026-07-19,Denim Pants Premium,Clothing,West,Returning,8,2900,0,23200.0,9744.0,13456.0,Card,Amit Kumar
TX01961,2026-06-18,Air Purifier Pro,Home Appliances,East,Returning,4,16500,0,66000.0,43560.0,22440.0,Card,Vikas Verma
TX01962,2026-02-06,Laptop Sleeve 15,Accessories,Central,Returning,4,1100,15,3740.0,1540.0,2200.0,Cash,Priya Patel
TX01963,2026-03-20,Bookshelf Wooden,Furniture,South,New,4,8900,5,33820.0,20648.0,13172.0,Card,Rahul Sharma
TX01964,2026-05-16,Smartphone X,Electronics,Central,Returning,7,42000,8,270480.0,211680.0,58800.0,Card,Siddharth Rao
TX01965,2026-02-08,Casual Leather Loafers,Footwear,North,New,2,4200,5,7980.0,4200.0,3780.0,UPI,Ananya Roy
TX01966,2026-07-17,Monitor Arm Dual Mount,Furniture,Central,Returning,1,4200,10,3780.0,2100.0,1680.0,Net Banking,Rahul Sharma
TX01967,2026-04-30,Smart Blender 1200W,Home Appliances,Central,New,2,6800,12,11968.0,7888.0,4080.0,Card,Siddharth Rao
TX01968,2026-04-29,Smartphone X,Electronics,East,Returning,3,42000,5,119700.0,90720.0,28980.0,Card,Amit Kumar
TX01969,2026-05-23,Running Jacket Pro,Clothing,North,Returning,7,4800,0,33600.0,15120.0,18480.0,Card,Neha Singh
TX01970,2026-02-04,Travel Backpack 30L,Accessories,West,New,2,3500,10,6300.0,3150.0,3150.0,Cash,Ananya Roy
TX01971,2026-06-27,Formal Suit Blazer,Clothing,Central,Returning,5,11500,10,51750.0,31625.0,20125.0,Card,Siddharth Rao
TX01972,2026-06-19,4K Streaming WebCam,Electronics,North,Returning,5,7800,10,35100.0,24180.0,10920.0,UPI,Rahul Sharma
TX01973,2026-02-08,Portable SSD 2TB,Electronics,East,New,1,12500,8,11500.0,8750.0,2750.0,Card,Siddharth Rao
TX01974,2026-05-11,Wireless Earbuds,Electronics,Central,New,4,4500,5,17100.0,10800.0,6300.0,UPI,Neha Singh
TX01975,2026-07-07,Formal Suit Blazer,Clothing,West,Returning,1,11500,0,11500.0,6325.0,5175.0,UPI,Rahul Sharma
TX01976,2026-07-07,Running Jacket Pro,Clothing,North,Returning,2,4800,10,8640.0,4320.0,4320.0,UPI,Kavita Reddy
TX01977,2026-05-16,Ergonomic Office Chair,Furniture,West,Returning,8,14500,8,106720.0,71920.0,34800.0,Card,Rahul Sharma
TX01978,2026-05-06,Bookshelf Wooden,Furniture,East,New,4,8900,5,33820.0,20648.0,13172.0,Card,Siddharth Rao
TX01979,2026-03-14,Tablet Pro 11,Electronics,West,Returning,3,38000,8,104880.0,85500.0,19380.0,Card,Siddharth Rao
TX01980,2026-07-22,Noise Cancelling Headphones,Electronics,East,New,1,14500,8,13340.0,9425.0,3915.0,Card,Kavita Reddy
TX01981,2026-05-10,Tablet Pro 11,Electronics,Central,Returning,2,38000,10,68400.0,57000.0,11400.0,UPI,Siddharth Rao
TX01982,2026-06-15,Mesh Task Chair,Furniture,North,New,2,7500,5,14250.0,9000.0,5250.0,UPI,Amit Kumar
TX01983,2026-04-22,Coffee Maker Deluxe,Home Appliances,West,New,3,12800,12,33792.0,24576.0,9216.0,UPI,Kavita Reddy
TX01984,2026-06-20,Smart Watch Series 7,Electronics,South,New,2,18500,8,34040.0,25160.0,8880.0,UPI,Amit Kumar
TX01985,2026-02-01,Robotic Vacuum X,Home Appliances,North,Returning,4,26000,10,93600.0,72800.0,20800.0,Net Banking,Ananya Roy
TX01986,2026-03-06,Trail Hiking Boots,Footwear,East,Returning,6,8400,5,47880.0,26208.0,21672.0,UPI,Kavita Reddy
TX01987,2026-02-20,Denim Pants Premium,Clothing,South,Returning,3,2900,10,7830.0,3654.0,4176.0,UPI,Amit Kumar
TX01988,2026-05-13,Denim Pants Premium,Clothing,East,Returning,2,2900,5,5510.0,2436.0,3074.0,UPI,Rahul Sharma
TX01989,2026-04-02,Casual Leather Loafers,Footwear,North,New,1,4200,5,3990.0,2100.0,1890.0,Card,Amit Kumar
TX01990,2026-05-30,Leather Slim Wallet,Accessories,West,New,2,1400,0,2800.0,1064.0,1736.0,Cash,Priya Patel
TX01991,2026-06-06,Ergonomic Office Chair,Furniture,North,New,4,14500,0,58000.0,35960.0,22040.0,Card,Kavita Reddy
TX01992,2026-07-26,Casual Leather Loafers,Footwear,North,Returning,4,4200,12,14784.0,8400.0,6384.0,Card,Priya Patel
TX01993,2026-06-12,Ergonomic Office Chair,Furniture,East,Returning,7,14500,0,101500.0,62930.0,38570.0,UPI,Kavita Reddy
TX01994,2026-02-06,Leather Slim Wallet,Accessories,West,Returning,7,1400,5,9310.0,3724.0,5586.0,Net Banking,Priya Patel
TX01995,2026-05-28,Travel Backpack 30L,Accessories,West,New,4,3500,0,14000.0,6300.0,7700.0,UPI,Amit Kumar
TX01996,2026-02-04,Air Purifier Pro,Home Appliances,West,New,2,16500,0,33000.0,21780.0,11220.0,Cash,Amit Kumar
TX01997,2026-03-30,Coffee Maker Deluxe,Home Appliances,South,New,4,12800,8,47104.0,32768.0,14336.0,Card,Rahul Sharma
TX01998,2026-04-27,Casual Leather Loafers,Footwear,Central,Returning,7,4200,5,27930.0,14700.0,13230.0,Card,Amit Kumar
TX01999,2026-02-19,Noise Cancelling Headphones,Electronics,South,New,4,14500,10,52200.0,37700.0,14500.0,Net Banking,Vikas Verma
TX02000,2026-04-02,Pro Runner Shoes,Footwear,East,Returning,1,6500,15,5525.0,3120.0,2405.0,UPI,Rahul Sharma
TX02001,2026-04-26,Monitor 27 Ultra,Electronics,Central,Returning,4,24000,8,88320.0,67200.0,21120.0,Card,Vikas Verma
TX02002,2026-06-10,Denim Pants Premium,Clothing,East,New,3,2900,10,7830.0,3654.0,4176.0,Card,Priya Patel
TX02003,2026-07-16,Smart Watch Series 7,Electronics,South,Returning,8,18500,15,125800.0,100640.0,25160.0,Card,Rahul Sharma
TX02004,2026-07-28,Casual Leather Loafers,Footwear,North,Returning,4,4200,12,14784.0,8400.0,6384.0,UPI,Siddharth Rao
TX02005,2026-06-03,Executive Desk,Furniture,East,Returning,3,28000,0,84000.0,54600.0,29400.0,Card,Vikas Verma
TX02006,2026-05-09,Wireless Earbuds,Electronics,Central,New,4,4500,5,17100.0,10800.0,6300.0,Card,Siddharth Rao
TX02007,2026-06-19,4K Streaming WebCam,Electronics,West,Returning,7,7800,5,51870.0,33852.0,18018.0,Card,Amit Kumar
TX02008,2026-03-06,Windbreaker Hooded,Clothing,East,New,1,3800,10,3420.0,1748.0,1672.0,Card,Rahul Sharma
TX02009,2026-05-14,Ergonomic Office Chair,Furniture,West,Returning,6,14500,0,87000.0,53940.0,33060.0,UPI,Rahul Sharma
TX02010,2026-07-20,Air Purifier Pro,Home Appliances,West,New,3,16500,8,45540.0,32670.0,12870.0,Card,Rahul Sharma
TX02011,2026-07-23,Gaming Mouse 8K,Electronics,North,Returning,3,3200,10,8640.0,5280.0,3360.0,UPI,Ananya Roy
TX02012,2026-04-10,Mesh Task Chair,Furniture,North,Returning,8,7500,5,57000.0,36000.0,21000.0,UPI,Ananya Roy
TX02013,2026-07-07,Denim Pants Premium,Clothing,North,New,2,2900,8,5336.0,2436.0,2900.0,Card,Vikas Verma
TX02014,2026-05-12,Bookshelf Wooden,Furniture,West,New,1,8900,0,8900.0,5162.0,3738.0,UPI,Priya Patel
TX02015,2026-07-26,Windbreaker Hooded,Clothing,North,Returning,8,3800,0,30400.0,13984.0,16416.0,Net Banking,Siddharth Rao
TX02016,2026-03-15,Portable SSD 2TB,Electronics,South,Returning,4,12500,0,50000.0,35000.0,15000.0,Card,Ananya Roy
TX02017,2026-02-27,Bookshelf Wooden,Furniture,West,Returning,2,8900,5,16910.0,10324.0,6586.0,UPI,Ananya Roy
TX02018,2026-02-07,Leather Slim Wallet,Accessories,East,Returning,6,1400,0,8400.0,3192.0,5208.0,UPI,Kavita Reddy
TX02019,2026-07-25,Denim Pants Premium,Clothing,West,New,2,2900,0,5800.0,2436.0,3364.0,Card,Priya Patel
TX02020,2026-03-01,Travel Backpack 30L,Accessories,East,New,2,3500,5,6650.0,3150.0,3500.0,Card,Neha Singh
TX02021,2026-04-10,Monitor 27 Ultra,Electronics,North,New,4,24000,0,96000.0,67200.0,28800.0,UPI,Kavita Reddy
TX02022,2026-02-28,Windbreaker Hooded,Clothing,West,New,2,3800,8,6992.0,3496.0,3496.0,UPI,Neha Singh
TX02023,2026-05-19,Travel Backpack 30L,Accessories,West,Returning,2,3500,0,7000.0,3150.0,3850.0,UPI,Ananya Roy
TX02024,2026-02-12,Smartphone X,Electronics,Central,New,2,42000,8,77280.0,60480.0,16800.0,Card,Priya Patel
TX02025,2026-04-14,Smart Watch Series 7,Electronics,North,New,4,18500,5,70300.0,50320.0,19980.0,Card,Priya Patel
TX02026,2026-07-29,MagSafe Power Bank,Accessories,East,New,2,3200,10,5760.0,3328.0,2432.0,UPI,Ananya Roy
TX02027,2026-03-06,Monitor Arm Dual Mount,Furniture,West,Returning,6,4200,5,23940.0,12600.0,11340.0,Cash,Ananya Roy
TX02028,2026-06-23,Pro Runner Shoes,Footwear,South,Returning,7,6500,10,40950.0,21840.0,19110.0,UPI,Kavita Reddy
TX02029,2026-04-13,Cotton Polo Shirt,Clothing,West,New,3,1600,5,4560.0,1920.0,2640.0,Net Banking,Vikas Verma
TX02030,2026-06-19,Formal Suit Blazer,Clothing,West,Returning,6,11500,10,62100.0,37950.0,24150.0,UPI,Vikas Verma
TX02031,2026-03-18,Laptop Sleeve 15,Accessories,North,Returning,2,1100,15,1870.0,770.0,1100.0,Cash,Siddharth Rao
TX02032,2026-04-27,Smartphone X,Electronics,North,Returning,1,42000,0,42000.0,30240.0,11760.0,Cash,Ananya Roy
TX02033,2026-07-14,Bookshelf Wooden,Furniture,East,Returning,2,8900,15,15130.0,10324.0,4806.0,UPI,Priya Patel
TX02034,2026-04-25,Windbreaker Hooded,Clothing,North,New,3,3800,5,10830.0,5244.0,5586.0,Card,Siddharth Rao
TX02035,2026-06-23,Ergonomic Office Chair,Furniture,West,New,3,14500,10,39150.0,26970.0,12180.0,Card,Siddharth Rao
TX02036,2026-05-10,Leather Slim Wallet,Accessories,North,Returning,4,1400,5,5320.0,2128.0,3192.0,Cash,Kavita Reddy
TX02037,2026-04-16,Smart Blender 1200W,Home Appliances,North,New,3,6800,10,18360.0,11832.0,6528.0,Net Banking,Amit Kumar
TX02038,2026-05-06,Denim Pants Premium,Clothing,North,Returning,4,2900,10,10440.0,4872.0,5568.0,UPI,Priya Patel
TX02039,2026-03-07,Executive Desk,Furniture,West,New,2,28000,12,49280.0,36400.0,12880.0,Card,Vikas Verma
TX02040,2026-07-10,Smart Watch Series 7,Electronics,North,Returning,2,18500,5,35150.0,25160.0,9990.0,UPI,Kavita Reddy
TX02041,2026-03-13,Standing Desk Dual Engine,Furniture,West,Returning,1,34000,5,32300.0,23120.0,9180.0,Card,Siddharth Rao
TX02042,2026-06-13,Smart Watch Series 7,Electronics,West,New,2,18500,12,32560.0,25160.0,7400.0,Card,Ananya Roy
TX02043,2026-04-08,Air Purifier Pro,Home Appliances,East,New,2,16500,5,31350.0,21780.0,9570.0,Cash,Rahul Sharma
TX02044,2026-04-25,4K Streaming WebCam,Electronics,East,Returning,8,7800,5,59280.0,38688.0,20592.0,Card,Neha Singh
TX02045,2026-02-27,Electric Kettle Stainless,Home Appliances,North,Returning,8,2400,15,16320.0,9984.0,6336.0,Card,Amit Kumar
TX02046,2026-02-17,Trail Hiking Boots,Footwear,West,New,2,8400,12,14784.0,8736.0,6048.0,Card,Amit Kumar
TX02047,2026-02-08,Windbreaker Hooded,Clothing,North,New,2,3800,8,6992.0,3496.0,3496.0,Cash,Priya Patel
TX02048,2026-05-21,Windbreaker Hooded,Clothing,West,Returning,5,3800,0,19000.0,8740.0,10260.0,Card,Neha Singh
TX02049,2026-03-15,Windbreaker Hooded,Clothing,West,Returning,4,3800,10,13680.0,6992.0,6688.0,Cash,Neha Singh
TX02050,2026-04-23,Cotton Polo Shirt,Clothing,South,New,4,1600,8,5888.0,2560.0,3328.0,Cash,Neha Singh
TX02051,2026-03-14,Electric Kettle Stainless,Home Appliances,South,Returning,6,2400,0,14400.0,7488.0,6912.0,UPI,Kavita Reddy
TX02052,2026-07-07,Gaming Mouse 8K,Electronics,North,Returning,8,3200,0,25600.0,14080.0,11520.0,Card,Kavita Reddy
TX02053,2026-02-18,Portable SSD 2TB,Electronics,North,New,4,12500,10,45000.0,35000.0,10000.0,Net Banking,Priya Patel
TX02054,2026-03-27,Leather Slim Wallet,Accessories,West,Returning,3,1400,5,3990.0,1596.0,2394.0,Card,Neha Singh
TX02055,2026-03-06,4K Streaming WebCam,Electronics,North,Returning,2,7800,0,15600.0,9672.0,5928.0,UPI,Rahul Sharma
TX02056,2026-06-21,Executive Desk,Furniture,North,Returning,5,28000,10,126000.0,91000.0,35000.0,Card,Kavita Reddy
TX02057,2026-06-13,Laptop Sleeve 15,Accessories,East,Returning,6,1100,8,6072.0,2310.0,3762.0,Card,Ananya Roy
TX02058,2026-07-21,Laptop Sleeve 15,Accessories,South,New,4,1100,12,3872.0,1540.0,2332.0,Card,Rahul Sharma
TX02059,2026-03-24,Smartphone X,Electronics,South,New,4,42000,8,154560.0,120960.0,33600.0,Cash,Ananya Roy
TX02060,2026-03-01,Trail Hiking Boots,Footwear,North,Returning,3,8400,15,21420.0,13104.0,8316.0,Cash,Priya Patel
TX02061,2026-02-06,4K Streaming WebCam,Electronics,East,New,3,7800,8,21528.0,14508.0,7020.0,UPI,Neha Singh
TX02062,2026-06-03,Running Jacket Pro,Clothing,West,Returning,4,4800,0,19200.0,8640.0,10560.0,Cash,Rahul Sharma
TX02063,2026-06-28,Smart Blender 1200W,Home Appliances,Central,New,4,6800,0,27200.0,15776.0,11424.0,Net Banking,Amit Kumar
TX02064,2026-05-13,Tablet Pro 11,Electronics,East,Returning,2,38000,0,76000.0,57000.0,19000.0,UPI,Kavita Reddy
TX02065,2026-05-16,Trail Hiking Boots,Footwear,West,New,1,8400,8,7728.0,4368.0,3360.0,Card,Priya Patel
TX02066,2026-03-02,Gaming Mouse 8K,Electronics,South,New,2,3200,0,6400.0,3520.0,2880.0,Card,Rahul Sharma
TX02067,2026-05-26,Noise Cancelling Headphones,Electronics,West,Returning,8,14500,32,78880.0,75400.0,3480.0,UPI,Neha Singh
TX02068,2026-02-10,Denim Pants Premium,Clothing,East,Returning,6,2900,0,17400.0,7308.0,10092.0,UPI,Amit Kumar
TX02069,2026-05-28,Cotton Polo Shirt,Clothing,West,New,3,1600,0,4800.0,1920.0,2880.0,UPI,Rahul Sharma
TX02070,2026-06-23,Electric Kettle Stainless,Home Appliances,East,New,3,2400,10,6480.0,3744.0,2736.0,Card,Ananya Roy
TX02071,2026-03-07,4K Streaming WebCam,Electronics,East,New,1,7800,10,7020.0,4836.0,2184.0,Card,Ananya Roy
TX02072,2026-05-01,Robotic Vacuum X,Home Appliances,West,New,1,26000,10,23400.0,18200.0,5200.0,UPI,Ananya Roy
TX02073,2026-03-05,Leather Slim Wallet,Accessories,West,Returning,4,1400,15,4760.0,2128.0,2632.0,UPI,Vikas Verma
TX02074,2026-03-21,Pro Runner Shoes,Footwear,Central,Returning,6,6500,5,37050.0,18720.0,18330.0,Card,Amit Kumar
TX02075,2026-03-27,Smartphone X,Electronics,South,New,2,42000,0,84000.0,60480.0,23520.0,Net Banking,Rahul Sharma
TX02076,2026-05-20,Gaming Mouse 8K,Electronics,South,New,2,3200,5,6080.0,3520.0,2560.0,UPI,Amit Kumar
TX02077,2026-07-04,Tablet Pro 11,Electronics,South,Returning,2,38000,5,72200.0,57000.0,15200.0,Cash,Rahul Sharma
TX02078,2026-05-17,Bookshelf Wooden,Furniture,North,Returning,2,8900,0,17800.0,10324.0,7476.0,UPI,Amit Kumar
TX02079,2026-07-26,Laptop Pro 15,Electronics,North,Returning,5,68000,0,340000.0,265200.0,74800.0,UPI,Rahul Sharma
TX02080,2026-07-08,Air Purifier Pro,Home Appliances,Central,New,4,16500,5,62700.0,43560.0,19140.0,Card,Kavita Reddy
TX02081,2026-05-06,Pro Runner Shoes,Footwear,Central,New,1,6500,5,6175.0,3120.0,3055.0,Card,Ananya Roy
TX02082,2026-05-07,Denim Pants Premium,Clothing,South,New,2,2900,0,5800.0,2436.0,3364.0,Cash,Amit Kumar
TX02083,2026-04-06,Trail Hiking Boots,Footwear,South,New,1,8400,10,7560.0,4368.0,3192.0,Card,Priya Patel
TX02084,2026-02-10,Standing Desk Dual Engine,Furniture,North,Returning,7,34000,5,226100.0,161840.0,64260.0,UPI,Siddharth Rao
TX02085,2026-04-12,Smart Watch Series 7,Electronics,East,Returning,1,18500,5,17575.0,12580.0,4995.0,Card,Ananya Roy
TX02086,2026-05-26,Mechanical RGB Keyboard,Electronics,North,New,1,6200,15,5270.0,3596.0,1674.0,Card,Kavita Reddy
TX02087,2026-02-22,Executive Desk,Furniture,East,New,1,28000,0,28000.0,18200.0,9800.0,Card,Neha Singh
TX02088,2026-04-27,Smart Watch Series 7,Electronics,Central,Returning,5,18500,5,87875.0,62900.0,24975.0,Card,Vikas Verma
TX02089,2026-06-06,Cotton Polo Shirt,Clothing,North,New,1,1600,8,1472.0,640.0,832.0,UPI,Siddharth Rao
TX02090,2026-03-19,Coffee Maker Deluxe,Home Appliances,East,Returning,6,12800,5,72960.0,49152.0,23808.0,Card,Vikas Verma
TX02091,2026-06-08,Smartphone X,Electronics,North,Returning,6,42000,0,252000.0,181440.0,70560.0,Card,Neha Singh
TX02092,2026-07-06,Electric Kettle Stainless,Home Appliances,North,Returning,8,2400,12,16896.0,9984.0,6912.0,Cash,Siddharth Rao
TX02093,2026-05-23,4K Streaming WebCam,Electronics,North,Returning,4,7800,10,28080.0,19344.0,8736.0,Card,Kavita Reddy
TX02094,2026-02-05,Monitor 27 Ultra,Electronics,North,New,4,24000,5,91200.0,67200.0,24000.0,UPI,Ananya Roy
TX02095,2026-07-11,Smartphone X,Electronics,West,Returning,1,42000,5,39900.0,30240.0,9660.0,Card,Kavita Reddy
TX02096,2026-03-04,Mesh Task Chair,Furniture,North,Returning,5,7500,5,35625.0,22500.0,13125.0,Card,Priya Patel
TX02097,2026-06-25,Running Jacket Pro,Clothing,East,New,1,4800,0,4800.0,2160.0,2640.0,UPI,Vikas Verma
TX02098,2026-07-07,Laptop Sleeve 15,Accessories,North,Returning,8,1100,12,7744.0,3080.0,4664.0,UPI,Kavita Reddy
TX02099,2026-07-14,Bookshelf Wooden,Furniture,East,New,4,8900,8,32752.0,20648.0,12104.0,Cash,Siddharth Rao
TX02100,2026-07-05,Denim Pants Premium,Clothing,North,Returning,2,2900,0,5800.0,2436.0,3364.0,Card,Rahul Sharma
TX02101,2026-06-05,Travel Backpack 30L,Accessories,East,New,2,3500,10,6300.0,3150.0,3150.0,UPI,Neha Singh
TX02102,2026-07-27,Laptop Sleeve 15,Accessories,West,Returning,2,1100,20,1760.0,770.0,990.0,UPI,Rahul Sharma
TX02103,2026-02-18,Mesh Task Chair,Furniture,North,Returning,3,7500,0,22500.0,13500.0,9000.0,Card,Kavita Reddy
TX02104,2026-06-19,Portable SSD 2TB,Electronics,North,New,2,12500,8,23000.0,17500.0,5500.0,Card,Vikas Verma
TX02105,2026-02-25,Smart Watch Series 7,Electronics,North,Returning,8,18500,12,130240.0,100640.0,29600.0,Cash,Priya Patel
TX02106,2026-05-25,Smartphone X,Electronics,West,Returning,5,42000,32,142800.0,151200.0,-8400.0,Card,Rahul Sharma
TX02107,2026-02-19,Electric Kettle Stainless,Home Appliances,Central,New,2,2400,0,4800.0,2496.0,2304.0,UPI,Ananya Roy
TX02108,2026-06-14,Laptop Sleeve 15,Accessories,West,New,4,1100,15,3740.0,1540.0,2200.0,UPI,Rahul Sharma
TX02109,2026-06-19,Ergonomic Office Chair,Furniture,North,New,1,14500,5,13775.0,8990.0,4785.0,UPI,Priya Patel
TX02110,2026-03-19,Executive Desk,Furniture,South,New,4,28000,0,112000.0,72800.0,39200.0,Card,Priya Patel
TX02111,2026-03-13,Laptop Sleeve 15,Accessories,Central,Returning,5,1100,10,4950.0,1925.0,3025.0,Card,Siddharth Rao
TX02112,2026-06-24,Laptop Sleeve 15,Accessories,North,Returning,7,1100,5,7315.0,2695.0,4620.0,Net Banking,Kavita Reddy
TX02113,2026-07-21,Tablet Pro 11,Electronics,South,Returning,4,38000,8,139840.0,114000.0,25840.0,UPI,Priya Patel
TX02114,2026-06-29,Pro Runner Shoes,Footwear,North,Returning,8,6500,12,45760.0,24960.0,20800.0,Card,Amit Kumar
TX02115,2026-06-05,Denim Pants Premium,Clothing,West,Returning,4,2900,0,11600.0,4872.0,6728.0,UPI,Priya Patel
TX02116,2026-05-29,Electric Kettle Stainless,Home Appliances,North,Returning,7,2400,8,15456.0,8736.0,6720.0,UPI,Siddharth Rao
TX02117,2026-05-10,Monitor Arm Dual Mount,Furniture,West,Returning,7,4200,0,29400.0,14700.0,14700.0,Card,Vikas Verma
TX02118,2026-03-11,Wireless Earbuds,Electronics,South,New,3,4500,0,13500.0,8100.0,5400.0,UPI,Ananya Roy
TX02119,2026-06-29,Monitor Arm Dual Mount,Furniture,West,New,2,4200,0,8400.0,4200.0,4200.0,Net Banking,Neha Singh
TX02120,2026-04-10,Electric Kettle Stainless,Home Appliances,East,Returning,1,2400,12,2112.0,1248.0,864.0,UPI,Vikas Verma
TX02121,2026-05-13,Travel Backpack 30L,Accessories,North,Returning,8,3500,8,25760.0,12600.0,13160.0,UPI,Rahul Sharma
TX02122,2026-07-10,Wireless Earbuds,Electronics,North,New,1,4500,5,4275.0,2700.0,1575.0,Card,Neha Singh
TX02123,2026-05-03,Portable SSD 2TB,Electronics,Central,Returning,7,12500,0,87500.0,61250.0,26250.0,UPI,Siddharth Rao
TX02124,2026-02-01,Formal Suit Blazer,Clothing,North,New,3,11500,0,34500.0,18975.0,15525.0,Card,Siddharth Rao
TX02125,2026-04-27,Smartphone X,Electronics,Central,New,3,42000,10,113400.0,90720.0,22680.0,Card,Vikas Verma
TX02126,2026-03-04,Mechanical RGB Keyboard,Electronics,South,Returning,4,6200,8,22816.0,14384.0,8432.0,UPI,Siddharth Rao
TX02127,2026-05-14,Wireless Earbuds,Electronics,East,Returning,2,4500,10,8100.0,5400.0,2700.0,UPI,Vikas Verma
TX02128,2026-07-03,Monitor 27 Ultra,Electronics,East,Returning,1,24000,10,21600.0,16800.0,4800.0,Card,Amit Kumar
TX02129,2026-02-25,Running Jacket Pro,Clothing,North,New,1,4800,10,4320.0,2160.0,2160.0,Cash,Amit Kumar
TX02130,2026-05-12,Robotic Vacuum X,Home Appliances,Central,Returning,4,26000,8,95680.0,72800.0,22880.0,Card,Kavita Reddy
TX02131,2026-04-21,Laptop Sleeve 15,Accessories,South,New,1,1100,0,1100.0,385.0,715.0,Card,Ananya Roy
TX02132,2026-07-19,Tablet Pro 11,Electronics,North,Returning,3,38000,0,114000.0,85500.0,28500.0,Card,Kavita Reddy
TX02133,2026-05-04,Monitor Arm Dual Mount,Furniture,West,New,1,4200,5,3990.0,2100.0,1890.0,UPI,Priya Patel
TX02134,2026-05-20,Tablet Pro 11,Electronics,North,Returning,7,38000,0,266000.0,199500.0,66500.0,UPI,Siddharth Rao
TX02135,2026-07-16,Noise Cancelling Headphones,Electronics,North,Returning,6,14500,5,82650.0,56550.0,26100.0,UPI,Kavita Reddy
TX02136,2026-02-02,Tablet Pro 11,Electronics,North,Returning,5,38000,10,171000.0,142500.0,28500.0,UPI,Vikas Verma
TX02137,2026-03-18,Tablet Pro 11,Electronics,South,New,4,38000,8,139840.0,114000.0,25840.0,UPI,Siddharth Rao
TX02138,2026-05-22,Leather Slim Wallet,Accessories,South,New,4,1400,0,5600.0,2128.0,3472.0,UPI,Vikas Verma
TX02139,2026-04-22,Pro Runner Shoes,Footwear,West,Returning,8,6500,0,52000.0,24960.0,27040.0,Cash,Kavita Reddy
TX02140,2026-04-20,Windbreaker Hooded,Clothing,Central,New,1,3800,5,3610.0,1748.0,1862.0,UPI,Ananya Roy
TX02141,2026-04-08,Electric Kettle Stainless,Home Appliances,West,Returning,3,2400,10,6480.0,3744.0,2736.0,UPI,Vikas Verma
TX02142,2026-02-14,Mechanical RGB Keyboard,Electronics,South,New,3,6200,0,18600.0,10788.0,7812.0,UPI,Siddharth Rao
TX02143,2026-03-14,Ergonomic Office Chair,Furniture,North,New,2,14500,15,24650.0,17980.0,6670.0,Card,Siddharth Rao
TX02144,2026-06-03,Travel Backpack 30L,Accessories,South,New,3,3500,8,9660.0,4725.0,4935.0,UPI,Priya Patel
TX02145,2026-02-21,Ergonomic Office Chair,Furniture,South,Returning,2,14500,5,27550.0,17980.0,9570.0,Net Banking,Vikas Verma
TX02146,2026-06-17,MagSafe Power Bank,Accessories,East,Returning,1,3200,10,2880.0,1664.0,1216.0,Net Banking,Rahul Sharma
TX02147,2026-02-28,Travel Backpack 30L,Accessories,East,Returning,8,3500,8,25760.0,12600.0,13160.0,Net Banking,Amit Kumar
TX02148,2026-03-23,Smart Watch Series 7,Electronics,North,Returning,6,18500,5,105450.0,75480.0,29970.0,Card,Rahul Sharma
TX02149,2026-04-11,Casual Leather Loafers,Footwear,North,Returning,5,4200,10,18900.0,10500.0,8400.0,Card,Siddharth Rao
TX02150,2026-02-20,4K Streaming WebCam,Electronics,West,Returning,1,7800,0,7800.0,4836.0,2964.0,UPI,Kavita Reddy
TX02151,2026-04-29,Bookshelf Wooden,Furniture,South,Returning,7,8900,10,56070.0,36134.0,19936.0,Card,Kavita Reddy
TX02152,2026-06-22,Coffee Maker Deluxe,Home Appliances,Central,Returning,6,12800,20,61440.0,49152.0,12288.0,Net Banking,Amit Kumar
TX02153,2026-04-21,Noise Cancelling Headphones,Electronics,North,Returning,4,14500,5,55100.0,37700.0,17400.0,Cash,Ananya Roy
TX02154,2026-04-10,Tablet Pro 11,Electronics,North,Returning,5,38000,0,190000.0,142500.0,47500.0,UPI,Kavita Reddy
TX02155,2026-04-28,4K Streaming WebCam,Electronics,West,Returning,2,7800,0,15600.0,9672.0,5928.0,Net Banking,Amit Kumar
TX02156,2026-05-26,Denim Pants Premium,Clothing,West,Returning,8,2900,8,21344.0,9744.0,11600.0,Card,Priya Patel
TX02157,2026-05-27,Casual Leather Loafers,Footwear,Central,New,2,4200,0,8400.0,4200.0,4200.0,UPI,Amit Kumar
TX02158,2026-06-06,Portable SSD 2TB,Electronics,North,Returning,7,12500,8,80500.0,61250.0,19250.0,Cash,Kavita Reddy
TX02159,2026-05-02,Laptop Pro 15,Electronics,West,New,1,68000,27,49640.0,53040.0,-3400.0,Card,Neha Singh
TX02160,2026-02-11,Mesh Task Chair,Furniture,South,Returning,1,7500,5,7125.0,4500.0,2625.0,Net Banking,Neha Singh
TX02161,2026-04-25,Laptop Sleeve 15,Accessories,West,New,2,1100,0,2200.0,770.0,1430.0,UPI,Vikas Verma
TX02162,2026-02-04,Monitor 27 Ultra,Electronics,West,Returning,2,24000,5,45600.0,33600.0,12000.0,Card,Siddharth Rao
TX02163,2026-05-24,Travel Backpack 30L,Accessories,East,Returning,2,3500,10,6300.0,3150.0,3150.0,UPI,Amit Kumar
TX02164,2026-04-13,Mesh Task Chair,Furniture,South,Returning,6,7500,0,45000.0,27000.0,18000.0,UPI,Neha Singh
TX02165,2026-06-17,Air Purifier Pro,Home Appliances,West,Returning,4,16500,5,62700.0,43560.0,19140.0,Card,Priya Patel
TX02166,2026-02-04,Windbreaker Hooded,Clothing,North,Returning,3,3800,5,10830.0,5244.0,5586.0,Net Banking,Vikas Verma
TX02167,2026-06-18,Robotic Vacuum X,Home Appliances,West,Returning,7,26000,20,145600.0,127400.0,18200.0,Card,Amit Kumar
TX02168,2026-07-27,Tablet Pro 11,Electronics,South,Returning,8,38000,5,288800.0,228000.0,60800.0,UPI,Kavita Reddy
TX02169,2026-02-27,Running Jacket Pro,Clothing,West,Returning,5,4800,5,22800.0,10800.0,12000.0,UPI,Priya Patel
TX02170,2026-07-04,Robotic Vacuum X,Home Appliances,West,New,2,26000,12,45760.0,36400.0,9360.0,Cash,Neha Singh
TX02171,2026-07-02,Casual Leather Loafers,Footwear,North,New,1,4200,0,4200.0,2100.0,2100.0,UPI,Kavita Reddy
TX02172,2026-02-08,Electric Kettle Stainless,Home Appliances,Central,New,2,2400,20,3840.0,2496.0,1344.0,Card,Rahul Sharma
TX02173,2026-06-28,Standing Desk Dual Engine,Furniture,North,New,1,34000,0,34000.0,23120.0,10880.0,UPI,Rahul Sharma
TX02174,2026-02-05,Wireless Earbuds,Electronics,West,New,4,4500,5,17100.0,10800.0,6300.0,UPI,Rahul Sharma
TX02175,2026-06-11,Travel Backpack 30L,Accessories,West,New,1,3500,10,3150.0,1575.0,1575.0,UPI,Siddharth Rao
TX02176,2026-02-24,Denim Pants Premium,Clothing,North,Returning,5,2900,12,12760.0,6090.0,6670.0,Card,Priya Patel
TX02177,2026-07-01,Laptop Sleeve 15,Accessories,West,Returning,5,1100,5,5225.0,1925.0,3300.0,Card,Amit Kumar
TX02178,2026-03-22,Windbreaker Hooded,Clothing,South,Returning,6,3800,10,20520.0,10488.0,10032.0,Card,Rahul Sharma
TX02179,2026-02-01,Executive Desk,Furniture,West,Returning,8,28000,10,201600.0,145600.0,56000.0,UPI,Amit Kumar
TX02180,2026-02-01,Air Purifier Pro,Home Appliances,West,New,3,16500,15,42075.0,32670.0,9405.0,Card,Kavita Reddy
TX02181,2026-02-20,Formal Suit Blazer,Clothing,North,Returning,7,11500,5,76475.0,44275.0,32200.0,Cash,Siddharth Rao
TX02182,2026-05-20,Running Jacket Pro,Clothing,North,New,4,4800,12,16896.0,8640.0,8256.0,UPI,Priya Patel
TX02183,2026-02-24,Bookshelf Wooden,Furniture,Central,New,4,8900,5,33820.0,20648.0,13172.0,UPI,Vikas Verma
TX02184,2026-07-09,Travel Backpack 30L,Accessories,North,Returning,6,3500,10,18900.0,9450.0,9450.0,Card,Siddharth Rao
TX02185,2026-05-19,Executive Desk,Furniture,South,New,4,28000,0,112000.0,72800.0,39200.0,Card,Rahul Sharma
TX02186,2026-06-16,Bookshelf Wooden,Furniture,East,Returning,2,8900,5,16910.0,10324.0,6586.0,Net Banking,Kavita Reddy
TX02187,2026-07-08,Wireless Earbuds,Electronics,South,New,4,4500,0,18000.0,10800.0,7200.0,Card,Priya Patel
TX02188,2026-06-26,Trail Hiking Boots,Footwear,Central,New,2,8400,0,16800.0,8736.0,8064.0,Net Banking,Amit Kumar
TX02189,2026-05-22,Coffee Maker Deluxe,Home Appliances,South,Returning,3,12800,5,36480.0,24576.0,11904.0,UPI,Priya Patel
TX02190,2026-06-22,Laptop Pro 15,Electronics,West,Returning,6,68000,12,359040.0,318240.0,40800.0,Net Banking,Kavita Reddy
TX02191,2026-05-04,Formal Suit Blazer,Clothing,East,Returning,2,11500,5,21850.0,12650.0,9200.0,Card,Priya Patel
TX02192,2026-07-22,Noise Cancelling Headphones,Electronics,East,New,2,14500,10,26100.0,18850.0,7250.0,UPI,Amit Kumar
TX02193,2026-04-13,Smart Watch Series 7,Electronics,East,Returning,3,18500,5,52725.0,37740.0,14985.0,UPI,Amit Kumar
TX02194,2026-07-05,Travel Backpack 30L,Accessories,South,Returning,8,3500,0,28000.0,12600.0,15400.0,Card,Vikas Verma
TX02195,2026-05-05,Running Jacket Pro,Clothing,Central,New,3,4800,8,13248.0,6480.0,6768.0,UPI,Rahul Sharma
TX02196,2026-04-23,Pro Runner Shoes,Footwear,West,New,2,6500,0,13000.0,6240.0,6760.0,Cash,Kavita Reddy
TX02197,2026-02-01,Smartphone X,Electronics,Central,New,4,42000,0,168000.0,120960.0,47040.0,Card,Ananya Roy
TX02198,2026-05-16,Running Jacket Pro,Clothing,Central,Returning,4,4800,10,17280.0,8640.0,8640.0,UPI,Kavita Reddy
TX02199,2026-03-18,Laptop Sleeve 15,Accessories,North,Returning,6,1100,12,5808.0,2310.0,3498.0,Cash,Vikas Verma
TX02200,2026-02-02,Tablet Pro 11,Electronics,North,Returning,3,38000,0,114000.0,85500.0,28500.0,UPI,Kavita Reddy
TX02201,2026-04-03,Smart Watch Series 7,Electronics,North,New,4,18500,12,65120.0,50320.0,14800.0,Card,Ananya Roy
TX02202,2026-02-02,Travel Backpack 30L,Accessories,North,Returning,1,3500,0,3500.0,1575.0,1925.0,Card,Rahul Sharma
TX02203,2026-07-07,Ergonomic Office Chair,Furniture,West,Returning,2,14500,20,23200.0,17980.0,5220.0,Card,Ananya Roy
TX02204,2026-03-20,Pro Runner Shoes,Footwear,North,Returning,6,6500,0,39000.0,18720.0,20280.0,Cash,Kavita Reddy
TX02205,2026-02-14,Noise Cancelling Headphones,Electronics,North,New,1,14500,10,13050.0,9425.0,3625.0,Card,Rahul Sharma
TX02206,2026-02-02,Travel Backpack 30L,Accessories,South,Returning,2,3500,12,6160.0,3150.0,3010.0,Card,Vikas Verma
TX02207,2026-06-24,Windbreaker Hooded,Clothing,West,New,2,3800,10,6840.0,3496.0,3344.0,Card,Siddharth Rao
TX02208,2026-07-02,Standing Desk Dual Engine,Furniture,West,New,2,34000,5,64600.0,46240.0,18360.0,UPI,Kavita Reddy
TX02209,2026-03-02,Smart Blender 1200W,Home Appliances,West,New,2,6800,15,11560.0,7888.0,3672.0,UPI,Vikas Verma
TX02210,2026-06-18,Smart Watch Series 7,Electronics,North,Returning,2,18500,0,37000.0,25160.0,11840.0,UPI,Amit Kumar
TX02211,2026-05-02,Electric Kettle Stainless,Home Appliances,North,New,4,2400,12,8448.0,4992.0,3456.0,UPI,Ananya Roy
TX02212,2026-05-24,Mesh Task Chair,Furniture,East,Returning,4,7500,0,30000.0,18000.0,12000.0,Net Banking,Siddharth Rao
TX02213,2026-06-16,Tablet Pro 11,Electronics,South,New,4,38000,0,152000.0,114000.0,38000.0,UPI,Neha Singh
TX02214,2026-07-01,Bookshelf Wooden,Furniture,Central,Returning,5,8900,12,39160.0,25810.0,13350.0,Card,Vikas Verma
TX02215,2026-03-18,Windbreaker Hooded,Clothing,West,New,3,3800,5,10830.0,5244.0,5586.0,UPI,Rahul Sharma
TX02216,2026-04-26,Formal Suit Blazer,Clothing,North,Returning,5,11500,8,52900.0,31625.0,21275.0,UPI,Kavita Reddy
TX02217,2026-07-09,Formal Suit Blazer,Clothing,South,New,4,11500,0,46000.0,25300.0,20700.0,Card,Rahul Sharma
TX02218,2026-07-03,Monitor 27 Ultra,Electronics,East,New,3,24000,0,72000.0,50400.0,21600.0,Card,Vikas Verma
TX02219,2026-02-08,Mechanical RGB Keyboard,Electronics,Central,New,1,6200,20,4960.0,3596.0,1364.0,Card,Siddharth Rao
TX02220,2026-02-25,Smartphone X,Electronics,North,Returning,8,42000,8,309120.0,241920.0,67200.0,UPI,Amit Kumar
TX02221,2026-03-16,Smartphone X,Electronics,South,Returning,4,42000,0,168000.0,120960.0,47040.0,Net Banking,Vikas Verma
TX02222,2026-07-29,Smart Watch Series 7,Electronics,West,Returning,2,18500,8,34040.0,25160.0,8880.0,UPI,Ananya Roy
TX02223,2026-06-25,Coffee Maker Deluxe,Home Appliances,West,New,2,12800,10,23040.0,16384.0,6656.0,Card,Rahul Sharma
TX02224,2026-02-21,Windbreaker Hooded,Clothing,North,New,2,3800,12,6688.0,3496.0,3192.0,UPI,Vikas Verma
TX02225,2026-05-24,Formal Suit Blazer,Clothing,North,New,4,11500,0,46000.0,25300.0,20700.0,UPI,Neha Singh
TX02226,2026-03-06,Trail Hiking Boots,Footwear,East,New,3,8400,8,23184.0,13104.0,10080.0,Card,Ananya Roy
TX02227,2026-07-15,Smartphone X,Electronics,Central,Returning,2,42000,0,84000.0,60480.0,23520.0,Net Banking,Vikas Verma
TX02228,2026-07-24,Standing Desk Dual Engine,Furniture,Central,Returning,1,34000,0,34000.0,23120.0,10880.0,Cash,Priya Patel
TX02229,2026-02-01,Running Jacket Pro,Clothing,South,Returning,4,4800,5,18240.0,8640.0,9600.0,Card,Vikas Verma
TX02230,2026-02-17,Wireless Earbuds,Electronics,East,Returning,2,4500,15,7650.0,5400.0,2250.0,Net Banking,Ananya Roy
TX02231,2026-07-08,Ergonomic Office Chair,Furniture,Central,New,2,14500,12,25520.0,17980.0,7540.0,Card,Ananya Roy
TX02232,2026-03-10,Monitor 27 Ultra,Electronics,South,New,1,24000,5,22800.0,16800.0,6000.0,Card,Rahul Sharma
TX02233,2026-07-15,Smartphone X,Electronics,South,Returning,1,42000,0,42000.0,30240.0,11760.0,UPI,Kavita Reddy
TX02234,2026-06-03,Mesh Task Chair,Furniture,North,Returning,4,7500,20,24000.0,18000.0,6000.0,Card,Amit Kumar
TX02235,2026-03-28,Executive Desk,Furniture,East,New,3,28000,10,75600.0,54600.0,21000.0,UPI,Siddharth Rao
TX02236,2026-06-06,Trail Hiking Boots,Footwear,South,Returning,3,8400,0,25200.0,13104.0,12096.0,UPI,Amit Kumar
TX02237,2026-07-13,Coffee Maker Deluxe,Home Appliances,West,New,2,12800,20,20480.0,16384.0,4096.0,UPI,Amit Kumar
TX02238,2026-05-12,Ergonomic Office Chair,Furniture,South,Returning,5,14500,0,72500.0,44950.0,27550.0,UPI,Amit Kumar
TX02239,2026-07-20,4K Streaming WebCam,Electronics,North,New,3,7800,10,21060.0,14508.0,6552.0,UPI,Rahul Sharma
TX02240,2026-06-27,Monitor 27 Ultra,Electronics,East,Returning,1,24000,5,22800.0,16800.0,6000.0,UPI,Siddharth Rao
TX02241,2026-06-11,Mesh Task Chair,Furniture,North,New,1,7500,0,7500.0,4500.0,3000.0,UPI,Neha Singh
TX02242,2026-03-07,Laptop Pro 15,Electronics,South,Returning,8,68000,0,544000.0,424320.0,119680.0,Cash,Kavita Reddy
TX02243,2026-04-24,Ergonomic Office Chair,Furniture,North,Returning,7,14500,0,101500.0,62930.0,38570.0,UPI,Neha Singh
TX02244,2026-04-03,Smart Blender 1200W,Home Appliances,West,Returning,1,6800,12,5984.0,3944.0,2040.0,UPI,Ananya Roy
TX02245,2026-05-02,MagSafe Power Bank,Accessories,North,New,4,3200,12,11264.0,6656.0,4608.0,Card,Amit Kumar
TX02246,2026-02-01,Casual Leather Loafers,Footwear,North,Returning,3,4200,0,12600.0,6300.0,6300.0,Card,Rahul Sharma
TX02247,2026-03-19,Executive Desk,Furniture,South,Returning,2,28000,8,51520.0,36400.0,15120.0,Card,Amit Kumar
TX02248,2026-02-18,Coffee Maker Deluxe,Home Appliances,Central,Returning,2,12800,5,24320.0,16384.0,7936.0,Net Banking,Rahul Sharma
TX02249,2026-07-26,Air Purifier Pro,Home Appliances,East,Returning,2,16500,5,31350.0,21780.0,9570.0,UPI,Ananya Roy
TX02250,2026-04-27,Smart Watch Series 7,Electronics,West,Returning,8,18500,8,136160.0,100640.0,35520.0,Card,Priya Patel
TX02251,2026-05-09,MagSafe Power Bank,Accessories,North,New,3,3200,12,8448.0,4992.0,3456.0,Card,Neha Singh
TX02252,2026-02-18,Robotic Vacuum X,Home Appliances,East,New,4,26000,12,91520.0,72800.0,18720.0,Cash,Vikas Verma
TX02253,2026-04-26,Cotton Polo Shirt,Clothing,West,Returning,3,1600,0,4800.0,1920.0,2880.0,Card,Amit Kumar
TX02254,2026-02-01,Tablet Pro 11,Electronics,North,New,3,38000,5,108300.0,85500.0,22800.0,Card,Neha Singh
TX02255,2026-03-07,4K Streaming WebCam,Electronics,North,New,3,7800,5,22230.0,14508.0,7722.0,UPI,Neha Singh
TX02256,2026-03-06,MagSafe Power Bank,Accessories,West,New,3,3200,5,9120.0,4992.0,4128.0,Card,Rahul Sharma
TX02257,2026-07-23,Noise Cancelling Headphones,Electronics,West,Returning,3,14500,0,43500.0,28275.0,15225.0,UPI,Rahul Sharma
TX02258,2026-04-12,4K Streaming WebCam,Electronics,North,New,4,7800,5,29640.0,19344.0,10296.0,Cash,Amit Kumar
TX02259,2026-07-29,Mechanical RGB Keyboard,Electronics,North,Returning,1,6200,12,5456.0,3596.0,1860.0,Card,Priya Patel
TX02260,2026-05-18,Formal Suit Blazer,Clothing,Central,New,4,11500,0,46000.0,25300.0,20700.0,Card,Rahul Sharma
TX02261,2026-04-30,Bookshelf Wooden,Furniture,Central,Returning,8,8900,5,67640.0,41296.0,26344.0,Net Banking,Priya Patel
TX02262,2026-07-07,Bookshelf Wooden,Furniture,North,New,1,8900,8,8188.0,5162.0,3026.0,Net Banking,Priya Patel
TX02263,2026-05-18,Wireless Earbuds,Electronics,South,New,1,4500,10,4050.0,2700.0,1350.0,UPI,Neha Singh
TX02264,2026-03-03,Smartphone X,Electronics,South,Returning,5,42000,0,210000.0,151200.0,58800.0,UPI,Amit Kumar
TX02265,2026-03-11,Smart Watch Series 7,Electronics,West,New,1,18500,5,17575.0,12580.0,4995.0,UPI,Rahul Sharma
TX02266,2026-05-05,Electric Kettle Stainless,Home Appliances,East,New,4,2400,10,8640.0,4992.0,3648.0,Net Banking,Kavita Reddy
TX02267,2026-02-11,Robotic Vacuum X,Home Appliances,North,New,2,26000,0,52000.0,36400.0,15600.0,Card,Siddharth Rao
TX02268,2026-05-04,Air Purifier Pro,Home Appliances,North,Returning,5,16500,0,82500.0,54450.0,28050.0,UPI,Siddharth Rao
TX02269,2026-05-12,Executive Desk,Furniture,West,Returning,4,28000,8,103040.0,72800.0,30240.0,Card,Ananya Roy
TX02270,2026-02-03,Cotton Polo Shirt,Clothing,East,New,4,1600,0,6400.0,2560.0,3840.0,Cash,Siddharth Rao
TX02271,2026-03-07,Pro Runner Shoes,Footwear,Central,New,3,6500,15,16575.0,9360.0,7215.0,UPI,Siddharth Rao
TX02272,2026-07-21,Noise Cancelling Headphones,Electronics,Central,Returning,6,14500,0,87000.0,56550.0,30450.0,UPI,Rahul Sharma
TX02273,2026-06-17,Leather Slim Wallet,Accessories,Central,Returning,2,1400,8,2576.0,1064.0,1512.0,Net Banking,Amit Kumar
TX02274,2026-07-14,Monitor Arm Dual Mount,Furniture,West,Returning,2,4200,8,7728.0,4200.0,3528.0,Card,Siddharth Rao
TX02275,2026-04-09,Bookshelf Wooden,Furniture,North,New,2,8900,12,15664.0,10324.0,5340.0,Card,Vikas Verma
TX02276,2026-05-29,Ergonomic Office Chair,Furniture,Central,Returning,6,14500,5,82650.0,53940.0,28710.0,UPI,Vikas Verma
TX02277,2026-03-24,Monitor 27 Ultra,Electronics,West,New,1,24000,8,22080.0,16800.0,5280.0,UPI,Kavita Reddy
TX02278,2026-05-15,Smartphone X,Electronics,South,Returning,6,42000,10,226800.0,181440.0,45360.0,Card,Siddharth Rao
TX02279,2026-07-27,Running Jacket Pro,Clothing,East,Returning,7,4800,5,31920.0,15120.0,16800.0,Cash,Vikas Verma
TX02280,2026-07-13,Formal Suit Blazer,Clothing,Central,New,2,11500,5,21850.0,12650.0,9200.0,Card,Vikas Verma
TX02281,2026-05-12,Robotic Vacuum X,Home Appliances,Central,Returning,7,26000,15,154700.0,127400.0,27300.0,UPI,Neha Singh
TX02282,2026-04-13,Noise Cancelling Headphones,Electronics,North,New,3,14500,0,43500.0,28275.0,15225.0,Card,Rahul Sharma
TX02283,2026-06-27,Formal Suit Blazer,Clothing,Central,Returning,5,11500,5,54625.0,31625.0,23000.0,Cash,Amit Kumar
TX02284,2026-05-14,4K Streaming WebCam,Electronics,South,Returning,7,7800,5,51870.0,33852.0,18018.0,Cash,Amit Kumar
TX02285,2026-03-01,Monitor Arm Dual Mount,Furniture,North,Returning,5,4200,0,21000.0,10500.0,10500.0,UPI,Priya Patel
TX02286,2026-04-10,Ergonomic Office Chair,Furniture,South,Returning,5,14500,0,72500.0,44950.0,27550.0,Card,Vikas Verma
TX02287,2026-07-17,Executive Desk,Furniture,North,Returning,7,28000,10,176400.0,127400.0,49000.0,UPI,Ananya Roy
TX02288,2026-04-21,Standing Desk Dual Engine,Furniture,West,New,4,34000,0,136000.0,92480.0,43520.0,Card,Neha Singh
TX02289,2026-02-27,Smartphone X,Electronics,North,Returning,2,42000,5,79800.0,60480.0,19320.0,Card,Ananya Roy
TX02290,2026-03-15,4K Streaming WebCam,Electronics,Central,New,4,7800,0,31200.0,19344.0,11856.0,Net Banking,Vikas Verma
TX02291,2026-04-23,Portable SSD 2TB,Electronics,North,Returning,5,12500,8,57500.0,43750.0,13750.0,UPI,Kavita Reddy
TX02292,2026-04-08,Running Jacket Pro,Clothing,West,Returning,8,4800,0,38400.0,17280.0,21120.0,Card,Amit Kumar
TX02293,2026-07-16,Smartphone X,Electronics,West,New,3,42000,12,110880.0,90720.0,20160.0,Cash,Neha Singh
TX02294,2026-05-25,Trail Hiking Boots,Footwear,South,Returning,7,8400,8,54096.0,30576.0,23520.0,UPI,Neha Singh
TX02295,2026-05-31,Laptop Pro 15,Electronics,North,Returning,1,68000,12,59840.0,53040.0,6800.0,Card,Ananya Roy
TX02296,2026-03-12,Casual Leather Loafers,Footwear,Central,New,3,4200,0,12600.0,6300.0,6300.0,Card,Rahul Sharma
TX02297,2026-02-10,Smartphone X,Electronics,Central,Returning,3,42000,8,115920.0,90720.0,25200.0,UPI,Amit Kumar
TX02298,2026-04-23,Trail Hiking Boots,Footwear,West,Returning,2,8400,5,15960.0,8736.0,7224.0,Card,Neha Singh
TX02299,2026-06-27,Gaming Mouse 8K,Electronics,West,New,4,3200,5,12160.0,7040.0,5120.0,Card,Priya Patel
TX02300,2026-06-07,Portable SSD 2TB,Electronics,Central,New,2,12500,5,23750.0,17500.0,6250.0,UPI,Amit Kumar
TX02301,2026-06-13,Electric Kettle Stainless,Home Appliances,North,Returning,3,2400,5,6840.0,3744.0,3096.0,Card,Kavita Reddy
TX02302,2026-04-05,Coffee Maker Deluxe,Home Appliances,North,New,3,12800,,34560.0,24576.0,9984.0,Cash,Neha Singh
TX02303,2026-04-02,4K Streaming WebCam,Electronics,North,Returning,8,7800,0,62400.0,38688.0,23712.0,Card,Amit Kumar
TX02304,2026-02-01,Denim Pants Premium,Clothing,South,Returning,4,2900,10,10440.0,4872.0,5568.0,UPI,Neha Singh
TX02305,2026-05-20,Pro Runner Shoes,Footwear,North,New,1,6500,5,6175.0,3120.0,3055.0,UPI,Rahul Sharma
TX02306,2026-06-22,Trail Hiking Boots,Footwear,North,New,4,8400,10,30240.0,17472.0,12768.0,UPI,Amit Kumar
TX02307,2026-03-24,Robotic Vacuum X,Home Appliances,North,New,1,26000,0,26000.0,18200.0,7800.0,UPI,Neha Singh
TX02308,2026-06-23,Ergonomic Office Chair,Furniture,West,Returning,8,14500,8,106720.0,71920.0,34800.0,Cash,Siddharth Rao
TX02309,2026-04-09,Mesh Task Chair,Furniture,West,Returning,6,7500,5,42750.0,27000.0,15750.0,UPI,Amit Kumar
TX02310,2026-03-26,Standing Desk Dual Engine,Furniture,Central,Returning,3,34000,15,86700.0,69360.0,17340.0,Net Banking,Rahul Sharma
TX02311,2026-07-13,Mechanical RGB Keyboard,Electronics,West,New,2,6200,0,12400.0,7192.0,5208.0,Net Banking,Amit Kumar
TX02312,2026-07-21,Ergonomic Office Chair,Furniture,North,Returning,7,14500,0,101500.0,62930.0,38570.0,UPI,Ananya Roy
TX02313,2026-03-27,Air Purifier Pro,Home Appliances,West,Returning,4,16500,10,59400.0,43560.0,15840.0,Card,Kavita Reddy
TX02314,2026-04-04,Wireless Earbuds,Electronics,West,New,1,4500,0,4500.0,2700.0,1800.0,Card,Kavita Reddy
TX02315,2026-04-12,Mechanical RGB Keyboard,Electronics,West,New,3,6200,0,18600.0,10788.0,7812.0,Card,Vikas Verma
TX02316,2026-03-04,Windbreaker Hooded,Clothing,North,Returning,2,3800,0,7600.0,3496.0,4104.0,UPI,Siddharth Rao
TX02317,2026-07-20,Tablet Pro 11,Electronics,East,New,4,38000,0,152000.0,114000.0,38000.0,Cash,Kavita Reddy
TX02318,2026-07-19,Air Purifier Pro,Home Appliances,South,New,3,16500,10,44550.0,32670.0,11880.0,UPI,Ananya Roy
TX02319,2026-04-06,Wireless Earbuds,Electronics,West,Returning,2,4500,5,8550.0,5400.0,3150.0,UPI,Vikas Verma
TX02320,2026-02-19,Wireless Earbuds,Electronics,East,Returning,6,4500,0,27000.0,16200.0,10800.0,UPI,Priya Patel
TX02321,2026-06-28,Robotic Vacuum X,Home Appliances,East,New,3,26000,5,74100.0,54600.0,19500.0,Card,Amit Kumar
TX02322,2026-02-16,Travel Backpack 30L,Accessories,West,Returning,1,3500,0,3500.0,1575.0,1925.0,UPI,Amit Kumar
TX02323,2026-07-21,Laptop Pro 15,Electronics,North,Returning,8,68000,0,544000.0,424320.0,119680.0,Card,Priya Patel
TX02324,2026-03-11,Cotton Polo Shirt,Clothing,North,New,2,1600,10,2880.0,1280.0,1600.0,UPI,Siddharth Rao
TX02325,2026-05-30,Trail Hiking Boots,Footwear,South,Returning,8,8400,0,67200.0,34944.0,32256.0,UPI,Kavita Reddy
TX02326,2026-06-04,Bookshelf Wooden,Furniture,North,Returning,3,8900,0,26700.0,15486.0,11214.0,Card,Rahul Sharma
TX02327,2026-05-29,Formal Suit Blazer,Clothing,West,Returning,8,11500,8,84640.0,50600.0,34040.0,UPI,Neha Singh
TX02328,2026-07-14,Standing Desk Dual Engine,Furniture,Central,Returning,5,34000,0,170000.0,115600.0,54400.0,Card,Siddharth Rao
TX02329,2026-04-26,Cotton Polo Shirt,Clothing,North,Returning,6,1600,0,9600.0,3840.0,5760.0,UPI,Rahul Sharma
TX02330,2026-03-13,Gaming Mouse 8K,Electronics,East,New,1,3200,10,2880.0,1760.0,1120.0,Card,Siddharth Rao
TX02331,2026-04-11,Denim Pants Premium,Clothing,East,Returning,5,2900,5,13775.0,6090.0,7685.0,Card,Rahul Sharma
TX02332,2026-03-08,Smart Blender 1200W,Home Appliances,Central,Returning,5,6800,0,34000.0,19720.0,14280.0,Card,Siddharth Rao
TX02333,2026-06-08,Electric Kettle Stainless,Home Appliances,South,Returning,8,2400,12,16896.0,9984.0,6912.0,Cash,Priya Patel
TX02334,2026-05-19,Executive Desk,Furniture,South,New,1,28000,0,28000.0,18200.0,9800.0,UPI,Rahul Sharma
TX02335,2026-05-16,Monitor Arm Dual Mount,Furniture,South,Returning,8,4200,0,33600.0,16800.0,16800.0,Card,Siddharth Rao
TX02336,2026-04-11,Pro Runner Shoes,Footwear,East,Returning,8,6500,0,52000.0,24960.0,27040.0,Cash,Ananya Roy
TX02337,2026-03-08,Robotic Vacuum X,Home Appliances,North,New,3,26000,5,74100.0,54600.0,19500.0,Card,Amit Kumar
TX02338,2026-05-06,Coffee Maker Deluxe,Home Appliances,North,Returning,8,12800,5,97280.0,65536.0,31744.0,UPI,Vikas Verma
TX02339,2026-04-02,Smart Watch Series 7,Electronics,West,Returning,6,18500,8,102120.0,75480.0,26640.0,UPI,Vikas Verma
TX02340,2026-05-17,Pro Runner Shoes,Footwear,North,Returning,5,6500,12,28600.0,15600.0,13000.0,Net Banking,Vikas Verma
TX02341,2026-03-29,Cotton Polo Shirt,Clothing,West,Returning,5,1600,8,7360.0,3200.0,4160.0,UPI,Neha Singh
TX02342,2026-07-06,Monitor Arm Dual Mount,Furniture,West,Returning,5,4200,0,21000.0,10500.0,10500.0,Card,Neha Singh
TX02343,2026-06-28,Running Jacket Pro,Clothing,West,New,2,4800,0,9600.0,4320.0,5280.0,UPI,Ananya Roy
TX02344,2026-06-09,Smart Blender 1200W,Home Appliances,North,Returning,4,6800,20,21760.0,15776.0,5984.0,Card,Vikas Verma
TX02345,2026-02-26,Monitor Arm Dual Mount,Furniture,North,Returning,8,4200,0,33600.0,16800.0,16800.0,Card,Priya Patel
TX02346,2026-06-03,Monitor 27 Ultra,Electronics,East,New,3,24000,0,72000.0,50400.0,21600.0,Card,Siddharth Rao
TX02347,2026-05-06,Formal Suit Blazer,Clothing,East,Returning,3,11500,0,34500.0,18975.0,15525.0,UPI,Vikas Verma
TX02348,2026-04-13,Pro Runner Shoes,Footwear,West,New,1,6500,0,6500.0,3120.0,3380.0,Card,Rahul Sharma
TX02349,2026-02-08,4K Streaming WebCam,Electronics,Central,Returning,2,7800,0,15600.0,9672.0,5928.0,UPI,Kavita Reddy
TX02350,2026-04-27,Electric Kettle Stainless,Home Appliances,West,Returning,7,2400,0,16800.0,8736.0,8064.0,Card,Kavita Reddy
TX02351,2026-02-01,Pro Runner Shoes,Footwear,Central,New,2,6500,12,11440.0,6240.0,5200.0,UPI,Ananya Roy
TX02352,2026-06-22,Cotton Polo Shirt,Clothing,North,Returning,7,1600,5,10640.0,4480.0,6160.0,UPI,Neha Singh
TX02353,2026-06-19,Air Purifier Pro,Home Appliances,North,New,2,16500,0,33000.0,21780.0,11220.0,UPI,Amit Kumar
TX02354,2026-02-09,Monitor Arm Dual Mount,Furniture,North,Returning,3,4200,0,12600.0,6300.0,6300.0,UPI,Priya Patel
TX02355,2026-02-05,Cotton Polo Shirt,Clothing,North,Returning,7,1600,5,10640.0,4480.0,6160.0,Card,Siddharth Rao
TX02356,2026-06-19,Smartphone X,Electronics,North,Returning,6,42000,8,231840.0,181440.0,50400.0,Cash,Vikas Verma
TX02357,2026-05-09,Tablet Pro 11,Electronics,North,Returning,2,38000,8,69920.0,57000.0,12920.0,Net Banking,Kavita Reddy
TX02358,2026-04-15,Wireless Earbuds,Electronics,South,New,1,4500,0,4500.0,2700.0,1800.0,Cash,Rahul Sharma
TX02359,2026-03-12,Bookshelf Wooden,Furniture,East,Returning,6,8900,12,46992.0,30972.0,16020.0,UPI,Vikas Verma
TX02360,2026-05-20,Electric Kettle Stainless,Home Appliances,South,Returning,6,2400,8,13248.0,7488.0,5760.0,Card,Amit Kumar
TX02361,2026-03-23,Executive Desk,Furniture,North,Returning,4,28000,0,112000.0,72800.0,39200.0,UPI,Ananya Roy
TX02362,2026-05-14,Mechanical RGB Keyboard,Electronics,North,Returning,4,6200,0,24800.0,14384.0,10416.0,UPI,Siddharth Rao
TX02363,2026-05-31,Casual Leather Loafers,Footwear,North,Returning,7,4200,10,26460.0,14700.0,11760.0,UPI,Rahul Sharma
TX02364,2026-05-24,Pro Runner Shoes,Footwear,North,Returning,6,6500,10,35100.0,18720.0,16380.0,UPI,Rahul Sharma
TX02365,2026-03-17,Running Jacket Pro,Clothing,East,New,1,4800,12,4224.0,2160.0,2064.0,UPI,Neha Singh
TX02366,2026-06-29,Mesh Task Chair,Furniture,West,New,1,7500,0,7500.0,4500.0,3000.0,Card,Amit Kumar
TX02367,2026-02-12,Noise Cancelling Headphones,Electronics,East,Returning,1,14500,0,14500.0,9425.0,5075.0,Card,Amit Kumar
TX02368,2026-07-20,Noise Cancelling Headphones,Electronics,South,Returning,1,14500,5,13775.0,9425.0,4350.0,Cash,Siddharth Rao
TX02369,2026-04-08,Trail Hiking Boots,Footwear,West,Returning,8,8400,8,61824.0,34944.0,26880.0,Card,Ananya Roy
TX02370,2026-04-08,Smart Blender 1200W,Home Appliances,North,Returning,3,6800,12,17952.0,11832.0,6120.0,UPI,Ananya Roy
TX02371,2026-07-14,Bookshelf Wooden,Furniture,East,Returning,3,8900,10,24030.0,15486.0,8544.0,Card,Amit Kumar
TX02372,2026-04-28,Laptop Sleeve 15,Accessories,West,New,2,1100,0,2200.0,770.0,1430.0,UPI,Ananya Roy
TX02373,2026-05-10,Electric Kettle Stainless,Home Appliances,West,New,3,2400,12,6336.0,3744.0,2592.0,Card,Amit Kumar
TX02374,2026-04-05,Leather Slim Wallet,Accessories,North,New,1,1400,10,1260.0,532.0,728.0,UPI,Priya Patel
TX02375,2026-02-23,Tablet Pro 11,Electronics,North,Returning,1,38000,0,38000.0,28500.0,9500.0,UPI,Siddharth Rao
TX02376,2026-07-08,Tablet Pro 11,Electronics,West,Returning,2,38000,5,72200.0,57000.0,15200.0,UPI,Kavita Reddy
TX02377,2026-04-16,Monitor 27 Ultra,Electronics,West,Returning,3,24000,5,68400.0,50400.0,18000.0,Card,Vikas Verma
TX02378,2026-07-28,Coffee Maker Deluxe,Home Appliances,North,New,1,12800,5,12160.0,8192.0,3968.0,UPI,Amit Kumar
TX02379,2026-06-07,Robotic Vacuum X,Home Appliances,West,New,4,26000,0,104000.0,72800.0,31200.0,UPI,Vikas Verma
TX02380,2026-03-11,4K Streaming WebCam,Electronics,North,New,3,7800,8,21528.0,14508.0,7020.0,UPI,Siddharth Rao
TX02381,2026-03-22,Executive Desk,Furniture,West,New,2,28000,0,56000.0,36400.0,19600.0,UPI,Vikas Verma
TX02382,2026-05-25,Smartphone X,Electronics,South,Returning,8,42000,5,319200.0,241920.0,77280.0,Card,Ananya Roy
TX02383,2026-02-04,Running Jacket Pro,Clothing,South,Returning,1,4800,10,4320.0,2160.0,2160.0,Card,Siddharth Rao
TX02384,2026-06-10,Coffee Maker Deluxe,Home Appliances,North,Returning,6,12800,0,76800.0,49152.0,27648.0,Card,Kavita Reddy
TX02385,2026-04-07,Ergonomic Office Chair,Furniture,South,Returning,4,14500,0,58000.0,35960.0,22040.0,Cash,Ananya Roy
TX02386,2026-05-18,Bookshelf Wooden,Furniture,South,Returning,8,8900,5,67640.0,41296.0,26344.0,Card,Amit Kumar
TX02387,2026-05-03,4K Streaming WebCam,Electronics,North,New,4,7800,0,31200.0,19344.0,11856.0,UPI,Amit Kumar
TX02388,2026-02-08,Air Purifier Pro,Home Appliances,East,Returning,3,16500,5,47025.0,32670.0,14355.0,UPI,Ananya Roy
TX02389,2026-05-17,Standing Desk Dual Engine,Furniture,North,Returning,6,34000,10,183600.0,138720.0,44880.0,Card,Siddharth Rao
TX02390,2026-04-01,Pro Runner Shoes,Footwear,North,Returning,3,6500,8,17940.0,9360.0,8580.0,UPI,Vikas Verma
TX02391,2026-07-21,Ergonomic Office Chair,Furniture,North,New,3,14500,8,40020.0,26970.0,13050.0,Card,Rahul Sharma
TX02392,2026-07-16,Formal Suit Blazer,Clothing,North,New,1,11500,0,11500.0,6325.0,5175.0,Card,Rahul Sharma
TX02393,2026-02-12,Running Jacket Pro,Clothing,East,Returning,4,4800,8,17664.0,8640.0,9024.0,UPI,Priya Patel
TX02394,2026-03-18,4K Streaming WebCam,Electronics,North,Returning,2,7800,5,14820.0,9672.0,5148.0,UPI,Priya Patel
TX02395,2026-05-07,4K Streaming WebCam,Electronics,West,Returning,8,7800,24,47424.0,38688.0,8736.0,UPI,Rahul Sharma
TX02396,2026-02-27,Gaming Mouse 8K,Electronics,East,New,1,3200,5,3040.0,1760.0,1280.0,Net Banking,Amit Kumar
TX02397,2026-07-23,Laptop Pro 15,Electronics,North,New,4,68000,5,258400.0,212160.0,46240.0,Card,Neha Singh
TX02398,2026-04-22,MagSafe Power Bank,Accessories,South,Returning,7,3200,8,20608.0,11648.0,8960.0,UPI,Siddharth Rao
TX02399,2026-04-21,Gaming Mouse 8K,Electronics,East,Returning,4,3200,0,12800.0,7040.0,5760.0,UPI,Amit Kumar
TX02400,2026-05-23,4K Streaming WebCam,Electronics,North,New,1,7800,0,7800.0,4836.0,2964.0,UPI,Vikas Verma
TX02401,2026-03-14,Mesh Task Chair,Furniture,East,Returning,2,7500,0,15000.0,9000.0,6000.0,Card,Priya Patel
TX02402,2026-02-24,Travel Backpack 30L,Accessories,West,Returning,7,3500,5,23275.0,11025.0,12250.0,Card,Vikas Verma
TX02403,2026-06-28,MagSafe Power Bank,Accessories,North,New,2,3200,0,6400.0,3328.0,3072.0,Card,Rahul Sharma
TX02404,2026-03-29,Pro Runner Shoes,Footwear,South,New,2,6500,8,11960.0,6240.0,5720.0,UPI,Ananya Roy
TX02405,2026-03-23,Portable SSD 2TB,Electronics,East,New,4,12500,0,50000.0,35000.0,15000.0,UPI,Ananya Roy
TX02406,2026-07-12,Monitor 27 Ultra,Electronics,South,New,2,24000,12,42240.0,33600.0,8640.0,Cash,Rahul Sharma
TX02407,2026-05-02,Portable SSD 2TB,Electronics,Central,Returning,3,12500,8,34500.0,26250.0,8250.0,Card,Rahul Sharma
TX02408,2026-02-16,Casual Leather Loafers,Footwear,South,Returning,3,4200,10,11340.0,6300.0,5040.0,Card,Neha Singh
TX02409,2026-03-31,Ergonomic Office Chair,Furniture,West,Returning,4,14500,12,51040.0,35960.0,15080.0,Card,Siddharth Rao
TX02410,2026-07-23,Standing Desk Dual Engine,Furniture,North,Returning,2,34000,5,64600.0,46240.0,18360.0,Card,Siddharth Rao
TX02411,2026-03-18,Electric Kettle Stainless,Home Appliances,South,New,3,2400,15,6120.0,3744.0,2376.0,UPI,Priya Patel
TX02412,2026-03-21,4K Streaming WebCam,Electronics,West,Returning,4,7800,12,27456.0,19344.0,8112.0,Card,Amit Kumar
TX02413,2026-02-26,Laptop Sleeve 15,Accessories,West,New,2,1100,5,2090.0,770.0,1320.0,Card,Priya Patel
TX02414,2026-06-16,Travel Backpack 30L,Accessories,South,Returning,1,3500,5,3325.0,1575.0,1750.0,Cash,Kavita Reddy
TX02415,2026-05-10,Mechanical RGB Keyboard,Electronics,West,Returning,6,6200,31,25668.0,21576.0,4092.0,Card,Rahul Sharma
TX02416,2026-07-13,MagSafe Power Bank,Accessories,North,Returning,5,3200,0,16000.0,8320.0,7680.0,UPI,Amit Kumar
TX02417,2026-05-31,Casual Leather Loafers,Footwear,Central,New,1,4200,5,3990.0,2100.0,1890.0,Card,Neha Singh
TX02418,2026-06-19,Cotton Polo Shirt,Clothing,South,Returning,1,1600,20,1280.0,640.0,640.0,Cash,Amit Kumar
TX02419,2026-07-30,Electric Kettle Stainless,Home Appliances,South,Returning,7,2400,5,15960.0,8736.0,7224.0,Card,Ananya Roy
TX02420,2026-06-28,Mechanical RGB Keyboard,Electronics,North,Returning,5,6200,8,28520.0,17980.0,10540.0,Card,Amit Kumar
TX02421,2026-04-29,Windbreaker Hooded,Clothing,North,New,4,3800,8,13984.0,6992.0,6992.0,UPI,Kavita Reddy
TX02422,2026-04-18,Noise Cancelling Headphones,Electronics,East,Returning,8,14500,0,116000.0,75400.0,40600.0,Card,Siddharth Rao
TX02423,2026-05-20,Cotton Polo Shirt,Clothing,North,Returning,7,1600,5,10640.0,4480.0,6160.0,Card,Kavita Reddy
TX02424,2026-04-20,Leather Slim Wallet,Accessories,South,New,3,1400,5,3990.0,1596.0,2394.0,UPI,Neha Singh
TX02425,2026-07-06,Laptop Sleeve 15,Accessories,West,New,4,1100,0,4400.0,1540.0,2860.0,Cash,Ananya Roy
TX02426,2026-03-25,Electric Kettle Stainless,Home Appliances,West,Returning,2,2400,20,3840.0,2496.0,1344.0,UPI,Rahul Sharma
TX02427,2026-04-09,Denim Pants Premium,Clothing,South,Returning,3,2900,8,8004.0,3654.0,4350.0,Card,Siddharth Rao
TX02428,2026-02-03,Windbreaker Hooded,Clothing,Central,New,1,3800,0,3800.0,1748.0,2052.0,UPI,Kavita Reddy
TX02429,2026-02-11,Electric Kettle Stainless,Home Appliances,South,Returning,1,2400,0,2400.0,1248.0,1152.0,Card,Vikas Verma
TX02430,2026-06-17,Mesh Task Chair,Furniture,South,New,2,7500,0,15000.0,9000.0,6000.0,Cash,Neha Singh
TX02431,2026-07-21,Monitor 27 Ultra,Electronics,South,New,2,24000,8,44160.0,33600.0,10560.0,Card,Vikas Verma
TX02432,2026-02-28,Coffee Maker Deluxe,Home Appliances,South,Returning,1,12800,0,12800.0,8192.0,4608.0,Net Banking,Ananya Roy
TX02433,2026-02-04,Tablet Pro 11,Electronics,North,New,3,38000,8,104880.0,85500.0,19380.0,Card,Siddharth Rao
TX02434,2026-02-27,Coffee Maker Deluxe,Home Appliances,East,New,3,12800,5,36480.0,24576.0,11904.0,UPI,Vikas Verma
TX02435,2026-06-25,Executive Desk,Furniture,West,Returning,5,28000,5,133000.0,91000.0,42000.0,Card,Kavita Reddy
TX02436,2026-02-05,Gaming Mouse 8K,Electronics,East,New,1,3200,0,3200.0,1760.0,1440.0,Card,Neha Singh
TX02437,2026-05-21,Air Purifier Pro,Home Appliances,Central,New,2,16500,0,33000.0,21780.0,11220.0,UPI,Vikas Verma
TX02438,2026-03-06,Monitor 27 Ultra,Electronics,South,New,3,24000,15,61200.0,50400.0,10800.0,Card,Siddharth Rao
TX02439,2026-05-07,Portable SSD 2TB,Electronics,South,New,2,12500,10,22500.0,17500.0,5000.0,UPI,Ananya Roy
TX02440,2026-04-30,Pro Runner Shoes,Footwear,West,New,4,6500,10,23400.0,12480.0,10920.0,UPI,Amit Kumar
TX02441,2026-03-04,Laptop Pro 15,Electronics,South,New,3,68000,5,193800.0,159120.0,34680.0,UPI,Kavita Reddy
TX02442,2026-04-20,Travel Backpack 30L,Accessories,Central,New,3,3500,8,9660.0,4725.0,4935.0,UPI,Neha Singh
TX02443,2026-07-04,Pro Runner Shoes,Footwear,South,New,2,6500,5,12350.0,6240.0,6110.0,UPI,Kavita Reddy
TX02444,2026-02-21,Noise Cancelling Headphones,Electronics,South,Returning,4,14500,0,58000.0,37700.0,20300.0,Card,Rahul Sharma
TX02445,2026-02-01,Monitor Arm Dual Mount,Furniture,South,Returning,2,4200,12,7392.0,4200.0,3192.0,UPI,Kavita Reddy
TX02446,2026-04-02,4K Streaming WebCam,Electronics,East,Returning,3,7800,5,22230.0,14508.0,7722.0,UPI,Neha Singh
TX02447,2026-07-09,Coffee Maker Deluxe,Home Appliances,East,Returning,6,12800,5,72960.0,49152.0,23808.0,UPI,Vikas Verma
TX02448,2026-03-16,Coffee Maker Deluxe,Home Appliances,North,Returning,2,12800,5,24320.0,16384.0,7936.0,Net Banking,Ananya Roy
TX02449,2026-06-06,Air Purifier Pro,Home Appliances,East,Returning,1,16500,0,16500.0,10890.0,5610.0,UPI,Rahul Sharma
TX02450,2026-05-04,Cotton Polo Shirt,Clothing,East,New,4,1600,0,6400.0,2560.0,3840.0,Card,Ananya Roy
TX02451,2026-07-14,Standing Desk Dual Engine,Furniture,South,New,4,34000,12,119680.0,92480.0,27200.0,Card,Vikas Verma
TX02452,2026-03-01,Trail Hiking Boots,Footwear,North,Returning,8,8400,0,67200.0,34944.0,32256.0,UPI,Neha Singh
TX02453,2026-02-10,Formal Suit Blazer,Clothing,North,Returning,1,11500,0,11500.0,6325.0,5175.0,UPI,Neha Singh
TX02454,2026-05-19,Smart Watch Series 7,Electronics,West,New,2,18500,21,29230.0,25160.0,4070.0,Cash,Amit Kumar
TX02455,2026-05-21,Monitor 27 Ultra,Electronics,East,Returning,3,24000,10,64800.0,50400.0,14400.0,Card,Ananya Roy
TX02456,2026-03-17,Travel Backpack 30L,Accessories,East,New,3,3500,10,9450.0,4725.0,4725.0,UPI,Ananya Roy
TX02457,2026-07-26,Wireless Earbuds,Electronics,South,New,3,4500,5,12825.0,8100.0,4725.0,Cash,Neha Singh
TX02458,2026-04-25,Bookshelf Wooden,Furniture,East,Returning,1,8900,0,8900.0,5162.0,3738.0,Card,Priya Patel
TX02459,2026-05-03,Pro Runner Shoes,Footwear,West,New,3,6500,10,17550.0,9360.0,8190.0,Card,Kavita Reddy
TX02460,2026-05-25,Robotic Vacuum X,Home Appliances,Central,Returning,7,26000,5,172900.0,127400.0,45500.0,UPI,Vikas Verma
TX02461,2026-03-30,Standing Desk Dual Engine,Furniture,West,New,3,34000,12,89760.0,69360.0,20400.0,Card,Siddharth Rao
TX02462,2026-04-09,Formal Suit Blazer,Clothing,North,Returning,1,11500,8,10580.0,6325.0,4255.0,UPI,Ananya Roy
TX02463,2026-06-03,Bookshelf Wooden,Furniture,East,Returning,4,8900,10,32040.0,20648.0,11392.0,Card,Ananya Roy
TX02464,2026-03-14,Mechanical RGB Keyboard,Electronics,West,Returning,7,6200,8,39928.0,25172.0,14756.0,UPI,Vikas Verma
TX02465,2026-03-16,Denim Pants Premium,Clothing,South,Returning,5,2900,8,13340.0,6090.0,7250.0,Net Banking,Kavita Reddy
TX02466,2026-06-30,Air Purifier Pro,Home Appliances,South,Returning,6,16500,10,89100.0,65340.0,23760.0,Cash,Ananya Roy
TX02467,2026-07-13,Coffee Maker Deluxe,Home Appliances,West,New,1,12800,10,11520.0,8192.0,3328.0,UPI,Amit Kumar
TX02468,2026-02-19,Casual Leather Loafers,Footwear,West,Returning,2,4200,10,7560.0,4200.0,3360.0,UPI,Neha Singh
TX02469,2026-07-14,Casual Leather Loafers,Footwear,Central,Returning,6,4200,10,22680.0,12600.0,10080.0,Card,Vikas Verma
TX02470,2026-04-26,Mechanical RGB Keyboard,Electronics,West,Returning,4,6200,5,23560.0,14384.0,9176.0,Card,Amit Kumar
TX02471,2026-06-14,Electric Kettle Stainless,Home Appliances,Central,New,2,2400,8,4416.0,2496.0,1920.0,Card,Neha Singh
TX02472,2026-06-16,Laptop Sleeve 15,Accessories,South,Returning,2,1100,10,1980.0,770.0,1210.0,Card,Kavita Reddy
TX02473,2026-06-18,Smart Watch Series 7,Electronics,South,Returning,1,18500,12,16280.0,12580.0,3700.0,UPI,Amit Kumar
TX02474,2026-02-27,Casual Leather Loafers,Footwear,South,New,3,4200,0,12600.0,6300.0,6300.0,Cash,Siddharth Rao
TX02475,2026-06-30,Standing Desk Dual Engine,Furniture,North,Returning,2,34000,8,62560.0,46240.0,16320.0,Card,Rahul Sharma
TX02476,2026-05-30,Laptop Pro 15,Electronics,West,Returning,4,68000,20,217600.0,212160.0,5440.0,Card,Rahul Sharma
TX02477,2026-03-04,Gaming Mouse 8K,Electronics,East,Returning,2,3200,0,6400.0,3520.0,2880.0,Net Banking,Amit Kumar
TX02478,2026-06-27,Travel Backpack 30L,Accessories,South,Returning,6,3500,0,21000.0,9450.0,11550.0,UPI,Siddharth Rao
TX02479,2026-02-11,Tablet Pro 11,Electronics,West,New,1,38000,10,34200.0,28500.0,5700.0,Card,Rahul Sharma
TX02480,2026-04-14,Windbreaker Hooded,Clothing,North,New,2,3800,8,6992.0,3496.0,3496.0,UPI,Priya Patel
TX02481,2026-04-29,MagSafe Power Bank,Accessories,East,New,4,3200,0,12800.0,6656.0,6144.0,UPI,Neha Singh
TX02482,2026-07-27,Coffee Maker Deluxe,Home Appliances,East,Returning,4,12800,0,51200.0,32768.0,18432.0,UPI,Rahul Sharma
TX02483,2026-07-31,Laptop Pro 15,Electronics,East,Returning,7,68000,0,476000.0,371280.0,104720.0,Card,Vikas Verma
TX02484,2026-05-27,Monitor Arm Dual Mount,Furniture,North,New,4,4200,10,15120.0,8400.0,6720.0,UPI,Kavita Reddy
TX02485,2026-06-26,Ergonomic Office Chair,Furniture,South,Returning,2,14500,0,29000.0,17980.0,11020.0,UPI,Siddharth Rao
TX02486,2026-07-24,Monitor 27 Ultra,Electronics,West,Returning,4,24000,5,91200.0,67200.0,24000.0,UPI,Rahul Sharma
TX02487,2026-03-13,Smart Blender 1200W,Home Appliances,Central,Returning,7,6800,0,47600.0,27608.0,19992.0,Net Banking,Vikas Verma
TX02488,2026-03-18,MagSafe Power Bank,Accessories,North,Returning,5,3200,0,16000.0,8320.0,7680.0,Card,Siddharth Rao
TX02489,2026-02-20,Monitor 27 Ultra,Electronics,Central,Returning,8,24000,15,163200.0,134400.0,28800.0,UPI,Neha Singh
TX02490,2026-04-27,Cotton Polo Shirt,Clothing,South,New,3,1600,15,4080.0,1920.0,2160.0,UPI,Rahul Sharma
TX02491,2026-03-07,Leather Slim Wallet,Accessories,Central,New,2,1400,5,2660.0,1064.0,1596.0,UPI,Amit Kumar
TX02492,2026-06-11,Mechanical RGB Keyboard,Electronics,South,New,3,6200,5,17670.0,10788.0,6882.0,Card,Neha Singh
TX02493,2026-07-02,Windbreaker Hooded,Clothing,West,Returning,7,3800,5,25270.0,12236.0,13034.0,UPI,Kavita Reddy
TX02494,2026-05-14,Mesh Task Chair,Furniture,West,Returning,1,7500,5,7125.0,4500.0,2625.0,UPI,Vikas Verma
TX02495,2026-07-08,Laptop Sleeve 15,Accessories,South,New,3,1100,10,2970.0,1155.0,1815.0,UPI,Neha Singh
TX02496,2026-04-26,Trail Hiking Boots,Footwear,North,Returning,8,8400,0,67200.0,34944.0,32256.0,UPI,Siddharth Rao
TX02497,2026-06-22,Gaming Mouse 8K,Electronics,West,Returning,5,3200,10,14400.0,8800.0,5600.0,Card,Rahul Sharma
TX02498,2026-03-24,Cotton Polo Shirt,Clothing,Central,Returning,2,1600,5,3040.0,1280.0,1760.0,UPI,Kavita Reddy
TX02499,2026-05-25,Coffee Maker Deluxe,Home Appliances,Central,New,2,12800,0,25600.0,16384.0,9216.0,UPI,Kavita Reddy
TX02500,2026-05-27,Laptop Pro 15,Electronics,West,New,1,68000,27,49640.0,53040.0,-3400.0,UPI,Priya Patel
TX02501,2026-05-01,Executive Desk,Furniture,East,Returning,7,28000,15,166600.0,127400.0,39200.0,UPI,Amit Kumar
TX02502,2026-05-13,Noise Cancelling Headphones,Electronics,South,Returning,1,14500,12,12760.0,9425.0,3335.0,UPI,Amit Kumar
TX02503,2026-04-01,Smart Watch Series 7,Electronics,East,Returning,6,18500,5,105450.0,75480.0,29970.0,UPI,Vikas Verma
TX02504,2026-04-13,Wireless Earbuds,Electronics,North,Returning,8,4500,8,33120.0,21600.0,11520.0,Cash,Vikas Verma
TX02505,2026-02-26,Standing Desk Dual Engine,Furniture,North,New,2,34000,10,61200.0,46240.0,14960.0,Card,Rahul Sharma
TX02506,2026-07-10,Travel Backpack 30L,Accessories,West,New,2,3500,0,7000.0,3150.0,3850.0,UPI,Kavita Reddy
TX02507,2026-02-08,Travel Backpack 30L,Accessories,North,New,3,3500,10,9450.0,4725.0,4725.0,Card,Neha Singh
TX02508,2026-03-19,Ergonomic Office Chair,Furniture,South,Returning,5,14500,10,65250.0,44950.0,20300.0,UPI,Rahul Sharma
TX02509,2026-04-09,Standing Desk Dual Engine,Furniture,North,New,1,34000,0,34000.0,23120.0,10880.0,UPI,Siddharth Rao
TX02510,2026-02-26,Robotic Vacuum X,Home Appliances,North,Returning,3,26000,5,74100.0,54600.0,19500.0,UPI,Amit Kumar
TX02511,2026-02-15,4K Streaming WebCam,Electronics,West,New,3,7800,10,21060.0,14508.0,6552.0,UPI,Siddharth Rao
TX02512,2026-03-07,Wireless Earbuds,Electronics,East,New,1,4500,0,4500.0,2700.0,1800.0,Card,Ananya Roy
TX02513,2026-02-08,Tablet Pro 11,Electronics,North,New,3,38000,15,96900.0,85500.0,11400.0,Card,Rahul Sharma
TX02514,2026-02-07,Trail Hiking Boots,Footwear,North,Returning,4,8400,10,30240.0,17472.0,12768.0,UPI,Kavita Reddy
TX02515,2026-03-16,Portable SSD 2TB,Electronics,North,New,4,12500,5,47500.0,35000.0,12500.0,Card,Kavita Reddy
TX02516,2026-02-20,Robotic Vacuum X,Home Appliances,East,New,1,26000,10,23400.0,18200.0,5200.0,UPI,Vikas Verma
TX02517,2026-05-16,Gaming Mouse 8K,Electronics,Central,New,2,3200,5,6080.0,3520.0,2560.0,Net Banking,Priya Patel
TX02518,2026-06-02,Laptop Pro 15,Electronics,South,New,4,68000,0,272000.0,212160.0,59840.0,Net Banking,Neha Singh
TX02519,2026-04-19,Denim Pants Premium,Clothing,West,Returning,3,2900,0,8700.0,3654.0,5046.0,UPI,Siddharth Rao
TX02520,2026-02-04,4K Streaming WebCam,Electronics,South,New,3,7800,10,21060.0,14508.0,6552.0,UPI,Rahul Sharma
TX02521,2026-06-30,Running Jacket Pro,Clothing,South,Returning,8,4800,12,33792.0,17280.0,16512.0,UPI,Rahul Sharma
TX02522,2026-03-26,Ergonomic Office Chair,Furniture,South,Returning,6,14500,0,87000.0,53940.0,33060.0,Net Banking,Kavita Reddy
TX02523,2026-05-16,Smart Watch Series 7,Electronics,West,Returning,5,18500,29,65675.0,62900.0,2775.0,Card,Amit Kumar
TX02524,2026-04-11,Coffee Maker Deluxe,Home Appliances,West,New,3,12800,0,38400.0,24576.0,13824.0,UPI,Priya Patel
TX02525,2026-02-28,Gaming Mouse 8K,Electronics,South,Returning,2,3200,0,6400.0,3520.0,2880.0,UPI,Siddharth Rao
TX02526,2026-07-30,Denim Pants Premium,Clothing,West,Returning,7,2900,0,20300.0,8526.0,11774.0,Card,Siddharth Rao
TX02527,2026-03-05,Standing Desk Dual Engine,Furniture,South,Returning,1,34000,5,32300.0,23120.0,9180.0,UPI,Kavita Reddy
TX02528,2026-04-08,Smartphone X,Electronics,East,New,1,42000,15,35700.0,30240.0,5460.0,UPI,Rahul Sharma
TX02529,2026-06-06,Denim Pants Premium,Clothing,East,Returning,2,2900,5,5510.0,2436.0,3074.0,UPI,Siddharth Rao
TX02530,2026-06-27,MagSafe Power Bank,Accessories,Central,Returning,4,3200,5,12160.0,6656.0,5504.0,Net Banking,Amit Kumar
TX02531,2026-03-23,Windbreaker Hooded,Clothing,Central,New,3,3800,5,10830.0,5244.0,5586.0,UPI,Rahul Sharma
TX02532,2026-06-10,Portable SSD 2TB,Electronics,North,Returning,7,12500,0,87500.0,61250.0,26250.0,UPI,Amit Kumar
TX02533,2026-02-03,Portable SSD 2TB,Electronics,North,New,4,12500,8,46000.0,35000.0,11000.0,Card,Rahul Sharma
TX02534,2026-05-03,Formal Suit Blazer,Clothing,North,New,2,11500,0,23000.0,12650.0,10350.0,UPI,Siddharth Rao
TX02535,2026-04-05,Denim Pants Premium,Clothing,West,Returning,8,2900,0,23200.0,9744.0,13456.0,UPI,Rahul Sharma
TX02536,2026-02-01,MagSafe Power Bank,Accessories,East,Returning,2,3200,0,6400.0,3328.0,3072.0,UPI,Rahul Sharma
TX02537,2026-02-06,Smart Watch Series 7,Electronics,South,Returning,3,18500,10,49950.0,37740.0,12210.0,UPI,Kavita Reddy
TX02538,2026-03-24,Trail Hiking Boots,Footwear,West,Returning,8,8400,8,61824.0,34944.0,26880.0,Card,Siddharth Rao
TX02539,2026-02-03,Formal Suit Blazer,Clothing,South,Returning,2,11500,12,20240.0,12650.0,7590.0,Cash,Siddharth Rao
TX02540,2026-06-03,Mesh Task Chair,Furniture,South,New,1,7500,12,6600.0,4500.0,2100.0,Cash,Vikas Verma
TX02541,2026-07-26,Bookshelf Wooden,Furniture,North,New,1,8900,8,8188.0,5162.0,3026.0,UPI,Kavita Reddy
TX02542,2026-02-22,Mechanical RGB Keyboard,Electronics,East,New,1,6200,8,5704.0,3596.0,2108.0,Card,Ananya Roy
TX02543,2026-07-28,Mesh Task Chair,Furniture,South,New,3,7500,0,22500.0,13500.0,9000.0,UPI,Vikas Verma
TX02544,2026-07-21,Laptop Pro 15,Electronics,North,New,2,68000,0,136000.0,106080.0,29920.0,UPI,Kavita Reddy
TX02545,2026-04-24,Robotic Vacuum X,Home Appliances,Central,Returning,5,26000,0,130000.0,91000.0,39000.0,Cash,Vikas Verma
TX02546,2026-05-15,Pro Runner Shoes,Footwear,South,Returning,2,6500,0,13000.0,6240.0,6760.0,UPI,Rahul Sharma
TX02547,2026-03-08,Smart Watch Series 7,Electronics,West,New,2,18500,8,34040.0,25160.0,8880.0,Card,Vikas Verma
TX02548,2026-02-01,4K Streaming WebCam,Electronics,Central,New,1,7800,5,7410.0,4836.0,2574.0,Card,Priya Patel
TX02549,2026-06-08,Mesh Task Chair,Furniture,West,Returning,8,7500,0,60000.0,36000.0,24000.0,Net Banking,Neha Singh
TX02550,2026-05-17,Cotton Polo Shirt,Clothing,North,Returning,6,1600,20,7680.0,3840.0,3840.0,UPI,Vikas Verma
TX02551,2026-02-23,Portable SSD 2TB,Electronics,East,Returning,3,12500,5,35625.0,26250.0,9375.0,UPI,Priya Patel
TX02552,2026-07-26,Smart Blender 1200W,Home Appliances,Central,Returning,6,6800,0,40800.0,23664.0,17136.0,UPI,Siddharth Rao
TX02553,2026-03-02,Monitor 27 Ultra,Electronics,North,Returning,4,24000,0,96000.0,67200.0,28800.0,UPI,Rahul Sharma
TX02554,2026-02-14,Smart Watch Series 7,Electronics,North,New,2,18500,5,35150.0,25160.0,9990.0,UPI,Amit Kumar
TX02555,2026-03-24,Noise Cancelling Headphones,Electronics,East,Returning,7,14500,0,101500.0,65975.0,35525.0,UPI,Rahul Sharma
TX02556,2026-07-18,Mesh Task Chair,Furniture,Central,Returning,1,7500,5,7125.0,4500.0,2625.0,UPI,Ananya Roy
TX02557,2026-03-30,Mesh Task Chair,Furniture,South,Returning,5,7500,8,34500.0,22500.0,12000.0,Cash,Kavita Reddy
TX02558,2026-05-19,Bookshelf Wooden,Furniture,West,New,1,8900,0,8900.0,5162.0,3738.0,UPI,Neha Singh
TX02559,2026-02-02,Air Purifier Pro,Home Appliances,East,Returning,4,16500,15,56100.0,43560.0,12540.0,UPI,Amit Kumar
TX02560,2026-04-08,Monitor Arm Dual Mount,Furniture,South,Returning,2,4200,5,7980.0,4200.0,3780.0,UPI,Amit Kumar
TX02561,2026-03-14,Windbreaker Hooded,Clothing,West,Returning,3,3800,10,10260.0,5244.0,5016.0,Card,Amit Kumar
TX02562,2026-05-12,Casual Leather Loafers,Footwear,Central,Returning,7,4200,8,27048.0,14700.0,12348.0,UPI,Ananya Roy
TX02563,2026-07-29,Electric Kettle Stainless,Home Appliances,Central,Returning,5,2400,20,9600.0,6240.0,3360.0,Net Banking,Kavita Reddy
TX02564,2026-05-16,Casual Leather Loafers,Footwear,East,Returning,5,4200,5,19950.0,10500.0,9450.0,Cash,Amit Kumar
TX02565,2026-06-29,Tablet Pro 11,Electronics,East,New,1,38000,5,36100.0,28500.0,7600.0,Net Banking,Vikas Verma
TX02566,2026-06-09,Travel Backpack 30L,Accessories,Central,Returning,3,3500,0,10500.0,4725.0,5775.0,Cash,Neha Singh
TX02567,2026-04-20,Tablet Pro 11,Electronics,South,New,4,38000,5,144400.0,114000.0,30400.0,Net Banking,Amit Kumar
TX02568,2026-02-23,Formal Suit Blazer,Clothing,West,Returning,5,11500,8,52900.0,31625.0,21275.0,Card,Amit Kumar
TX02569,2026-05-03,Mesh Task Chair,Furniture,East,New,4,7500,8,27600.0,18000.0,9600.0,UPI,Vikas Verma
TX02570,2026-07-15,Smart Watch Series 7,Electronics,West,New,4,18500,10,66600.0,50320.0,16280.0,Card,Priya Patel
TX02571,2026-06-16,4K Streaming WebCam,Electronics,South,New,4,7800,0,31200.0,19344.0,11856.0,UPI,Vikas Verma
TX02572,2026-06-09,Laptop Sleeve 15,Accessories,West,Returning,5,1100,5,5225.0,1925.0,3300.0,UPI,Rahul Sharma
TX02573,2026-05-15,Electric Kettle Stainless,Home Appliances,South,Returning,6,2400,10,12960.0,7488.0,5472.0,Cash,Rahul Sharma
TX02574,2026-03-19,Smart Watch Series 7,Electronics,North,Returning,5,18500,0,92500.0,62900.0,29600.0,Card,Priya Patel
TX02575,2026-03-20,Monitor Arm Dual Mount,Furniture,West,New,4,4200,0,16800.0,8400.0,8400.0,Card,Siddharth Rao
TX02576,2026-02-02,Monitor Arm Dual Mount,Furniture,East,New,4,4200,0,16800.0,8400.0,8400.0,UPI,Amit Kumar
TX02577,2026-02-16,Executive Desk,Furniture,North,Returning,1,28000,0,28000.0,18200.0,9800.0,Cash,Rahul Sharma
TX02578,2026-02-04,Standing Desk Dual Engine,Furniture,South,Returning,2,34000,0,68000.0,46240.0,21760.0,Card,Kavita Reddy
TX02579,2026-02-26,Trail Hiking Boots,Footwear,West,Returning,1,8400,10,7560.0,4368.0,3192.0,UPI,Siddharth Rao
TX02580,2026-03-12,Coffee Maker Deluxe,Home Appliances,West,Returning,1,12800,8,11776.0,8192.0,3584.0,UPI,Vikas Verma
TX02581,2026-07-13,Trail Hiking Boots,Footwear,West,New,3,8400,12,22176.0,13104.0,9072.0,Card,Priya Patel
TX02582,2026-03-25,Casual Leather Loafers,Footwear,South,New,2,4200,8,7728.0,4200.0,3528.0,UPI,Amit Kumar
TX02583,2026-06-23,MagSafe Power Bank,Accessories,West,Returning,1,3200,5,3040.0,1664.0,1376.0,Card,Rahul Sharma
TX02584,2026-03-31,Trail Hiking Boots,Footwear,North,New,4,8400,0,33600.0,17472.0,16128.0,Card,Priya Patel
TX02585,2026-07-08,Travel Backpack 30L,Accessories,Central,New,2,3500,8,6440.0,3150.0,3290.0,Cash,Siddharth Rao
TX02586,2026-04-06,Travel Backpack 30L,Accessories,East,New,2,3500,5,6650.0,3150.0,3500.0,Cash,Rahul Sharma
TX02587,2026-05-26,Smart Blender 1200W,Home Appliances,East,New,1,6800,0,6800.0,3944.0,2856.0,UPI,Rahul Sharma
TX02588,2026-07-23,Air Purifier Pro,Home Appliances,West,Returning,1,16500,0,16500.0,10890.0,5610.0,Card,Vikas Verma
TX02589,2026-03-22,Noise Cancelling Headphones,Electronics,North,New,2,14500,0,29000.0,18850.0,10150.0,Cash,Siddharth Rao
TX02590,2026-06-30,Monitor 27 Ultra,Electronics,West,New,4,24000,5,91200.0,67200.0,24000.0,Cash,Vikas Verma
TX02591,2026-05-13,Travel Backpack 30L,Accessories,North,Returning,6,3500,0,21000.0,9450.0,11550.0,Card,Priya Patel
TX02592,2026-04-04,Air Purifier Pro,Home Appliances,West,Returning,3,16500,0,49500.0,32670.0,16830.0,UPI,Priya Patel
TX02593,2026-05-16,Cotton Polo Shirt,Clothing,West,New,1,1600,5,1520.0,640.0,880.0,UPI,Neha Singh
TX02594,2026-05-05,Monitor 27 Ultra,Electronics,Central,Returning,5,24000,12,105600.0,84000.0,21600.0,UPI,Neha Singh
TX02595,2026-07-30,Gaming Mouse 8K,Electronics,East,Returning,3,3200,0,9600.0,5280.0,4320.0,Cash,Priya Patel
TX02596,2026-03-29,Smartphone X,Electronics,North,Returning,7,42000,8,270480.0,211680.0,58800.0,Cash,Rahul Sharma
TX02597,2026-04-22,Bookshelf Wooden,Furniture,North,New,1,8900,5,8455.0,5162.0,3293.0,Card,Siddharth Rao
TX02598,2026-07-29,Denim Pants Premium,Clothing,South,Returning,4,2900,8,10672.0,4872.0,5800.0,Net Banking,Ananya Roy
TX02599,2026-04-01,Cotton Polo Shirt,Clothing,East,New,3,1600,0,4800.0,1920.0,2880.0,UPI,Vikas Verma
TX02600,2026-06-08,Smart Blender 1200W,Home Appliances,South,Returning,8,6800,5,51680.0,31552.0,20128.0,Cash,Siddharth Rao
TX02601,2026-03-04,Windbreaker Hooded,Clothing,East,Returning,6,3800,8,20976.0,10488.0,10488.0,Net Banking,Priya Patel
TX02602,2026-03-08,Wireless Earbuds,Electronics,Central,Returning,6,4500,10,24300.0,16200.0,8100.0,UPI,Ananya Roy
TX02603,2026-06-25,Leather Slim Wallet,Accessories,East,New,3,1400,0,4200.0,1596.0,2604.0,Cash,Rahul Sharma
TX02604,2026-07-22,Trail Hiking Boots,Footwear,North,Returning,1,8400,0,8400.0,4368.0,4032.0,Card,Siddharth Rao
TX02605,2026-05-06,Running Jacket Pro,Clothing,South,Returning,3,4800,0,14400.0,6480.0,7920.0,UPI,Priya Patel
TX02606,2026-02-07,Trail Hiking Boots,Footwear,North,Returning,8,8400,0,67200.0,34944.0,32256.0,UPI,Vikas Verma
TX02607,2026-07-17,Travel Backpack 30L,Accessories,East,Returning,4,3500,5,13300.0,6300.0,7000.0,Card,Neha Singh
TX02608,2026-02-26,Leather Slim Wallet,Accessories,South,Returning,1,1400,10,1260.0,532.0,728.0,Cash,Vikas Verma
TX02609,2026-02-19,Cotton Polo Shirt,Clothing,East,New,4,1600,8,5888.0,2560.0,3328.0,UPI,Amit Kumar
TX02610,2026-06-25,Ergonomic Office Chair,Furniture,South,Returning,7,14500,8,93380.0,62930.0,30450.0,UPI,Amit Kumar
TX02611,2026-05-27,Ergonomic Office Chair,Furniture,East,Returning,1,14500,5,13775.0,8990.0,4785.0,UPI,Amit Kumar
TX02612,2026-02-03,Casual Leather Loafers,Footwear,West,New,2,4200,0,8400.0,4200.0,4200.0,Net Banking,Neha Singh
TX02613,2026-04-28,Standing Desk Dual Engine,Furniture,West,Returning,7,34000,5,226100.0,161840.0,64260.0,Card,Ananya Roy
TX02614,2026-07-05,Noise Cancelling Headphones,Electronics,North,Returning,8,14500,8,106720.0,75400.0,31320.0,UPI,Rahul Sharma
TX02615,2026-04-09,MagSafe Power Bank,Accessories,Central,Returning,7,3200,5,21280.0,11648.0,9632.0,UPI,Rahul Sharma
TX02616,2026-07-28,Formal Suit Blazer,Clothing,West,Returning,5,11500,0,57500.0,31625.0,25875.0,Card,Amit Kumar
TX02617,2026-06-02,Executive Desk,Furniture,East,Returning,6,28000,5,159600.0,109200.0,50400.0,UPI,Vikas Verma
TX02618,2026-02-03,Windbreaker Hooded,Clothing,North,Returning,6,3800,5,21660.0,10488.0,11172.0,UPI,Kavita Reddy
TX02619,2026-06-09,Trail Hiking Boots,Footwear,East,New,3,8400,0,25200.0,13104.0,12096.0,Cash,Rahul Sharma
TX02620,2026-04-03,MagSafe Power Bank,Accessories,South,Returning,8,3200,0,25600.0,13312.0,12288.0,UPI,Amit Kumar
TX02621,2026-05-28,Standing Desk Dual Engine,Furniture,North,Returning,3,34000,12,89760.0,69360.0,20400.0,UPI,Priya Patel
TX02622,2026-02-28,Wireless Earbuds,Electronics,West,Returning,8,4500,5,34200.0,21600.0,12600.0,UPI,Kavita Reddy
TX02623,2026-02-28,Pro Runner Shoes,Footwear,North,Returning,3,6500,8,17940.0,9360.0,8580.0,Card,Priya Patel
TX02624,2026-04-15,Running Jacket Pro,Clothing,West,New,2,4800,0,9600.0,4320.0,5280.0,UPI,Priya Patel
TX02625,2026-05-20,Laptop Pro 15,Electronics,North,Returning,3,68000,0,204000.0,159120.0,44880.0,Cash,Siddharth Rao
TX02626,2026-06-26,Laptop Pro 15,Electronics,North,Returning,5,68000,0,340000.0,265200.0,74800.0,UPI,Kavita Reddy
TX02627,2026-02-20,Tablet Pro 11,Electronics,South,New,1,38000,5,36100.0,28500.0,7600.0,Cash,Rahul Sharma
TX02628,2026-03-28,Smart Watch Series 7,Electronics,South,New,1,18500,12,16280.0,12580.0,3700.0,Card,Rahul Sharma
TX02629,2026-04-16,Executive Desk,Furniture,North,New,4,28000,0,112000.0,72800.0,39200.0,Net Banking,Siddharth Rao
TX02630,2026-06-28,Bookshelf Wooden,Furniture,West,Returning,8,8900,0,71200.0,41296.0,29904.0,UPI,Kavita Reddy
TX02631,2026-05-22,Monitor Arm Dual Mount,Furniture,Central,New,2,4200,15,7140.0,4200.0,2940.0,UPI,Siddharth Rao
TX02632,2026-04-25,Mesh Task Chair,Furniture,North,Returning,6,7500,0,45000.0,27000.0,18000.0,Card,Neha Singh
TX02633,2026-03-05,Trail Hiking Boots,Footwear,West,Returning,8,8400,0,67200.0,34944.0,32256.0,Cash,Amit Kumar
TX02634,2026-06-27,Gaming Mouse 8K,Electronics,West,New,1,3200,0,3200.0,1760.0,1440.0,Card,Siddharth Rao
TX02635,2026-02-16,Noise Cancelling Headphones,Electronics,West,Returning,8,14500,5,110200.0,75400.0,34800.0,UPI,Amit Kumar
TX02636,2026-05-28,Portable SSD 2TB,Electronics,East,New,2,12500,5,23750.0,17500.0,6250.0,UPI,Ananya Roy
TX02637,2026-02-06,Casual Leather Loafers,Footwear,West,Returning,7,4200,0,29400.0,14700.0,14700.0,UPI,Kavita Reddy
TX02638,2026-05-05,Smart Blender 1200W,Home Appliances,West,New,1,6800,5,6460.0,3944.0,2516.0,Card,Priya Patel
TX02639,2026-06-25,Portable SSD 2TB,Electronics,East,New,1,12500,12,11000.0,8750.0,2250.0,Card,Vikas Verma
TX02640,2026-04-02,Monitor 27 Ultra,Electronics,South,Returning,1,24000,5,22800.0,16800.0,6000.0,UPI,Amit Kumar
TX02641,2026-05-01,Executive Desk,Furniture,North,New,2,28000,0,56000.0,36400.0,19600.0,UPI,Amit Kumar
TX02642,2026-05-07,Formal Suit Blazer,Clothing,South,Returning,2,11500,8,21160.0,12650.0,8510.0,Card,Ananya Roy
TX02643,2026-04-14,Formal Suit Blazer,Clothing,West,Returning,1,11500,0,11500.0,6325.0,5175.0,UPI,Vikas Verma
TX02644,2026-07-28,Standing Desk Dual Engine,Furniture,East,Returning,4,34000,0,136000.0,92480.0,43520.0,UPI,Neha Singh
TX02645,2026-05-12,Portable SSD 2TB,Electronics,East,New,1,12500,0,12500.0,8750.0,3750.0,Card,Neha Singh
TX02646,2026-03-04,Noise Cancelling Headphones,Electronics,West,Returning,5,14500,0,72500.0,47125.0,25375.0,Cash,Rahul Sharma
TX02647,2026-05-25,Formal Suit Blazer,Clothing,West,New,2,11500,15,19550.0,12650.0,6900.0,UPI,Neha Singh
TX02648,2026-06-08,Electric Kettle Stainless,Home Appliances,North,Returning,5,2400,5,11400.0,6240.0,5160.0,UPI,Priya Patel
TX02649,2026-02-04,Robotic Vacuum X,Home Appliances,North,Returning,5,26000,8,119600.0,91000.0,28600.0,Card,Kavita Reddy
TX02650,2026-04-29,Mechanical RGB Keyboard,Electronics,East,New,4,6200,0,24800.0,14384.0,10416.0,UPI,Kavita Reddy
TX02651,2026-05-07,Bookshelf Wooden,Furniture,West,New,4,8900,10,32040.0,20648.0,11392.0,UPI,Ananya Roy
TX02652,2026-03-11,Laptop Sleeve 15,Accessories,East,New,4,1100,0,4400.0,1540.0,2860.0,Net Banking,Rahul Sharma
TX02653,2026-07-09,Pro Runner Shoes,Footwear,North,Returning,4,6500,0,26000.0,12480.0,13520.0,Card,Amit Kumar
TX02654,2026-07-19,Running Jacket Pro,Clothing,South,New,1,4800,0,4800.0,2160.0,2640.0,Card,Priya Patel
TX02655,2026-05-02,Bookshelf Wooden,Furniture,West,New,3,8900,0,26700.0,15486.0,11214.0,UPI,Amit Kumar
TX02656,2026-02-26,Mechanical RGB Keyboard,Electronics,South,Returning,1,6200,5,5890.0,3596.0,2294.0,UPI,Kavita Reddy
TX02657,2026-07-14,Noise Cancelling Headphones,Electronics,South,Returning,3,14500,5,41325.0,28275.0,13050.0,Card,Amit Kumar
TX02658,2026-03-12,Smart Watch Series 7,Electronics,East,New,3,18500,8,51060.0,37740.0,13320.0,Card,Priya Patel
TX02659,2026-07-02,Ergonomic Office Chair,Furniture,West,Returning,5,14500,10,65250.0,44950.0,20300.0,Card,Rahul Sharma
TX02660,2026-05-22,Leather Slim Wallet,Accessories,East,Returning,4,1400,15,4760.0,2128.0,2632.0,Cash,Amit Kumar
TX02661,2026-07-01,Pro Runner Shoes,Footwear,South,New,1,6500,0,6500.0,3120.0,3380.0,Card,Vikas Verma
TX02662,2026-05-22,Running Jacket Pro,Clothing,North,Returning,6,4800,8,26496.0,12960.0,13536.0,Card,Amit Kumar
TX02663,2026-04-24,Pro Runner Shoes,Footwear,West,Returning,7,6500,10,40950.0,21840.0,19110.0,UPI,Vikas Verma
TX02664,2026-05-13,Travel Backpack 30L,Accessories,North,Returning,3,3500,5,9975.0,4725.0,5250.0,Net Banking,Ananya Roy
TX02665,2026-05-07,Smart Watch Series 7,Electronics,West,New,2,18500,20,29600.0,25160.0,4440.0,UPI,Ananya Roy
TX02666,2026-02-03,Mechanical RGB Keyboard,Electronics,East,New,4,6200,0,24800.0,14384.0,10416.0,Cash,Vikas Verma
TX02667,2026-05-26,Ergonomic Office Chair,Furniture,East,New,3,14500,12,38280.0,26970.0,11310.0,Card,Priya Patel
TX02668,2026-03-16,Portable SSD 2TB,Electronics,North,New,3,12500,5,35625.0,26250.0,9375.0,UPI,Rahul Sharma
TX02669,2026-02-04,Smart Blender 1200W,Home Appliances,South,Returning,8,6800,0,54400.0,31552.0,22848.0,UPI,Rahul Sharma
TX02670,2026-04-09,Formal Suit Blazer,Clothing,West,New,3,11500,5,32775.0,18975.0,13800.0,UPI,Kavita Reddy
TX02671,2026-04-14,Monitor 27 Ultra,Electronics,North,New,1,24000,0,24000.0,16800.0,7200.0,Card,Neha Singh
TX02672,2026-04-04,Air Purifier Pro,Home Appliances,West,Returning,3,16500,0,49500.0,32670.0,16830.0,UPI,Kavita Reddy
TX02673,2026-02-24,Smart Watch Series 7,Electronics,Central,New,1,18500,8,17020.0,12580.0,4440.0,UPI,Rahul Sharma
TX02674,2026-06-16,4K Streaming WebCam,Electronics,South,Returning,6,7800,5,44460.0,29016.0,15444.0,UPI,Siddharth Rao
TX02675,2026-02-15,Travel Backpack 30L,Accessories,Central,Returning,7,3500,0,24500.0,11025.0,13475.0,Card,Ananya Roy
TX02676,2026-02-03,Laptop Pro 15,Electronics,East,New,2,68000,0,136000.0,106080.0,29920.0,UPI,Kavita Reddy
TX02677,2026-05-20,4K Streaming WebCam,Electronics,West,Returning,4,7800,31,21528.0,19344.0,2184.0,Cash,Siddharth Rao
TX02678,2026-03-02,Laptop Pro 15,Electronics,East,Returning,5,68000,0,340000.0,265200.0,74800.0,UPI,Siddharth Rao
TX02679,2026-04-18,Noise Cancelling Headphones,Electronics,Central,Returning,7,14500,0,101500.0,65975.0,35525.0,Cash,Vikas Verma
TX02680,2026-03-02,Executive Desk,Furniture,South,Returning,7,28000,5,186200.0,127400.0,58800.0,Card,Siddharth Rao
TX02681,2026-02-09,Pro Runner Shoes,Footwear,West,New,3,6500,8,17940.0,9360.0,8580.0,UPI,Rahul Sharma
TX02682,2026-04-13,Pro Runner Shoes,Footwear,West,Returning,6,6500,0,39000.0,18720.0,20280.0,Card,Rahul Sharma
TX02683,2026-02-23,Leather Slim Wallet,Accessories,East,Returning,3,1400,0,4200.0,1596.0,2604.0,UPI,Amit Kumar
TX02684,2026-04-15,Bookshelf Wooden,Furniture,South,New,3,8900,0,26700.0,15486.0,11214.0,Card,Neha Singh
TX02685,2026-04-10,Coffee Maker Deluxe,Home Appliances,South,New,2,12800,5,24320.0,16384.0,7936.0,UPI,Vikas Verma
TX02686,2026-05-26,Laptop Pro 15,Electronics,North,Returning,6,68000,8,375360.0,318240.0,57120.0,UPI,Amit Kumar
TX02687,2026-05-19,Monitor 27 Ultra,Electronics,South,Returning,4,24000,5,91200.0,67200.0,24000.0,Card,Vikas Verma
TX02688,2026-02-17,Laptop Pro 15,Electronics,Central,New,3,68000,0,204000.0,159120.0,44880.0,Cash,Ananya Roy
TX02689,2026-06-04,Running Jacket Pro,Clothing,North,New,3,4800,0,14400.0,6480.0,7920.0,Card,Rahul Sharma
TX02690,2026-02-09,Bookshelf Wooden,Furniture,East,New,4,8900,0,35600.0,20648.0,14952.0,Card,Siddharth Rao
TX02691,2026-02-25,Denim Pants Premium,Clothing,North,Returning,5,2900,0,14500.0,6090.0,8410.0,Card,Siddharth Rao
TX02692,2026-05-08,Smart Watch Series 7,Electronics,East,Returning,6,18500,12,97680.0,75480.0,22200.0,UPI,Siddharth Rao
TX02693,2026-05-31,Noise Cancelling Headphones,Electronics,West,New,2,14500,24,22040.0,18850.0,3190.0,Card,Priya Patel
TX02694,2026-05-06,Cotton Polo Shirt,Clothing,Central,New,3,1600,10,4320.0,1920.0,2400.0,Card,Rahul Sharma
TX02695,2026-02-16,4K Streaming WebCam,Electronics,South,Returning,3,7800,5,22230.0,14508.0,7722.0,UPI,Vikas Verma
TX02696,2026-04-27,Monitor 27 Ultra,Electronics,West,Returning,7,24000,0,168000.0,117600.0,50400.0,Net Banking,Ananya Roy
TX02697,2026-05-17,Pro Runner Shoes,Footwear,North,Returning,4,6500,8,23920.0,12480.0,11440.0,UPI,Siddharth Rao
TX02698,2026-07-02,Laptop Sleeve 15,Accessories,North,New,4,1100,8,4048.0,1540.0,2508.0,Card,Rahul Sharma
TX02699,2026-05-15,Travel Backpack 30L,Accessories,West,Returning,2,3500,5,6650.0,3150.0,3500.0,UPI,Amit Kumar
TX02700,2026-05-19,Smart Blender 1200W,Home Appliances,Central,Returning,5,6800,10,30600.0,19720.0,10880.0,Card,Kavita Reddy
TX02701,2026-06-11,Laptop Sleeve 15,Accessories,South,New,3,1100,8,3036.0,1155.0,1881.0,Cash,Rahul Sharma
TX02702,2026-05-11,Travel Backpack 30L,Accessories,West,Returning,4,3500,0,14000.0,6300.0,7700.0,Cash,Kavita Reddy
TX02703,2026-05-14,Smartphone X,Electronics,West,New,3,42000,31,86940.0,90720.0,-3780.0,UPI,Vikas Verma
TX02704,2026-06-27,Noise Cancelling Headphones,Electronics,North,New,4,14500,0,58000.0,37700.0,20300.0,Card,Siddharth Rao
TX02705,2026-07-30,Wireless Earbuds,Electronics,East,New,4,4500,0,18000.0,10800.0,7200.0,UPI,Amit Kumar
TX02706,2026-02-16,Wireless Earbuds,Electronics,South,New,1,4500,5,4275.0,2700.0,1575.0,Net Banking,Amit Kumar
TX02707,2026-06-11,Smart Watch Series 7,Electronics,West,Returning,3,18500,5,52725.0,37740.0,14985.0,Card,Siddharth Rao
TX02708,2026-07-30,Windbreaker Hooded,Clothing,Central,Returning,4,3800,5,14440.0,6992.0,7448.0,Card,Rahul Sharma
TX02709,2026-06-17,Pro Runner Shoes,Footwear,West,New,3,6500,0,19500.0,9360.0,10140.0,Card,Amit Kumar
TX02710,2026-02-08,Standing Desk Dual Engine,Furniture,West,Returning,4,34000,15,115600.0,92480.0,23120.0,UPI,Neha Singh
TX02711,2026-04-25,Cotton Polo Shirt,Clothing,West,Returning,1,1600,0,1600.0,640.0,960.0,UPI,Siddharth Rao
TX02712,2026-05-27,Smartphone X,Electronics,Central,Returning,2,42000,8,77280.0,60480.0,16800.0,Cash,Kavita Reddy
TX02713,2026-03-21,Laptop Pro 15,Electronics,South,Returning,3,68000,15,173400.0,159120.0,14280.0,UPI,Vikas Verma
TX02714,2026-07-19,Monitor Arm Dual Mount,Furniture,West,Returning,2,4200,5,7980.0,4200.0,3780.0,Card,Siddharth Rao
TX02715,2026-06-01,Laptop Sleeve 15,Accessories,West,New,4,1100,15,3740.0,1540.0,2200.0,UPI,Neha Singh
TX02716,2026-07-24,Gaming Mouse 8K,Electronics,South,Returning,1,3200,0,3200.0,1760.0,1440.0,Card,Vikas Verma
TX02717,2026-06-29,4K Streaming WebCam,Electronics,Central,Returning,2,7800,0,15600.0,9672.0,5928.0,UPI,Kavita Reddy
TX02718,2026-02-12,Gaming Mouse 8K,Electronics,East,Returning,3,3200,5,9120.0,5280.0,3840.0,UPI,Kavita Reddy
TX02719,2026-02-13,Standing Desk Dual Engine,Furniture,North,Returning,1,34000,5,32300.0,23120.0,9180.0,Cash,Priya Patel
TX02720,2026-05-28,Portable SSD 2TB,Electronics,South,Returning,7,12500,5,83125.0,61250.0,21875.0,Card,Vikas Verma
TX02721,2026-04-18,MagSafe Power Bank,Accessories,South,Returning,1,3200,5,3040.0,1664.0,1376.0,Card,Ananya Roy
TX02722,2026-06-25,Ergonomic Office Chair,Furniture,East,Returning,5,14500,0,72500.0,44950.0,27550.0,UPI,Rahul Sharma
TX02723,2026-05-20,Gaming Mouse 8K,Electronics,West,Returning,7,3200,31,15456.0,12320.0,3136.0,UPI,Kavita Reddy
TX02724,2026-05-15,Electric Kettle Stainless,Home Appliances,North,Returning,3,2400,10,6480.0,3744.0,2736.0,UPI,Priya Patel
TX02725,2026-05-28,Tablet Pro 11,Electronics,East,Returning,7,38000,0,266000.0,199500.0,66500.0,Net Banking,Vikas Verma
TX02726,2026-04-13,Running Jacket Pro,Clothing,North,Returning,7,4800,8,30912.0,15120.0,15792.0,UPI,Vikas Verma
TX02727,2026-04-27,MagSafe Power Bank,Accessories,West,Returning,1,3200,0,3200.0,1664.0,1536.0,UPI,Vikas Verma
TX02728,2026-07-20,4K Streaming WebCam,Electronics,South,Returning,6,7800,0,46800.0,29016.0,17784.0,Card,Priya Patel
TX02729,2026-03-12,Bookshelf Wooden,Furniture,South,New,2,8900,5,16910.0,10324.0,6586.0,UPI,Kavita Reddy
TX02730,2026-05-15,Tablet Pro 11,Electronics,North,New,4,38000,0,152000.0,114000.0,38000.0,Net Banking,Vikas Verma
TX02731,2026-04-04,Robotic Vacuum X,Home Appliances,South,Returning,5,26000,0,130000.0,91000.0,39000.0,UPI,Siddharth Rao
TX02732,2026-04-07,Laptop Sleeve 15,Accessories,West,Returning,8,1100,10,7920.0,3080.0,4840.0,Card,Vikas Verma
TX02733,2026-07-24,Smartphone X,Electronics,Central,Returning,5,42000,10,189000.0,151200.0,37800.0,Cash,Amit Kumar
TX02734,2026-03-03,Coffee Maker Deluxe,Home Appliances,West,Returning,8,12800,0,102400.0,65536.0,36864.0,UPI,Siddharth Rao
TX02735,2026-05-17,4K Streaming WebCam,Electronics,Central,Returning,4,7800,5,29640.0,19344.0,10296.0,UPI,Kavita Reddy
TX02736,2026-07-05,MagSafe Power Bank,Accessories,South,Returning,3,3200,5,9120.0,4992.0,4128.0,UPI,Kavita Reddy
TX02737,2026-07-21,Ergonomic Office Chair,Furniture,North,New,3,14500,0,43500.0,26970.0,16530.0,Card,Amit Kumar
TX02738,2026-03-15,Smart Blender 1200W,Home Appliances,East,New,4,6800,5,25840.0,15776.0,10064.0,UPI,Kavita Reddy
TX02739,2026-06-26,Smart Blender 1200W,Home Appliances,North,Returning,7,6800,8,43792.0,27608.0,16184.0,Card,Amit Kumar
TX02740,2026-07-01,Monitor Arm Dual Mount,Furniture,North,Returning,8,4200,10,30240.0,16800.0,13440.0,UPI,Kavita Reddy
TX02741,2026-06-07,Casual Leather Loafers,Footwear,East,New,4,4200,0,16800.0,8400.0,8400.0,UPI,Vikas Verma
TX02742,2026-06-15,Ergonomic Office Chair,Furniture,North,Returning,5,14500,12,63800.0,44950.0,18850.0,Cash,Priya Patel
TX02743,2026-04-25,Executive Desk,Furniture,East,Returning,2,28000,0,56000.0,36400.0,19600.0,UPI,Rahul Sharma
TX02744,2026-02-08,Laptop Pro 15,Electronics,Central,New,1,68000,8,62560.0,53040.0,9520.0,Card,Kavita Reddy
TX02745,2026-05-14,4K Streaming WebCam,Electronics,West,Returning,2,7800,30,10920.0,9672.0,1248.0,UPI,Neha Singh
TX02746,2026-02-09,Denim Pants Premium,Clothing,West,Returning,4,2900,0,11600.0,4872.0,6728.0,UPI,Kavita Reddy
TX02747,2026-04-24,4K Streaming WebCam,Electronics,Central,Returning,8,7800,0,62400.0,38688.0,23712.0,Card,Siddharth Rao
TX02748,2026-07-15,Windbreaker Hooded,Clothing,West,New,2,3800,8,6992.0,3496.0,3496.0,Card,Amit Kumar
TX02749,2026-04-17,Laptop Pro 15,Electronics,South,Returning,3,68000,0,204000.0,159120.0,44880.0,UPI,Ananya Roy
TX02750,2026-04-01,Smartphone X,Electronics,East,Returning,7,42000,5,279300.0,211680.0,67620.0,Net Banking,Priya Patel
TX02751,2026-07-10,Mesh Task Chair,Furniture,East,Returning,3,7500,12,19800.0,13500.0,6300.0,Card,Rahul Sharma
TX02752,2026-07-17,Air Purifier Pro,Home Appliances,South,New,1,16500,0,16500.0,10890.0,5610.0,Card,Neha Singh
TX02753,2026-07-11,Laptop Pro 15,Electronics,South,New,1,68000,12,59840.0,53040.0,6800.0,UPI,Ananya Roy
TX02754,2026-06-03,4K Streaming WebCam,Electronics,West,Returning,5,7800,10,35100.0,24180.0,10920.0,UPI,Neha Singh
TX02755,2026-04-20,Leather Slim Wallet,Accessories,South,Returning,6,1400,0,8400.0,3192.0,5208.0,UPI,Neha Singh
TX02756,2026-06-04,Windbreaker Hooded,Clothing,West,New,1,3800,5,3610.0,1748.0,1862.0,Card,Amit Kumar
TX02757,2026-02-19,Leather Slim Wallet,Accessories,Central,New,2,1400,5,2660.0,1064.0,1596.0,Card,Amit Kumar
TX02758,2026-02-12,4K Streaming WebCam,Electronics,West,Returning,2,7800,5,14820.0,9672.0,5148.0,Card,Neha Singh
TX02759,2026-03-26,Trail Hiking Boots,Footwear,North,New,2,8400,10,15120.0,8736.0,6384.0,Cash,Vikas Verma
TX02760,2026-04-12,Casual Leather Loafers,Footwear,South,Returning,5,4200,5,19950.0,10500.0,9450.0,UPI,Siddharth Rao
TX02761,2026-03-05,Bookshelf Wooden,Furniture,South,New,1,8900,8,8188.0,5162.0,3026.0,Card,Ananya Roy
TX02762,2026-02-20,Wireless Earbuds,Electronics,West,Returning,6,4500,0,27000.0,16200.0,10800.0,Card,Amit Kumar
TX02763,2026-06-18,Coffee Maker Deluxe,Home Appliances,North,New,2,12800,15,21760.0,16384.0,5376.0,UPI,Priya Patel
TX02764,2026-06-23,Coffee Maker Deluxe,Home Appliances,East,New,1,12800,8,11776.0,8192.0,3584.0,Cash,Ananya Roy
TX02765,2026-05-27,Mesh Task Chair,Furniture,South,Returning,7,7500,8,48300.0,31500.0,16800.0,UPI,Priya Patel
TX02766,2026-05-13,Tablet Pro 11,Electronics,East,Returning,1,38000,0,38000.0,28500.0,9500.0,UPI,Neha Singh
TX02767,2026-02-04,Cotton Polo Shirt,Clothing,South,New,3,1600,20,3840.0,1920.0,1920.0,Net Banking,Neha Singh
TX02768,2026-07-05,4K Streaming WebCam,Electronics,North,Returning,1,7800,8,7176.0,4836.0,2340.0,Card,Siddharth Rao
TX02769,2026-03-14,Monitor 27 Ultra,Electronics,North,New,4,24000,8,88320.0,67200.0,21120.0,UPI,Rahul Sharma
TX02770,2026-07-19,Casual Leather Loafers,Footwear,East,New,4,4200,0,16800.0,8400.0,8400.0,Card,Ananya Roy
TX02771,2026-02-24,Robotic Vacuum X,Home Appliances,South,Returning,4,26000,10,93600.0,72800.0,20800.0,Card,Ananya Roy
TX02772,2026-05-18,Noise Cancelling Headphones,Electronics,North,Returning,8,14500,0,116000.0,75400.0,40600.0,Cash,Rahul Sharma
TX02773,2026-05-22,Leather Slim Wallet,Accessories,North,Returning,8,1400,20,8960.0,4256.0,4704.0,UPI,Amit Kumar
TX02774,2026-02-11,Gaming Mouse 8K,Electronics,East,Returning,5,3200,10,14400.0,8800.0,5600.0,UPI,Neha Singh
TX02775,2026-07-25,4K Streaming WebCam,Electronics,West,New,1,7800,0,7800.0,4836.0,2964.0,UPI,Ananya Roy
TX02776,2026-06-24,Tablet Pro 11,Electronics,South,Returning,4,38000,0,152000.0,114000.0,38000.0,UPI,Siddharth Rao
TX02777,2026-02-09,Denim Pants Premium,Clothing,Central,Returning,3,2900,0,8700.0,3654.0,5046.0,UPI,Kavita Reddy
TX02778,2026-07-24,Laptop Pro 15,Electronics,East,Returning,6,68000,8,375360.0,318240.0,57120.0,UPI,Rahul Sharma
TX02779,2026-06-17,Noise Cancelling Headphones,Electronics,Central,Returning,2,14500,5,27550.0,18850.0,8700.0,UPI,Siddharth Rao
TX02780,2026-02-19,Formal Suit Blazer,Clothing,West,Returning,7,11500,12,70840.0,44275.0,26565.0,Card,Siddharth Rao
TX02781,2026-05-16,Noise Cancelling Headphones,Electronics,West,New,3,14500,29,30885.0,28275.0,2610.0,Card,Siddharth Rao
TX02782,2026-02-01,Air Purifier Pro,Home Appliances,North,New,4,16500,0,66000.0,43560.0,22440.0,Card,Rahul Sharma
TX02783,2026-03-06,Air Purifier Pro,Home Appliances,East,Returning,8,16500,0,132000.0,87120.0,44880.0,Net Banking,Siddharth Rao
TX02784,2026-02-13,Formal Suit Blazer,Clothing,Central,New,2,11500,0,23000.0,12650.0,10350.0,UPI,Siddharth Rao
TX02785,2026-02-03,Air Purifier Pro,Home Appliances,North,Returning,2,16500,8,30360.0,21780.0,8580.0,UPI,Rahul Sharma
TX02786,2026-07-10,Gaming Mouse 8K,Electronics,North,New,1,3200,5,3040.0,1760.0,1280.0,Net Banking,Rahul Sharma
TX02787,2026-04-02,Smartphone X,Electronics,North,New,3,42000,0,126000.0,90720.0,35280.0,Card,Kavita Reddy
TX02788,2026-05-06,Trail Hiking Boots,Footwear,West,New,1,8400,5,7980.0,4368.0,3612.0,Cash,Siddharth Rao
TX02789,2026-02-11,Tablet Pro 11,Electronics,East,Returning,1,38000,0,38000.0,28500.0,9500.0,Net Banking,Ananya Roy
TX02790,2026-06-07,Denim Pants Premium,Clothing,West,New,3,2900,20,6960.0,3654.0,3306.0,Card,Amit Kumar
TX02791,2026-02-12,Windbreaker Hooded,Clothing,South,Returning,5,3800,8,17480.0,8740.0,8740.0,Net Banking,Neha Singh
TX02792,2026-06-12,Smart Watch Series 7,Electronics,North,New,1,18500,8,17020.0,12580.0,4440.0,Card,Ananya Roy
TX02793,2026-07-12,Coffee Maker Deluxe,Home Appliances,East,New,3,12800,10,34560.0,24576.0,9984.0,UPI,Siddharth Rao
TX02794,2026-03-13,Portable SSD 2TB,Electronics,East,Returning,3,12500,0,37500.0,26250.0,11250.0,Card,Rahul Sharma
TX02795,2026-04-22,Smart Blender 1200W,Home Appliances,South,New,4,6800,0,27200.0,15776.0,11424.0,UPI,Amit Kumar
TX02796,2026-04-21,Pro Runner Shoes,Footwear,North,New,4,6500,10,23400.0,12480.0,10920.0,UPI,Siddharth Rao
TX02797,2026-05-15,Smartphone X,Electronics,North,New,1,42000,5,39900.0,30240.0,9660.0,UPI,Priya Patel
TX02798,2026-05-07,Executive Desk,Furniture,West,New,2,28000,8,51520.0,36400.0,15120.0,Card,Priya Patel
TX02799,2026-05-20,Leather Slim Wallet,Accessories,West,New,1,1400,0,1400.0,532.0,868.0,UPI,Rahul Sharma
TX02800,2026-05-07,Noise Cancelling Headphones,Electronics,North,New,2,14500,0,29000.0,18850.0,10150.0,UPI,Kavita Reddy
TX02801,2026-06-26,Mesh Task Chair,Furniture,North,New,3,7500,8,20700.0,13500.0,7200.0,UPI,Priya Patel
TX02802,2026-07-25,Windbreaker Hooded,Clothing,West,Returning,8,3800,5,28880.0,13984.0,14896.0,UPI,Kavita Reddy
TX02803,2026-03-04,Smart Watch Series 7,Electronics,West,Returning,7,18500,5,123025.0,88060.0,34965.0,Card,Vikas Verma
TX02804,2026-05-15,Standing Desk Dual Engine,Furniture,South,New,1,34000,5,32300.0,23120.0,9180.0,UPI,Ananya Roy
TX02805,2026-07-06,Leather Slim Wallet,Accessories,South,Returning,8,1400,5,10640.0,4256.0,6384.0,Net Banking,Ananya Roy
TX02806,2026-07-26,Trail Hiking Boots,Footwear,North,New,2,8400,20,13440.0,8736.0,4704.0,Card,Kavita Reddy
TX02807,2026-02-23,Mesh Task Chair,Furniture,North,New,1,7500,5,7125.0,4500.0,2625.0,UPI,Ananya Roy
TX02808,2026-05-22,Leather Slim Wallet,Accessories,North,New,2,1400,8,2576.0,1064.0,1512.0,Card,Kavita Reddy
TX02809,2026-03-27,Noise Cancelling Headphones,Electronics,North,Returning,7,14500,0,101500.0,65975.0,35525.0,UPI,Amit Kumar
TX02810,2026-04-24,Monitor Arm Dual Mount,Furniture,West,Returning,8,4200,5,31920.0,16800.0,15120.0,Cash,Amit Kumar
TX02811,2026-04-08,Portable SSD 2TB,Electronics,South,Returning,3,12500,0,37500.0,26250.0,11250.0,Card,Ananya Roy
TX02812,2026-07-17,4K Streaming WebCam,Electronics,North,New,2,7800,0,15600.0,9672.0,5928.0,UPI,Rahul Sharma
TX02813,2026-02-17,Pro Runner Shoes,Footwear,East,New,2,6500,5,12350.0,6240.0,6110.0,UPI,Neha Singh
TX02814,2026-04-18,Leather Slim Wallet,Accessories,West,Returning,3,1400,12,3696.0,1596.0,2100.0,UPI,Kavita Reddy
TX02815,2026-04-26,Windbreaker Hooded,Clothing,West,New,3,3800,8,10488.0,5244.0,5244.0,UPI,Siddharth Rao
TX02816,2026-02-15,Casual Leather Loafers,Footwear,South,Returning,2,4200,0,8400.0,4200.0,4200.0,Net Banking,Priya Patel
TX02817,2026-02-08,Laptop Pro 15,Electronics,West,New,3,68000,20,163200.0,159120.0,4080.0,UPI,Amit Kumar
TX02818,2026-03-20,Pro Runner Shoes,Footwear,Central,Returning,3,6500,12,17160.0,9360.0,7800.0,Card,Kavita Reddy
TX02819,2026-05-31,Standing Desk Dual Engine,Furniture,North,New,1,34000,15,28900.0,23120.0,5780.0,UPI,Vikas Verma
TX02820,2026-06-03,Smartphone X,Electronics,Central,Returning,4,42000,5,159600.0,120960.0,38640.0,UPI,Siddharth Rao
TX02821,2026-02-09,Formal Suit Blazer,Clothing,East,New,3,11500,0,34500.0,18975.0,15525.0,UPI,Rahul Sharma
TX02822,2026-07-14,Travel Backpack 30L,Accessories,West,New,1,3500,0,3500.0,1575.0,1925.0,Card,Rahul Sharma
TX02823,2026-07-23,Pro Runner Shoes,Footwear,East,Returning,3,6500,5,18525.0,9360.0,9165.0,UPI,Ananya Roy
TX02824,2026-06-26,Laptop Pro 15,Electronics,West,Returning,3,68000,0,204000.0,159120.0,44880.0,UPI,Siddharth Rao
TX02825,2026-03-21,Laptop Sleeve 15,Accessories,West,New,4,1100,12,3872.0,1540.0,2332.0,Card,Siddharth Rao
TX02826,2026-02-19,Denim Pants Premium,Clothing,East,New,4,2900,8,10672.0,4872.0,5800.0,UPI,Neha Singh
TX02827,2026-07-01,Leather Slim Wallet,Accessories,West,Returning,5,1400,10,6300.0,2660.0,3640.0,Card,Priya Patel
TX02828,2026-04-07,Laptop Sleeve 15,Accessories,South,Returning,6,1100,10,5940.0,2310.0,3630.0,UPI,Vikas Verma
TX02829,2026-07-03,Standing Desk Dual Engine,Furniture,North,New,4,34000,0,136000.0,92480.0,43520.0,UPI,Neha Singh
TX02830,2026-07-02,Mesh Task Chair,Furniture,Central,New,1,7500,0,7500.0,4500.0,3000.0,Card,Priya Patel
TX02831,2026-07-20,Mechanical RGB Keyboard,Electronics,South,New,3,6200,0,18600.0,10788.0,7812.0,UPI,Priya Patel
TX02832,2026-03-19,Casual Leather Loafers,Footwear,South,Returning,3,4200,0,12600.0,6300.0,6300.0,UPI,Vikas Verma
TX02833,2026-06-08,Cotton Polo Shirt,Clothing,North,Returning,3,1600,0,4800.0,1920.0,2880.0,Card,Kavita Reddy
TX02834,2026-02-17,Laptop Sleeve 15,Accessories,West,Returning,3,1100,0,3300.0,1155.0,2145.0,Card,Kavita Reddy
TX02835,2026-02-15,Formal Suit Blazer,Clothing,West,Returning,5,11500,0,57500.0,31625.0,25875.0,Card,Siddharth Rao
TX02836,2026-07-29,Wireless Earbuds,Electronics,Central,New,3,4500,5,12825.0,8100.0,4725.0,UPI,Vikas Verma
TX02837,2026-05-31,Running Jacket Pro,Clothing,South,Returning,6,4800,5,27360.0,12960.0,14400.0,Card,Vikas Verma
TX02838,2026-06-26,Robotic Vacuum X,Home Appliances,North,Returning,4,26000,15,88400.0,72800.0,15600.0,Cash,Kavita Reddy
TX02839,2026-03-12,Executive Desk,Furniture,South,New,1,28000,5,26600.0,18200.0,8400.0,UPI,Priya Patel
TX02840,2026-05-10,Electric Kettle Stainless,Home Appliances,North,New,3,2400,5,6840.0,3744.0,3096.0,UPI,Kavita Reddy
TX02841,2026-07-26,Laptop Sleeve 15,Accessories,South,New,4,1100,8,4048.0,1540.0,2508.0,Card,Siddharth Rao
TX02842,2026-04-24,Windbreaker Hooded,Clothing,West,New,4,3800,5,14440.0,6992.0,7448.0,Net Banking,Amit Kumar
TX02843,2026-04-07,Travel Backpack 30L,Accessories,South,New,1,3500,5,3325.0,1575.0,1750.0,UPI,Siddharth Rao
TX02844,2026-06-16,Noise Cancelling Headphones,Electronics,South,New,1,14500,5,13775.0,9425.0,4350.0,UPI,Ananya Roy
TX02845,2026-02-28,4K Streaming WebCam,Electronics,North,New,3,7800,0,23400.0,14508.0,8892.0,Card,Kavita Reddy
TX02846,2026-04-17,Laptop Pro 15,Electronics,North,Returning,4,68000,0,272000.0,212160.0,59840.0,UPI,Siddharth Rao
TX02847,2026-02-05,Laptop Sleeve 15,Accessories,West,Returning,8,1100,10,7920.0,3080.0,4840.0,Card,Kavita Reddy
TX02848,2026-02-06,Monitor Arm Dual Mount,Furniture,South,New,3,4200,10,11340.0,6300.0,5040.0,UPI,Neha Singh
TX02849,2026-06-12,Smart Blender 1200W,Home Appliances,North,New,3,6800,8,18768.0,11832.0,6936.0,Card,Neha Singh
TX02850,2026-02-08,Running Jacket Pro,Clothing,West,New,1,4800,5,4560.0,2160.0,2400.0,UPI,Priya Patel
TX02851,2026-07-06,Travel Backpack 30L,Accessories,East,Returning,8,3500,0,28000.0,12600.0,15400.0,UPI,Amit Kumar
TX02852,2026-06-23,Running Jacket Pro,Clothing,North,New,3,4800,5,13680.0,6480.0,7200.0,UPI,Rahul Sharma
TX02853,2026-05-30,Standing Desk Dual Engine,Furniture,South,Returning,8,34000,0,272000.0,184960.0,87040.0,Card,Rahul Sharma
TX02854,2026-06-27,Windbreaker Hooded,Clothing,East,Returning,4,3800,5,14440.0,6992.0,7448.0,Card,Ananya Roy
TX02855,2026-06-30,Monitor 27 Ultra,Electronics,North,Returning,1,24000,0,24000.0,16800.0,7200.0,Card,Vikas Verma
TX02856,2026-03-10,Monitor 27 Ultra,Electronics,West,Returning,6,24000,12,126720.0,100800.0,25920.0,Card,Amit Kumar
TX02857,2026-04-27,MagSafe Power Bank,Accessories,South,Returning,1,3200,5,3040.0,1664.0,1376.0,Cash,Amit Kumar
TX02858,2026-02-11,Bookshelf Wooden,Furniture,North,Returning,8,8900,5,67640.0,41296.0,26344.0,Card,Kavita Reddy
TX02859,2026-05-04,Air Purifier Pro,Home Appliances,Central,New,3,16500,0,49500.0,32670.0,16830.0,Cash,Vikas Verma
TX02860,2026-07-26,MagSafe Power Bank,Accessories,West,New,2,3200,10,5760.0,3328.0,2432.0,UPI,Siddharth Rao
TX02861,2026-07-29,Laptop Sleeve 15,Accessories,West,New,4,1100,0,4400.0,1540.0,2860.0,Card,Neha Singh
TX02862,2026-03-16,Pro Runner Shoes,Footwear,North,Returning,7,6500,8,41860.0,21840.0,20020.0,Card,Amit Kumar
TX02863,2026-05-29,Smart Blender 1200W,Home Appliances,West,New,2,6800,0,13600.0,7888.0,5712.0,Net Banking,Neha Singh
TX02864,2026-07-30,Laptop Pro 15,Electronics,South,New,2,68000,8,125120.0,106080.0,19040.0,Card,Priya Patel
TX02865,2026-05-07,Smart Watch Series 7,Electronics,Central,Returning,2,18500,5,35150.0,25160.0,9990.0,Card,Vikas Verma
TX02866,2026-03-10,Robotic Vacuum X,Home Appliances,West,Returning,5,26000,5,123500.0,91000.0,32500.0,Card,Rahul Sharma
TX02867,2026-05-19,4K Streaming WebCam,Electronics,North,Returning,3,7800,0,23400.0,14508.0,8892.0,Card,Kavita Reddy
TX02868,2026-07-10,Laptop Sleeve 15,Accessories,Central,New,2,1100,12,1936.0,770.0,1166.0,UPI,Rahul Sharma
TX02869,2026-02-10,Pro Runner Shoes,Footwear,South,New,4,6500,0,26000.0,12480.0,13520.0,Cash,Vikas Verma
TX02870,2026-05-31,Casual Leather Loafers,Footwear,East,Returning,2,4200,8,7728.0,4200.0,3528.0,UPI,Kavita Reddy
TX02871,2026-04-22,Windbreaker Hooded,Clothing,North,Returning,1,3800,10,3420.0,1748.0,1672.0,Card,Kavita Reddy
TX02872,2026-06-12,Wireless Earbuds,Electronics,South,New,4,4500,8,16560.0,10800.0,5760.0,Card,Vikas Verma
TX02873,2026-05-06,Laptop Sleeve 15,Accessories,Central,Returning,7,1100,0,7700.0,2695.0,5005.0,Cash,Neha Singh
TX02874,2026-06-10,Mesh Task Chair,Furniture,East,Returning,4,7500,5,28500.0,18000.0,10500.0,Cash,Rahul Sharma
TX02875,2026-07-26,Travel Backpack 30L,Accessories,South,New,4,3500,8,12880.0,6300.0,6580.0,UPI,Rahul Sharma
TX02876,2026-07-12,Formal Suit Blazer,Clothing,West,Returning,2,11500,0,23000.0,12650.0,10350.0,Card,Siddharth Rao
TX02877,2026-07-18,Mechanical RGB Keyboard,Electronics,East,New,1,6200,8,5704.0,3596.0,2108.0,Card,Siddharth Rao
TX02878,2026-05-11,Monitor 27 Ultra,Electronics,West,New,2,24000,21,37920.0,33600.0,4320.0,Card,Amit Kumar
TX02879,2026-07-01,4K Streaming WebCam,Electronics,South,Returning,4,7800,0,31200.0,19344.0,11856.0,Net Banking,Siddharth Rao
TX02880,2026-07-20,Cotton Polo Shirt,Clothing,East,Returning,1,1600,0,1600.0,640.0,960.0,UPI,Siddharth Rao
TX02881,2026-06-06,Windbreaker Hooded,Clothing,South,Returning,4,3800,20,12160.0,6992.0,5168.0,UPI,Ananya Roy
TX02882,2026-07-27,Casual Leather Loafers,Footwear,North,Returning,4,4200,8,15456.0,8400.0,7056.0,Card,Neha Singh
TX02883,2026-02-26,Windbreaker Hooded,Clothing,South,Returning,6,3800,5,21660.0,10488.0,11172.0,Net Banking,Ananya Roy
TX02884,2026-03-05,Smart Watch Series 7,Electronics,East,Returning,4,18500,5,70300.0,50320.0,19980.0,Card,Vikas Verma
TX02885,2026-04-09,Monitor 27 Ultra,Electronics,South,Returning,4,24000,0,96000.0,67200.0,28800.0,UPI,Priya Patel
TX02886,2026-04-20,Travel Backpack 30L,Accessories,Central,Returning,2,3500,10,6300.0,3150.0,3150.0,Net Banking,Ananya Roy
TX02887,2026-02-13,Executive Desk,Furniture,South,Returning,2,28000,0,56000.0,36400.0,19600.0,Card,Priya Patel
TX02888,2026-02-10,Casual Leather Loafers,Footwear,West,Returning,8,4200,5,31920.0,16800.0,15120.0,Cash,Amit Kumar
TX02889,2026-04-01,Cotton Polo Shirt,Clothing,West,Returning,6,1600,5,9120.0,3840.0,5280.0,UPI,Siddharth Rao
TX02890,2026-06-02,Denim Pants Premium,Clothing,North,Returning,4,2900,10,10440.0,4872.0,5568.0,UPI,Siddharth Rao
TX02891,2026-04-18,Smartphone X,Electronics,North,New,2,42000,8,77280.0,60480.0,16800.0,Card,Kavita Reddy
TX02892,2026-06-10,Standing Desk Dual Engine,Furniture,West,New,4,34000,5,129200.0,92480.0,36720.0,Card,Amit Kumar
TX02893,2026-07-04,4K Streaming WebCam,Electronics,West,New,4,7800,15,26520.0,19344.0,7176.0,Card,Neha Singh
TX02894,2026-02-10,Noise Cancelling Headphones,Electronics,East,New,3,14500,12,38280.0,28275.0,10005.0,Card,Amit Kumar
TX02895,2026-03-31,Bookshelf Wooden,Furniture,North,New,3,8900,0,26700.0,15486.0,11214.0,UPI,Vikas Verma
TX02896,2026-06-18,Monitor Arm Dual Mount,Furniture,East,Returning,1,4200,12,3696.0,2100.0,1596.0,Net Banking,Vikas Verma
TX02897,2026-04-16,Robotic Vacuum X,Home Appliances,West,Returning,7,26000,0,182000.0,127400.0,54600.0,UPI,Ananya Roy
TX02898,2026-06-20,Denim Pants Premium,Clothing,West,Returning,8,2900,0,23200.0,9744.0,13456.0,Net Banking,Priya Patel
TX02899,2026-05-20,Wireless Earbuds,Electronics,South,New,2,4500,12,7920.0,5400.0,2520.0,UPI,Priya Patel
TX02900,2026-05-15,Wireless Earbuds,Electronics,East,Returning,2,4500,0,9000.0,5400.0,3600.0,Card,Vikas Verma
TX02901,2026-07-21,Travel Backpack 30L,Accessories,South,Returning,5,3500,10,15750.0,7875.0,7875.0,UPI,Kavita Reddy
TX02902,2026-05-27,Denim Pants Premium,Clothing,North,Returning,3,2900,5,8265.0,3654.0,4611.0,UPI,Neha Singh
TX02903,2026-03-24,Smartphone X,Electronics,West,Returning,6,42000,15,214200.0,181440.0,32760.0,Card,Siddharth Rao
TX02904,2026-03-20,Gaming Mouse 8K,Electronics,East,New,4,3200,5,12160.0,7040.0,5120.0,UPI,Siddharth Rao
TX02905,2026-05-18,Smart Blender 1200W,Home Appliances,South,New,2,6800,20,10880.0,7888.0,2992.0,Card,Neha Singh
TX02906,2026-04-13,Ergonomic Office Chair,Furniture,West,Returning,3,14500,10,39150.0,26970.0,12180.0,Cash,Amit Kumar
TX02907,2026-07-25,Bookshelf Wooden,Furniture,South,Returning,1,8900,0,8900.0,5162.0,3738.0,Net Banking,Kavita Reddy
TX02908,2026-05-20,Bookshelf Wooden,Furniture,Central,Returning,1,8900,0,8900.0,5162.0,3738.0,Cash,Priya Patel
TX02909,2026-04-25,4K Streaming WebCam,Electronics,East,New,4,7800,0,31200.0,19344.0,11856.0,UPI,Amit Kumar
TX02910,2026-03-27,Monitor Arm Dual Mount,Furniture,West,New,4,4200,0,16800.0,8400.0,8400.0,UPI,Ananya Roy
TX02911,2026-05-23,Cotton Polo Shirt,Clothing,North,Returning,1,1600,0,1600.0,640.0,960.0,UPI,Kavita Reddy
TX02912,2026-03-05,Robotic Vacuum X,Home Appliances,North,Returning,6,26000,8,143520.0,109200.0,34320.0,Card,Ananya Roy
TX02913,2026-05-03,Portable SSD 2TB,Electronics,East,Returning,8,12500,5,95000.0,70000.0,25000.0,Cash,Priya Patel
TX02914,2026-04-18,Monitor 27 Ultra,Electronics,North,Returning,6,24000,0,144000.0,100800.0,43200.0,UPI,Ananya Roy
TX02915,2026-04-29,Wireless Earbuds,Electronics,West,Returning,5,4500,10,20250.0,13500.0,6750.0,Net Banking,Vikas Verma
TX02916,2026-06-21,Electric Kettle Stainless,Home Appliances,East,New,2,2400,5,4560.0,2496.0,2064.0,UPI,Neha Singh
TX02917,2026-04-01,Wireless Earbuds,Electronics,South,New,4,4500,8,16560.0,10800.0,5760.0,Card,Ananya Roy
TX02918,2026-07-26,Travel Backpack 30L,Accessories,South,Returning,3,3500,5,9975.0,4725.0,5250.0,UPI,Kavita Reddy
TX02919,2026-06-15,MagSafe Power Bank,Accessories,South,Returning,4,3200,0,12800.0,6656.0,6144.0,Cash,Rahul Sharma
TX02920,2026-04-16,Laptop Pro 15,Electronics,East,New,4,68000,5,258400.0,212160.0,46240.0,UPI,Priya Patel
TX02921,2026-06-12,Executive Desk,Furniture,North,Returning,6,28000,5,159600.0,109200.0,50400.0,UPI,Kavita Reddy
TX02922,2026-04-04,Smart Watch Series 7,Electronics,South,Returning,6,18500,0,111000.0,75480.0,35520.0,UPI,Neha Singh
TX02923,2026-05-22,Travel Backpack 30L,Accessories,East,New,1,3500,12,3080.0,1575.0,1505.0,UPI,Priya Patel
TX02924,2026-06-21,Trail Hiking Boots,Footwear,North,Returning,7,8400,8,54096.0,30576.0,23520.0,UPI,Vikas Verma
TX02925,2026-03-05,Formal Suit Blazer,Clothing,West,Returning,7,11500,8,74060.0,44275.0,29785.0,Card,Rahul Sharma
TX02926,2026-03-09,Pro Runner Shoes,Footwear,West,Returning,4,6500,12,22880.0,12480.0,10400.0,Card,Ananya Roy
TX02927,2026-04-09,Ergonomic Office Chair,Furniture,West,New,4,14500,0,58000.0,35960.0,22040.0,UPI,Rahul Sharma
TX02928,2026-03-20,Laptop Sleeve 15,Accessories,South,New,3,1100,12,2904.0,1155.0,1749.0,UPI,Ananya Roy
TX02929,2026-03-08,Portable SSD 2TB,Electronics,South,New,3,12500,10,33750.0,26250.0,7500.0,UPI,Siddharth Rao
TX02930,2026-06-03,Monitor 27 Ultra,Electronics,North,New,3,24000,8,66240.0,50400.0,15840.0,Card,Rahul Sharma
TX02931,2026-02-25,Electric Kettle Stainless,Home Appliances,South,New,2,2400,0,4800.0,2496.0,2304.0,Cash,Vikas Verma
TX02932,2026-02-10,Monitor 27 Ultra,Electronics,Central,New,2,24000,0,48000.0,33600.0,14400.0,UPI,Ananya Roy
TX02933,2026-05-08,Noise Cancelling Headphones,Electronics,West,New,1,14500,31,10005.0,9425.0,580.0,UPI,Neha Singh
TX02934,2026-04-07,Cotton Polo Shirt,Clothing,North,Returning,4,1600,0,6400.0,2560.0,3840.0,UPI,Amit Kumar
TX02935,2026-06-13,Robotic Vacuum X,Home Appliances,Central,New,2,26000,0,52000.0,36400.0,15600.0,Card,Vikas Verma
TX02936,2026-04-27,Smart Blender 1200W,Home Appliances,West,New,2,6800,0,13600.0,7888.0,5712.0,Card,Vikas Verma
TX02937,2026-04-18,Casual Leather Loafers,Footwear,South,New,3,4200,5,11970.0,6300.0,5670.0,UPI,Neha Singh
TX02938,2026-04-10,Ergonomic Office Chair,Furniture,West,Returning,6,14500,0,87000.0,53940.0,33060.0,Card,Kavita Reddy
TX02939,2026-07-11,Monitor Arm Dual Mount,Furniture,South,Returning,6,4200,0,25200.0,12600.0,12600.0,Card,Neha Singh
TX02940,2026-05-03,Electric Kettle Stainless,Home Appliances,West,New,2,2400,20,3840.0,2496.0,1344.0,Net Banking,Siddharth Rao
TX02941,2026-05-06,Formal Suit Blazer,Clothing,East,New,4,11500,,41400.0,25300.0,16100.0,UPI,Amit Kumar
TX02942,2026-05-06,Monitor Arm Dual Mount,Furniture,West,Returning,7,4200,5,27930.0,14700.0,13230.0,UPI,Kavita Reddy
TX02943,2026-05-06,Bookshelf Wooden,Furniture,North,Returning,6,8900,0,53400.0,30972.0,22428.0,Cash,Vikas Verma
TX02944,2026-05-12,Pro Runner Shoes,Footwear,West,Returning,6,6500,0,39000.0,18720.0,20280.0,Card,Siddharth Rao
TX02945,2026-03-05,Formal Suit Blazer,Clothing,West,New,2,11500,12,20240.0,12650.0,7590.0,Card,Siddharth Rao
TX02946,2026-06-07,4K Streaming WebCam,Electronics,South,New,1,7800,0,7800.0,4836.0,2964.0,Card,Siddharth Rao
TX02947,2026-03-23,Bookshelf Wooden,Furniture,South,New,3,8900,5,25365.0,15486.0,9879.0,UPI,Siddharth Rao
TX02948,2026-04-05,Smartphone X,Electronics,South,New,2,42000,0,84000.0,60480.0,23520.0,Card,Neha Singh
TX02949,2026-07-08,Wireless Earbuds,Electronics,South,New,2,4500,8,8280.0,5400.0,2880.0,Card,Priya Patel
TX02950,2026-05-12,Laptop Sleeve 15,Accessories,West,Returning,2,1100,0,2200.0,770.0,1430.0,UPI,Neha Singh
TX02951,2026-06-02,Noise Cancelling Headphones,Electronics,South,Returning,3,14500,10,39150.0,28275.0,10875.0,Card,Priya Patel
TX02952,2026-04-12,Pro Runner Shoes,Footwear,West,Returning,1,6500,5,6175.0,3120.0,3055.0,UPI,Vikas Verma
TX02953,2026-06-27,Standing Desk Dual Engine,Furniture,North,Returning,5,34000,5,161500.0,115600.0,45900.0,UPI,Vikas Verma
TX02954,2026-05-25,Electric Kettle Stainless,Home Appliances,North,Returning,3,2400,8,6624.0,3744.0,2880.0,Net Banking,Amit Kumar
TX02955,2026-05-11,Denim Pants Premium,Clothing,South,New,2,2900,5,5510.0,2436.0,3074.0,Card,Vikas Verma
TX02956,2026-02-03,Standing Desk Dual Engine,Furniture,South,Returning,2,34000,20,54400.0,46240.0,8160.0,UPI,Siddharth Rao
TX02957,2026-07-30,Robotic Vacuum X,Home Appliances,West,Returning,2,26000,8,47840.0,36400.0,11440.0,Card,Rahul Sharma
TX02958,2026-05-17,Bookshelf Wooden,Furniture,North,New,1,8900,0,8900.0,5162.0,3738.0,Net Banking,Priya Patel
TX02959,2026-03-16,Coffee Maker Deluxe,Home Appliances,West,Returning,2,12800,5,24320.0,16384.0,7936.0,Card,Vikas Verma
TX02960,2026-06-30,Monitor 27 Ultra,Electronics,West,New,2,24000,0,48000.0,33600.0,14400.0,Net Banking,Neha Singh
TX02961,2026-06-02,Smart Blender 1200W,Home Appliances,West,Returning,4,6800,15,23120.0,15776.0,7344.0,UPI,Priya Patel
TX02962,2026-04-14,Monitor 27 Ultra,Electronics,West,Returning,5,24000,0,120000.0,84000.0,36000.0,UPI,Priya Patel
TX02963,2026-05-23,Leather Slim Wallet,Accessories,East,New,3,1400,12,3696.0,1596.0,2100.0,UPI,Siddharth Rao
TX02964,2026-02-03,Denim Pants Premium,Clothing,East,Returning,2,2900,10,5220.0,2436.0,2784.0,UPI,Vikas Verma
TX02965,2026-07-18,Portable SSD 2TB,Electronics,Central,New,4,12500,10,45000.0,35000.0,10000.0,Net Banking,Siddharth Rao
TX02966,2026-06-20,Monitor 27 Ultra,Electronics,West,New,1,24000,0,24000.0,16800.0,7200.0,UPI,Neha Singh
TX02967,2026-04-08,Laptop Sleeve 15,Accessories,Central,Returning,5,1100,5,5225.0,1925.0,3300.0,Cash,Rahul Sharma
TX02968,2026-03-26,Windbreaker Hooded,Clothing,North,Returning,8,3800,5,28880.0,13984.0,14896.0,Card,Kavita Reddy
TX02969,2026-07-02,Mechanical RGB Keyboard,Electronics,North,Returning,1,6200,0,6200.0,3596.0,2604.0,Card,Priya Patel
TX02970,2026-07-30,Smart Watch Series 7,Electronics,West,New,2,18500,10,33300.0,25160.0,8140.0,UPI,Vikas Verma
TX02971,2026-02-05,Noise Cancelling Headphones,Electronics,South,Returning,1,14500,0,14500.0,9425.0,5075.0,Net Banking,Priya Patel
TX02972,2026-04-16,Smart Watch Series 7,Electronics,North,Returning,8,18500,10,133200.0,100640.0,32560.0,UPI,Amit Kumar
TX02973,2026-06-05,Wireless Earbuds,Electronics,West,Returning,7,4500,5,29925.0,18900.0,11025.0,Card,Kavita Reddy
TX02974,2026-05-09,Denim Pants Premium,Clothing,West,New,1,2900,0,2900.0,1218.0,1682.0,Card,Priya Patel
TX02975,2026-02-10,Leather Slim Wallet,Accessories,South,Returning,7,1400,0,9800.0,3724.0,6076.0,Card,Vikas Verma
TX02976,2026-03-16,Monitor Arm Dual Mount,Furniture,East,New,3,4200,12,11088.0,6300.0,4788.0,UPI,Neha Singh
TX02977,2026-02-22,Formal Suit Blazer,Clothing,North,New,4,11500,15,39100.0,25300.0,13800.0,UPI,Priya Patel
TX02978,2026-05-16,Mesh Task Chair,Furniture,West,New,3,7500,0,22500.0,13500.0,9000.0,Card,Vikas Verma
TX02979,2026-02-20,Laptop Pro 15,Electronics,North,New,4,68000,8,250240.0,212160.0,38080.0,UPI,Kavita Reddy
TX02980,2026-06-30,Running Jacket Pro,Clothing,East,Returning,6,4800,5,27360.0,12960.0,14400.0,Card,Neha Singh
TX02981,2026-02-15,Smartphone X,Electronics,South,Returning,6,42000,5,239400.0,181440.0,57960.0,UPI,Siddharth Rao
TX02982,2026-03-26,Air Purifier Pro,Home Appliances,South,Returning,3,16500,10,44550.0,32670.0,11880.0,UPI,Priya Patel
TX02983,2026-05-28,4K Streaming WebCam,Electronics,South,New,3,7800,5,22230.0,14508.0,7722.0,UPI,Siddharth Rao
TX02984,2026-02-03,Travel Backpack 30L,Accessories,North,New,3,3500,10,9450.0,4725.0,4725.0,Card,Vikas Verma
TX02985,2026-03-01,Bookshelf Wooden,Furniture,North,Returning,7,8900,10,56070.0,36134.0,19936.0,UPI,Kavita Reddy
TX02986,2026-02-27,Laptop Pro 15,Electronics,North,Returning,7,68000,5,452200.0,371280.0,80920.0,Card,Vikas Verma
TX02987,2026-02-26,Leather Slim Wallet,Accessories,North,New,4,1400,5,5320.0,2128.0,3192.0,UPI,Priya Patel
TX02988,2026-03-04,Coffee Maker Deluxe,Home Appliances,West,Returning,3,12800,0,38400.0,24576.0,13824.0,Card,Amit Kumar
TX02989,2026-03-17,4K Streaming WebCam,Electronics,South,Returning,8,7800,0,62400.0,38688.0,23712.0,UPI,Neha Singh
TX02990,2026-05-03,Cotton Polo Shirt,Clothing,North,New,1,1600,8,1472.0,640.0,832.0,Card,Kavita Reddy
TX02991,2026-07-05,Gaming Mouse 8K,Electronics,North,Returning,2,3200,8,5888.0,3520.0,2368.0,Net Banking,Ananya Roy
TX02992,2026-07-21,Smartphone X,Electronics,West,Returning,6,42000,0,252000.0,181440.0,70560.0,Net Banking,Kavita Reddy
TX02993,2026-03-10,Portable SSD 2TB,Electronics,West,Returning,3,12500,12,33000.0,26250.0,6750.0,UPI,Siddharth Rao
TX02994,2026-04-16,Gaming Mouse 8K,Electronics,East,Returning,6,3200,15,16320.0,10560.0,5760.0,Card,Rahul Sharma
TX02995,2026-07-04,Trail Hiking Boots,Footwear,East,New,1,8400,10,7560.0,4368.0,3192.0,UPI,Vikas Verma
TX02996,2026-02-27,Denim Pants Premium,Clothing,Central,Returning,6,2900,0,17400.0,7308.0,10092.0,UPI,Ananya Roy
TX02997,2026-03-05,Laptop Sleeve 15,Accessories,West,New,3,1100,0,3300.0,1155.0,2145.0,Card,Kavita Reddy
TX02998,2026-04-15,Noise Cancelling Headphones,Electronics,East,New,2,14500,0,29000.0,18850.0,10150.0,UPI,Ananya Roy
TX02999,2026-06-08,Smartphone X,Electronics,West,New,1,42000,8,38640.0,30240.0,8400.0,UPI,Kavita Reddy
TX03000,2026-04-06,Monitor Arm Dual Mount,Furniture,West,New,1,4200,0,4200.0,2100.0,2100.0,UPI,Ananya Roy
TX03001,2026-04-30,Leather Slim Wallet,Accessories,West,Returning,5,1400,8,6440.0,2660.0,3780.0,UPI,Vikas Verma
TX03002,2026-03-20,Laptop Pro 15,Electronics,West,Returning,7,68000,5,452200.0,371280.0,80920.0,UPI,Vikas Verma
TX03003,2026-05-03,4K Streaming WebCam,Electronics,East,Returning,7,7800,0,54600.0,33852.0,20748.0,UPI,Rahul Sharma
TX03004,2026-05-11,Formal Suit Blazer,Clothing,South,New,4,11500,10,41400.0,25300.0,16100.0,UPI,Rahul Sharma
TX03005,2026-02-22,Electric Kettle Stainless,Home Appliances,South,Returning,2,2400,12,4224.0,2496.0,1728.0,UPI,Priya Patel
TX03006,2026-04-18,Tablet Pro 11,Electronics,North,New,1,38000,5,36100.0,28500.0,7600.0,UPI,Siddharth Rao
TX03007,2026-07-08,Portable SSD 2TB,Electronics,East,Returning,5,12500,0,62500.0,43750.0,18750.0,Card,Kavita Reddy
TX03008,2026-03-19,Windbreaker Hooded,Clothing,West,Returning,5,3800,8,17480.0,8740.0,8740.0,UPI,Amit Kumar
TX03009,2026-04-06,Ergonomic Office Chair,Furniture,North,Returning,1,14500,0,14500.0,8990.0,5510.0,Card,Amit Kumar
TX03010,2026-04-20,Gaming Mouse 8K,Electronics,West,New,4,3200,8,11776.0,7040.0,4736.0,UPI,Ananya Roy
TX03011,2026-04-22,Trail Hiking Boots,Footwear,South,Returning,1,8400,5,7980.0,4368.0,3612.0,Cash,Siddharth Rao
TX03012,2026-02-04,Portable SSD 2TB,Electronics,South,New,1,12500,0,12500.0,8750.0,3750.0,Card,Neha Singh
TX03013,2026-07-19,4K Streaming WebCam,Electronics,East,New,3,7800,5,22230.0,14508.0,7722.0,Net Banking,Priya Patel
TX03014,2026-04-24,Noise Cancelling Headphones,Electronics,East,New,3,14500,0,43500.0,28275.0,15225.0,Cash,Siddharth Rao
TX03015,2026-05-12,Ergonomic Office Chair,Furniture,Central,Returning,2,14500,5,27550.0,17980.0,9570.0,UPI,Vikas Verma
TX03016,2026-03-13,Noise Cancelling Headphones,Electronics,West,New,1,14500,5,13775.0,9425.0,4350.0,Card,Amit Kumar
TX03017,2026-03-03,Coffee Maker Deluxe,Home Appliances,West,Returning,7,12800,5,85120.0,57344.0,27776.0,UPI,Rahul Sharma
TX03018,2026-05-13,Bookshelf Wooden,Furniture,Central,Returning,1,8900,15,7565.0,5162.0,2403.0,UPI,Neha Singh
TX03019,2026-07-01,Portable SSD 2TB,Electronics,East,New,3,12500,0,37500.0,26250.0,11250.0,UPI,Siddharth Rao
TX03020,2026-02-25,Tablet Pro 11,Electronics,North,New,2,38000,0,76000.0,57000.0,19000.0,Card,Kavita Reddy
TX03021,2026-07-05,Leather Slim Wallet,Accessories,North,New,1,1400,8,1288.0,532.0,756.0,UPI,Ananya Roy
TX03022,2026-05-22,Mechanical RGB Keyboard,Electronics,South,New,3,6200,5,17670.0,10788.0,6882.0,Card,Vikas Verma
TX03023,2026-07-30,Leather Slim Wallet,Accessories,North,Returning,6,1400,15,7140.0,3192.0,3948.0,UPI,Kavita Reddy
TX03024,2026-06-29,4K Streaming WebCam,Electronics,North,New,3,7800,8,21528.0,14508.0,7020.0,Net Banking,Amit Kumar
TX03025,2026-04-01,Smart Watch Series 7,Electronics,Central,Returning,8,18500,5,140600.0,100640.0,39960.0,Card,Priya Patel
TX03026,2026-04-14,Formal Suit Blazer,Clothing,South,Returning,5,11500,10,51750.0,31625.0,20125.0,UPI,Priya Patel
TX03027,2026-07-08,Denim Pants Premium,Clothing,Central,New,1,2900,12,2552.0,1218.0,1334.0,Card,Kavita Reddy
TX03028,2026-05-21,Smart Blender 1200W,Home Appliances,West,New,3,6800,0,20400.0,11832.0,8568.0,Card,Siddharth Rao
TX03029,2026-02-18,Noise Cancelling Headphones,Electronics,North,Returning,2,14500,10,26100.0,18850.0,7250.0,Card,Kavita Reddy
TX03030,2026-06-21,Tablet Pro 11,Electronics,South,New,1,38000,0,38000.0,28500.0,9500.0,UPI,Priya Patel
TX03031,2026-05-12,Travel Backpack 30L,Accessories,East,Returning,8,3500,0,28000.0,12600.0,15400.0,Card,Kavita Reddy
TX03032,2026-07-12,Pro Runner Shoes,Footwear,North,New,2,6500,0,13000.0,6240.0,6760.0,Card,Ananya Roy
TX03033,2026-06-30,4K Streaming WebCam,Electronics,North,New,3,7800,8,21528.0,14508.0,7020.0,UPI,Neha Singh
TX03034,2026-06-08,Smart Watch Series 7,Electronics,North,Returning,5,18500,0,92500.0,62900.0,29600.0,UPI,Neha Singh
TX03035,2026-05-28,Formal Suit Blazer,Clothing,West,New,2,11500,12,20240.0,12650.0,7590.0,Card,Priya Patel
TX03036,2026-03-26,4K Streaming WebCam,Electronics,South,New,4,7800,5,29640.0,19344.0,10296.0,UPI,Kavita Reddy
TX03037,2026-06-18,Mesh Task Chair,Furniture,North,Returning,4,7500,10,27000.0,18000.0,9000.0,Card,Ananya Roy
TX03038,2026-06-26,Wireless Earbuds,Electronics,Central,New,2,4500,12,7920.0,5400.0,2520.0,UPI,Priya Patel
TX03039,2026-02-26,Running Jacket Pro,Clothing,West,New,4,4800,10,17280.0,8640.0,8640.0,UPI,Siddharth Rao
TX03040,2026-05-12,Denim Pants Premium,Clothing,North,Returning,4,2900,12,10208.0,4872.0,5336.0,UPI,Amit Kumar
TX03041,2026-06-05,Ergonomic Office Chair,Furniture,Central,New,3,14500,0,43500.0,26970.0,16530.0,Cash,Neha Singh
TX03042,2026-06-06,Air Purifier Pro,Home Appliances,West,New,4,16500,8,60720.0,43560.0,17160.0,Net Banking,Vikas Verma
TX03043,2026-06-16,Casual Leather Loafers,Footwear,East,Returning,3,4200,0,12600.0,6300.0,6300.0,Cash,Vikas Verma
TX03044,2026-05-06,Gaming Mouse 8K,Electronics,North,New,2,3200,0,6400.0,3520.0,2880.0,Net Banking,Amit Kumar
TX03045,2026-06-26,Smart Blender 1200W,Home Appliances,South,Returning,6,6800,10,36720.0,23664.0,13056.0,UPI,Rahul Sharma
TX03046,2026-05-19,Noise Cancelling Headphones,Electronics,West,Returning,8,14500,20,92800.0,75400.0,17400.0,Card,Neha Singh
TX03047,2026-04-23,Smartphone X,Electronics,East,Returning,4,42000,0,168000.0,120960.0,47040.0,Cash,Amit Kumar
TX03048,2026-02-19,Noise Cancelling Headphones,Electronics,East,New,3,14500,12,38280.0,28275.0,10005.0,UPI,Neha Singh
TX03049,2026-04-16,Leather Slim Wallet,Accessories,South,Returning,1,1400,0,1400.0,532.0,868.0,UPI,Kavita Reddy
TX03050,2026-06-26,Trail Hiking Boots,Footwear,West,New,1,8400,10,7560.0,4368.0,3192.0,UPI,Rahul Sharma
TX03051,2026-05-29,Smartphone X,Electronics,North,Returning,3,42000,0,126000.0,90720.0,35280.0,Card,Amit Kumar
TX03052,2026-04-04,Executive Desk,Furniture,South,Returning,3,28000,8,77280.0,54600.0,22680.0,Net Banking,Vikas Verma
TX03053,2026-04-23,Wireless Earbuds,Electronics,West,New,4,4500,10,16200.0,10800.0,5400.0,UPI,Siddharth Rao
TX03054,2026-03-23,Smart Blender 1200W,Home Appliances,East,Returning,7,6800,0,47600.0,27608.0,19992.0,UPI,Amit Kumar
TX03055,2026-03-11,Smartphone X,Electronics,West,Returning,5,42000,5,199500.0,151200.0,48300.0,UPI,Siddharth Rao
TX03056,2026-04-06,Standing Desk Dual Engine,Furniture,North,Returning,7,34000,10,214200.0,161840.0,52360.0,Card,Siddharth Rao
TX03057,2026-02-06,Laptop Sleeve 15,Accessories,North,Returning,7,1100,5,7315.0,2695.0,4620.0,Card,Priya Patel
TX03058,2026-07-29,Standing Desk Dual Engine,Furniture,South,Returning,5,34000,8,156400.0,115600.0,40800.0,UPI,Siddharth Rao
TX03059,2026-07-04,Noise Cancelling Headphones,Electronics,North,Returning,7,14500,0,101500.0,65975.0,35525.0,Card,Rahul Sharma
TX03060,2026-03-02,Executive Desk,Furniture,North,Returning,2,28000,12,49280.0,36400.0,12880.0,Net Banking,Ananya Roy
TX03061,2026-02-13,Laptop Pro 15,Electronics,North,Returning,5,68000,5,323000.0,265200.0,57800.0,Card,Rahul Sharma
TX03062,2026-06-19,Tablet Pro 11,Electronics,North,Returning,1,38000,0,38000.0,28500.0,9500.0,Card,Rahul Sharma
TX03063,2026-04-14,Tablet Pro 11,Electronics,South,New,4,38000,5,144400.0,114000.0,30400.0,Card,Priya Patel
TX03064,2026-07-26,Standing Desk Dual Engine,Furniture,West,New,1,34000,0,34000.0,23120.0,10880.0,Card,Kavita Reddy
TX03065,2026-04-21,Trail Hiking Boots,Footwear,South,Returning,4,8400,0,33600.0,17472.0,16128.0,Card,Priya Patel
TX03066,2026-05-15,MagSafe Power Bank,Accessories,Central,New,4,3200,0,12800.0,6656.0,6144.0,Cash,Kavita Reddy
TX03067,2026-06-21,Mesh Task Chair,Furniture,North,Returning,1,7500,0,7500.0,4500.0,3000.0,Card,Priya Patel
TX03068,2026-05-15,MagSafe Power Bank,Accessories,West,Returning,4,3200,5,12160.0,6656.0,5504.0,UPI,Priya Patel
TX03069,2026-02-28,Air Purifier Pro,Home Appliances,East,New,4,16500,0,66000.0,43560.0,22440.0,Card,Kavita Reddy
TX03070,2026-05-10,Casual Leather Loafers,Footwear,South,Returning,4,4200,8,15456.0,8400.0,7056.0,UPI,Priya Patel
TX03071,2026-06-02,Monitor 27 Ultra,Electronics,West,Returning,6,24000,15,122400.0,100800.0,21600.0,Card,Ananya Roy
TX03072,2026-03-21,Mesh Task Chair,Furniture,South,Returning,6,7500,5,42750.0,27000.0,15750.0,UPI,Amit Kumar
TX03073,2026-06-20,Air Purifier Pro,Home Appliances,North,Returning,4,16500,5,62700.0,43560.0,19140.0,Card,Amit Kumar
TX03074,2026-04-14,Portable SSD 2TB,Electronics,South,Returning,2,12500,5,23750.0,17500.0,6250.0,Card,Kavita Reddy
TX03075,2026-04-27,Monitor 27 Ultra,Electronics,North,New,3,24000,12,63360.0,50400.0,12960.0,UPI,Kavita Reddy
TX03076,2026-07-05,Standing Desk Dual Engine,Furniture,North,Returning,4,34000,0,136000.0,92480.0,43520.0,Card,Ananya Roy
TX03077,2026-03-25,Portable SSD 2TB,Electronics,Central,Returning,8,12500,10,90000.0,70000.0,20000.0,UPI,Neha Singh
TX03078,2026-04-07,Windbreaker Hooded,Clothing,North,New,1,3800,0,3800.0,1748.0,2052.0,UPI,Ananya Roy
TX03079,2026-04-18,Pro Runner Shoes,Footwear,North,New,4,6500,10,23400.0,12480.0,10920.0,Net Banking,Rahul Sharma
TX03080,2026-06-18,Travel Backpack 30L,Accessories,North,Returning,1,3500,8,3220.0,1575.0,1645.0,Card,Neha Singh
TX03081,2026-06-23,Portable SSD 2TB,Electronics,Central,Returning,8,12500,5,95000.0,70000.0,25000.0,Card,Priya Patel
TX03082,2026-03-03,Laptop Sleeve 15,Accessories,South,New,4,1100,8,4048.0,1540.0,2508.0,Net Banking,Neha Singh
TX03083,2026-02-01,Tablet Pro 11,Electronics,North,Returning,3,38000,0,114000.0,85500.0,28500.0,Cash,Vikas Verma
TX03084,2026-03-09,Executive Desk,Furniture,South,New,2,28000,12,49280.0,36400.0,12880.0,Net Banking,Ananya Roy
TX03085,2026-07-19,Travel Backpack 30L,Accessories,West,Returning,8,3500,20,22400.0,12600.0,9800.0,UPI,Siddharth Rao
TX03086,2026-03-03,Travel Backpack 30L,Accessories,North,New,4,3500,0,14000.0,6300.0,7700.0,UPI,Kavita Reddy
TX03087,2026-05-16,Denim Pants Premium,Clothing,North,Returning,7,2900,5,19285.0,8526.0,10759.0,UPI,Vikas Verma
TX03088,2026-04-10,Smartphone X,Electronics,North,Returning,3,42000,0,126000.0,90720.0,35280.0,Cash,Vikas Verma
TX03089,2026-03-08,Robotic Vacuum X,Home Appliances,West,New,4,26000,8,95680.0,72800.0,22880.0,Net Banking,Amit Kumar
TX03090,2026-03-05,Smart Watch Series 7,Electronics,East,Returning,4,18500,20,59200.0,50320.0,8880.0,Card,Kavita Reddy
TX03091,2026-02-06,Air Purifier Pro,Home Appliances,West,Returning,4,16500,5,62700.0,43560.0,19140.0,Card,Ananya Roy
TX03092,2026-06-07,Gaming Mouse 8K,Electronics,North,Returning,1,3200,8,2944.0,1760.0,1184.0,UPI,Priya Patel
TX03093,2026-05-13,4K Streaming WebCam,Electronics,South,New,1,7800,0,7800.0,4836.0,2964.0,UPI,Neha Singh
TX03094,2026-07-22,Mesh Task Chair,Furniture,West,Returning,8,7500,10,54000.0,36000.0,18000.0,Net Banking,Neha Singh
TX03095,2026-03-29,Windbreaker Hooded,Clothing,South,Returning,4,3800,5,14440.0,6992.0,7448.0,Cash,Amit Kumar
TX03096,2026-02-28,Denim Pants Premium,Clothing,East,Returning,2,2900,10,5220.0,2436.0,2784.0,UPI,Siddharth Rao
TX03097,2026-07-13,Robotic Vacuum X,Home Appliances,West,Returning,4,26000,10,93600.0,72800.0,20800.0,UPI,Neha Singh
TX03098,2026-02-24,Leather Slim Wallet,Accessories,West,Returning,7,1400,5,9310.0,3724.0,5586.0,UPI,Amit Kumar
TX03099,2026-04-21,Electric Kettle Stainless,Home Appliances,East,New,2,2400,20,3840.0,2496.0,1344.0,Card,Amit Kumar
TX03100,2026-04-16,Laptop Pro 15,Electronics,North,New,2,68000,0,136000.0,106080.0,29920.0,UPI,Rahul Sharma
TX03101,2026-02-23,Cotton Polo Shirt,Clothing,West,New,1,1600,0,1600.0,640.0,960.0,Card,Ananya Roy
TX03102,2026-04-13,Standing Desk Dual Engine,Furniture,West,Returning,2,34000,5,64600.0,46240.0,18360.0,Card,Rahul Sharma
TX03103,2026-07-16,Executive Desk,Furniture,Central,New,4,28000,10,100800.0,72800.0,28000.0,Net Banking,Siddharth Rao
TX03104,2026-07-04,Executive Desk,Furniture,West,New,1,28000,0,28000.0,18200.0,9800.0,UPI,Rahul Sharma
TX03105,2026-06-15,Monitor Arm Dual Mount,Furniture,North,Returning,2,4200,8,7728.0,4200.0,3528.0,Cash,Vikas Verma
TX03106,2026-06-17,Monitor 27 Ultra,Electronics,North,Returning,4,24000,0,96000.0,67200.0,28800.0,Net Banking,Priya Patel
TX03107,2026-04-27,Ergonomic Office Chair,Furniture,East,New,2,14500,0,29000.0,17980.0,11020.0,UPI,Neha Singh
TX03108,2026-07-13,Casual Leather Loafers,Footwear,South,New,4,4200,5,15960.0,8400.0,7560.0,Card,Rahul Sharma
TX03109,2026-06-12,Smart Watch Series 7,Electronics,North,New,4,18500,5,70300.0,50320.0,19980.0,UPI,Vikas Verma
TX03110,2026-05-29,Mesh Task Chair,Furniture,West,Returning,6,7500,12,39600.0,27000.0,12600.0,UPI,Priya Patel
TX03111,2026-02-10,Coffee Maker Deluxe,Home Appliances,West,Returning,4,12800,0,51200.0,32768.0,18432.0,Card,Kavita Reddy
TX03112,2026-03-24,Casual Leather Loafers,Footwear,East,New,2,4200,0,8400.0,4200.0,4200.0,Card,Priya Patel
TX03113,2026-04-20,Noise Cancelling Headphones,Electronics,West,Returning,8,14500,20,92800.0,75400.0,17400.0,Card,Ananya Roy
TX03114,2026-07-16,Smartphone X,Electronics,West,New,4,42000,5,159600.0,120960.0,38640.0,Card,Priya Patel
TX03115,2026-06-11,Leather Slim Wallet,Accessories,East,Returning,3,1400,8,3864.0,1596.0,2268.0,Card,Neha Singh
TX03116,2026-05-16,Monitor Arm Dual Mount,Furniture,South,Returning,6,4200,0,25200.0,12600.0,12600.0,Card,Siddharth Rao
TX03117,2026-07-14,Portable SSD 2TB,Electronics,South,New,2,12500,0,25000.0,17500.0,7500.0,UPI,Kavita Reddy
TX03118,2026-06-12,Laptop Sleeve 15,Accessories,North,Returning,4,1100,5,4180.0,1540.0,2640.0,UPI,Siddharth Rao
TX03119,2026-04-25,Portable SSD 2TB,Electronics,North,Returning,1,12500,5,11875.0,8750.0,3125.0,Card,Neha Singh
TX03120,2026-04-23,Mechanical RGB Keyboard,Electronics,North,New,4,6200,5,23560.0,14384.0,9176.0,UPI,Ananya Roy
TX03121,2026-07-05,Leather Slim Wallet,Accessories,South,New,2,1400,12,2464.0,1064.0,1400.0,UPI,Rahul Sharma
TX03122,2026-04-23,Smartphone X,Electronics,Central,Returning,5,42000,0,210000.0,151200.0,58800.0,UPI,Siddharth Rao
TX03123,2026-04-26,Travel Backpack 30L,Accessories,East,New,1,3500,15,2975.0,1575.0,1400.0,UPI,Ananya Roy
TX03124,2026-05-13,Coffee Maker Deluxe,Home Appliances,West,Returning,8,12800,0,102400.0,65536.0,36864.0,UPI,Vikas Verma
TX03125,2026-06-15,Pro Runner Shoes,Footwear,North,Returning,6,6500,10,35100.0,18720.0,16380.0,UPI,Amit Kumar
TX03126,2026-04-09,Running Jacket Pro,Clothing,East,Returning,8,4800,5,36480.0,17280.0,19200.0,Cash,Ananya Roy
TX03127,2026-07-14,Trail Hiking Boots,Footwear,Central,Returning,1,8400,10,7560.0,4368.0,3192.0,Card,Rahul Sharma
TX03128,2026-03-04,Mechanical RGB Keyboard,Electronics,West,New,1,6200,0,6200.0,3596.0,2604.0,Card,Rahul Sharma
TX03129,2026-06-07,Running Jacket Pro,Clothing,North,Returning,1,4800,5,4560.0,2160.0,2400.0,Card,Ananya Roy
TX03130,2026-03-11,Ergonomic Office Chair,Furniture,North,Returning,7,14500,8,93380.0,62930.0,30450.0,Cash,Rahul Sharma
TX03131,2026-05-10,Portable SSD 2TB,Electronics,Central,New,4,12500,8,46000.0,35000.0,11000.0,UPI,Amit Kumar
TX03132,2026-04-08,Ergonomic Office Chair,Furniture,Central,Returning,7,14500,0,101500.0,62930.0,38570.0,Card,Kavita Reddy
TX03133,2026-05-05,Monitor Arm Dual Mount,Furniture,South,Returning,5,4200,20,16800.0,10500.0,6300.0,Card,Ananya Roy
TX03134,2026-06-07,Smart Watch Series 7,Electronics,West,Returning,5,18500,5,87875.0,62900.0,24975.0,Card,Ananya Roy
TX03135,2026-05-16,Leather Slim Wallet,Accessories,South,Returning,8,1400,10,10080.0,4256.0,5824.0,UPI,Vikas Verma
TX03136,2026-04-06,Air Purifier Pro,Home Appliances,North,New,1,16500,0,16500.0,10890.0,5610.0,Card,Siddharth Rao
TX03137,2026-05-02,Laptop Sleeve 15,Accessories,North,Returning,5,1100,5,5225.0,1925.0,3300.0,Card,Neha Singh
TX03138,2026-07-20,Coffee Maker Deluxe,Home Appliances,West,Returning,3,12800,10,34560.0,24576.0,9984.0,Cash,Neha Singh
TX03139,2026-05-23,Electric Kettle Stainless,Home Appliances,West,Returning,4,2400,0,9600.0,4992.0,4608.0,Cash,Kavita Reddy
TX03140,2026-06-02,Air Purifier Pro,Home Appliances,East,New,3,16500,0,49500.0,32670.0,16830.0,Card,Siddharth Rao
TX03141,2026-07-07,Standing Desk Dual Engine,Furniture,West,Returning,5,34000,0,170000.0,115600.0,54400.0,Net Banking,Siddharth Rao
TX03142,2026-07-03,Formal Suit Blazer,Clothing,West,New,1,11500,10,10350.0,6325.0,4025.0,Card,Ananya Roy
TX03143,2026-02-16,Air Purifier Pro,Home Appliances,Central,New,2,16500,5,31350.0,21780.0,9570.0,UPI,Amit Kumar
TX03144,2026-02-03,Tablet Pro 11,Electronics,South,New,2,38000,5,72200.0,57000.0,15200.0,Card,Kavita Reddy
TX03145,2026-03-31,Leather Slim Wallet,Accessories,Central,Returning,6,1400,0,8400.0,3192.0,5208.0,Card,Ananya Roy
TX03146,2026-07-21,Laptop Pro 15,Electronics,North,Returning,2,68000,5,129200.0,106080.0,23120.0,UPI,Ananya Roy
TX03147,2026-03-01,Coffee Maker Deluxe,Home Appliances,North,New,1,12800,0,12800.0,8192.0,4608.0,UPI,Amit Kumar
TX03148,2026-06-24,Mechanical RGB Keyboard,Electronics,South,New,1,6200,0,6200.0,3596.0,2604.0,Card,Vikas Verma
TX03149,2026-07-26,Bookshelf Wooden,Furniture,West,Returning,6,8900,0,53400.0,30972.0,22428.0,Card,Priya Patel
TX03150,2026-03-01,4K Streaming WebCam,Electronics,North,New,1,7800,0,7800.0,4836.0,2964.0,Cash,Siddharth Rao
TX03151,2026-05-03,Ergonomic Office Chair,Furniture,Central,Returning,3,14500,5,41325.0,26970.0,14355.0,Cash,Siddharth Rao
TX03152,2026-03-19,Coffee Maker Deluxe,Home Appliances,North,New,3,12800,5,36480.0,24576.0,11904.0,Card,Ananya Roy
TX03153,2026-05-01,Denim Pants Premium,Clothing,South,New,4,2900,15,9860.0,4872.0,4988.0,Card,Priya Patel
TX03154,2026-06-30,Bookshelf Wooden,Furniture,South,New,3,8900,0,26700.0,15486.0,11214.0,UPI,Neha Singh
TX03155,2026-07-27,Trail Hiking Boots,Footwear,West,Returning,7,8400,0,58800.0,30576.0,28224.0,UPI,Priya Patel
TX03156,2026-05-18,Trail Hiking Boots,Footwear,North,Returning,7,8400,0,58800.0,30576.0,28224.0,Cash,Priya Patel
TX03157,2026-07-21,Windbreaker Hooded,Clothing,West,New,4,3800,8,13984.0,6992.0,6992.0,Card,Amit Kumar
TX03158,2026-05-20,Mesh Task Chair,Furniture,Central,New,4,7500,0,30000.0,18000.0,12000.0,UPI,Priya Patel
TX03159,2026-06-11,Casual Leather Loafers,Footwear,South,New,1,4200,5,3990.0,2100.0,1890.0,UPI,Siddharth Rao
TX03160,2026-04-03,Smartphone X,Electronics,West,New,3,42000,12,110880.0,90720.0,20160.0,UPI,Kavita Reddy
TX03161,2026-02-16,Cotton Polo Shirt,Clothing,South,Returning,3,1600,12,4224.0,1920.0,2304.0,UPI,Siddharth Rao
TX03162,2026-05-24,Bookshelf Wooden,Furniture,West,New,2,8900,15,15130.0,10324.0,4806.0,UPI,Neha Singh
TX03163,2026-06-16,MagSafe Power Bank,Accessories,Central,New,3,3200,10,8640.0,4992.0,3648.0,UPI,Vikas Verma
TX03164,2026-07-17,4K Streaming WebCam,Electronics,North,New,2,7800,5,14820.0,9672.0,5148.0,UPI,Amit Kumar
TX03165,2026-06-22,Ergonomic Office Chair,Furniture,West,New,2,14500,0,29000.0,17980.0,11020.0,Card,Ananya Roy
TX03166,2026-05-25,Robotic Vacuum X,Home Appliances,South,Returning,2,26000,0,52000.0,36400.0,15600.0,UPI,Rahul Sharma
TX03167,2026-04-15,Mesh Task Chair,Furniture,North,New,2,7500,8,13800.0,9000.0,4800.0,UPI,Ananya Roy
TX03168,2026-03-30,Smart Watch Series 7,Electronics,Central,Returning,3,18500,8,51060.0,37740.0,13320.0,Card,Kavita Reddy
TX03169,2026-03-03,Mechanical RGB Keyboard,Electronics,South,New,1,6200,12,5456.0,3596.0,1860.0,Net Banking,Amit Kumar
TX03170,2026-05-11,Formal Suit Blazer,Clothing,West,Returning,4,11500,10,41400.0,25300.0,16100.0,Card,Siddharth Rao
TX03171,2026-03-09,Smart Watch Series 7,Electronics,West,Returning,8,18500,0,148000.0,100640.0,47360.0,Card,Amit Kumar
TX03172,2026-02-26,Monitor Arm Dual Mount,Furniture,South,Returning,6,4200,5,23940.0,12600.0,11340.0,Card,Siddharth Rao
TX03173,2026-06-04,Gaming Mouse 8K,Electronics,West,New,4,3200,5,12160.0,7040.0,5120.0,UPI,Vikas Verma
TX03174,2026-04-30,Smart Watch Series 7,Electronics,South,New,3,18500,0,55500.0,37740.0,17760.0,UPI,Amit Kumar
TX03175,2026-02-02,Noise Cancelling Headphones,Electronics,West,New,2,14500,5,27550.0,18850.0,8700.0,Card,Rahul Sharma
TX03176,2026-03-27,Cotton Polo Shirt,Clothing,East,Returning,3,1600,5,4560.0,1920.0,2640.0,Card,Kavita Reddy
TX03177,2026-05-13,Tablet Pro 11,Electronics,North,Returning,5,38000,0,190000.0,142500.0,47500.0,Card,Neha Singh
TX03178,2026-04-11,Smart Blender 1200W,Home Appliances,West,Returning,6,6800,0,40800.0,23664.0,17136.0,UPI,Amit Kumar
TX03179,2026-04-03,Pro Runner Shoes,Footwear,East,New,1,6500,12,5720.0,3120.0,2600.0,Cash,Amit Kumar
TX03180,2026-05-26,Ergonomic Office Chair,Furniture,North,Returning,6,14500,0,87000.0,53940.0,33060.0,UPI,Siddharth Rao
TX03181,2026-02-16,Mechanical RGB Keyboard,Electronics,East,New,1,6200,0,6200.0,3596.0,2604.0,Card,Amit Kumar
TX03182,2026-05-04,Monitor Arm Dual Mount,Furniture,North,Returning,4,4200,8,15456.0,8400.0,7056.0,UPI,Siddharth Rao
TX03183,2026-06-14,Gaming Mouse 8K,Electronics,West,Returning,4,3200,5,12160.0,7040.0,5120.0,UPI,Priya Patel
TX03184,2026-07-17,Travel Backpack 30L,Accessories,Central,Returning,1,3500,5,3325.0,1575.0,1750.0,Card,Vikas Verma
TX03185,2026-07-16,Leather Slim Wallet,Accessories,South,New,1,1400,0,1400.0,532.0,868.0,UPI,Vikas Verma
TX03186,2026-07-29,Mechanical RGB Keyboard,Electronics,West,Returning,1,6200,5,5890.0,3596.0,2294.0,UPI,Vikas Verma
TX03187,2026-06-24,Air Purifier Pro,Home Appliances,West,New,3,16500,0,49500.0,32670.0,16830.0,UPI,Rahul Sharma
TX03188,2026-06-16,Air Purifier Pro,Home Appliances,North,New,1,16500,8,15180.0,10890.0,4290.0,Card,Vikas Verma
TX03189,2026-05-04,Mesh Task Chair,Furniture,Central,Returning,8,7500,0,60000.0,36000.0,24000.0,UPI,Ananya Roy
TX03190,2026-05-11,Gaming Mouse 8K,Electronics,East,Returning,8,3200,0,25600.0,14080.0,11520.0,UPI,Priya Patel
TX03191,2026-07-27,Laptop Sleeve 15,Accessories,East,Returning,7,1100,0,7700.0,2695.0,5005.0,UPI,Priya Patel
TX03192,2026-03-07,Electric Kettle Stainless,Home Appliances,West,New,4,2400,5,9120.0,4992.0,4128.0,Net Banking,Ananya Roy
TX03193,2026-05-05,Leather Slim Wallet,Accessories,North,New,4,1400,8,5152.0,2128.0,3024.0,Cash,Rahul Sharma
TX03194,2026-03-15,Noise Cancelling Headphones,Electronics,North,Returning,5,14500,8,66700.0,47125.0,19575.0,Net Banking,Vikas Verma
TX03195,2026-04-18,Electric Kettle Stainless,Home Appliances,Central,New,4,2400,0,9600.0,4992.0,4608.0,UPI,Vikas Verma
TX03196,2026-07-25,Gaming Mouse 8K,Electronics,North,Returning,2,3200,8,5888.0,3520.0,2368.0,UPI,Priya Patel
TX03197,2026-05-07,Ergonomic Office Chair,Furniture,South,New,4,14500,20,46400.0,35960.0,10440.0,Card,Neha Singh
TX03198,2026-05-18,Mesh Task Chair,Furniture,East,Returning,7,7500,0,52500.0,31500.0,21000.0,Card,Siddharth Rao
TX03199,2026-07-02,Laptop Sleeve 15,Accessories,Central,Returning,4,1100,5,4180.0,1540.0,2640.0,Card,Neha Singh
TX03200,2026-02-01,Smartphone X,Electronics,South,New,2,42000,5,79800.0,60480.0,19320.0,UPI,Priya Patel
TX03201,2026-04-30,Ergonomic Office Chair,Furniture,West,New,1,14500,8,13340.0,8990.0,4350.0,UPI,Rahul Sharma
TX03202,2026-05-10,Formal Suit Blazer,Clothing,East,New,1,11500,12,10120.0,6325.0,3795.0,UPI,Amit Kumar
TX03203,2026-06-29,Mechanical RGB Keyboard,Electronics,North,Returning,3,6200,5,17670.0,10788.0,6882.0,UPI,Priya Patel
TX03204,2026-06-13,Executive Desk,Furniture,North,Returning,8,28000,8,206080.0,145600.0,60480.0,Card,Siddharth Rao
TX03205,2026-07-17,Tablet Pro 11,Electronics,West,Returning,8,38000,5,288800.0,228000.0,60800.0,Card,Vikas Verma
TX03206,2026-06-28,Travel Backpack 30L,Accessories,Central,Returning,8,3500,8,25760.0,12600.0,13160.0,UPI,Amit Kumar
TX03207,2026-03-07,Mechanical RGB Keyboard,Electronics,East,New,4,6200,10,22320.0,14384.0,7936.0,Net Banking,Ananya Roy
TX03208,2026-06-13,Mechanical RGB Keyboard,Electronics,East,Returning,2,6200,20,9920.0,7192.0,2728.0,Cash,Rahul Sharma
TX03209,2026-05-22,Wireless Earbuds,Electronics,East,Returning,6,4500,5,25650.0,16200.0,9450.0,UPI,Siddharth Rao
TX03210,2026-03-24,Mechanical RGB Keyboard,Electronics,North,Returning,6,6200,10,33480.0,21576.0,11904.0,UPI,Amit Kumar
TX03211,2026-05-18,Mechanical RGB Keyboard,Electronics,South,New,4,6200,0,24800.0,14384.0,10416.0,Net Banking,Priya Patel
TX03212,2026-02-23,Standing Desk Dual Engine,Furniture,East,Returning,1,34000,5,32300.0,23120.0,9180.0,Net Banking,Amit Kumar
TX03213,2026-07-29,Tablet Pro 11,Electronics,North,New,1,38000,5,36100.0,28500.0,7600.0,UPI,Kavita Reddy
TX03214,2026-05-01,Executive Desk,Furniture,West,Returning,2,28000,5,53200.0,36400.0,16800.0,Cash,Neha Singh
TX03215,2026-05-19,Gaming Mouse 8K,Electronics,West,New,4,3200,27,9344.0,7040.0,2304.0,Cash,Ananya Roy
TX03216,2026-04-10,Monitor 27 Ultra,Electronics,West,New,1,24000,0,24000.0,16800.0,7200.0,Card,Ananya Roy
TX03217,2026-04-17,Air Purifier Pro,Home Appliances,East,New,2,16500,0,33000.0,21780.0,11220.0,UPI,Neha Singh
TX03218,2026-07-25,Gaming Mouse 8K,Electronics,North,Returning,4,3200,8,11776.0,7040.0,4736.0,UPI,Ananya Roy
TX03219,2026-04-29,Mechanical RGB Keyboard,Electronics,South,New,2,6200,0,12400.0,7192.0,5208.0,Cash,Priya Patel
TX03220,2026-07-12,Mesh Task Chair,Furniture,West,Returning,3,7500,12,19800.0,13500.0,6300.0,UPI,Amit Kumar
TX03221,2026-07-31,Executive Desk,Furniture,South,New,4,28000,0,112000.0,72800.0,39200.0,Card,Ananya Roy
TX03222,2026-04-08,Mechanical RGB Keyboard,Electronics,West,Returning,5,6200,0,31000.0,17980.0,13020.0,UPI,Siddharth Rao
TX03223,2026-03-28,Tablet Pro 11,Electronics,East,New,4,38000,5,144400.0,114000.0,30400.0,Card,Ananya Roy
TX03224,2026-07-10,Monitor 27 Ultra,Electronics,West,Returning,5,24000,5,114000.0,84000.0,30000.0,Card,Kavita Reddy
TX03225,2026-03-07,Running Jacket Pro,Clothing,Central,New,2,4800,8,8832.0,4320.0,4512.0,Card,Neha Singh
TX03226,2026-04-26,Smart Watch Series 7,Electronics,South,Returning,2,18500,12,32560.0,25160.0,7400.0,UPI,Kavita Reddy
TX03227,2026-03-22,Pro Runner Shoes,Footwear,South,Returning,3,6500,0,19500.0,9360.0,10140.0,Card,Vikas Verma
TX03228,2026-02-03,Ergonomic Office Chair,Furniture,South,Returning,3,14500,8,40020.0,26970.0,13050.0,Net Banking,Priya Patel
TX03229,2026-07-27,MagSafe Power Bank,Accessories,West,Returning,4,3200,10,11520.0,6656.0,4864.0,UPI,Neha Singh
TX03230,2026-03-20,Monitor Arm Dual Mount,Furniture,South,New,1,4200,0,4200.0,2100.0,2100.0,Card,Vikas Verma
TX03231,2026-04-16,Running Jacket Pro,Clothing,North,Returning,5,4800,0,24000.0,10800.0,13200.0,Net Banking,Rahul Sharma
TX03232,2026-03-13,Running Jacket Pro,Clothing,North,Returning,6,4800,0,28800.0,12960.0,15840.0,Card,Kavita Reddy
TX03233,2026-05-17,Coffee Maker Deluxe,Home Appliances,West,Returning,2,12800,8,23552.0,16384.0,7168.0,Card,Priya Patel
TX03234,2026-04-28,Smart Blender 1200W,Home Appliances,Central,New,3,6800,0,20400.0,11832.0,8568.0,Card,Neha Singh
TX03235,2026-07-09,Wireless Earbuds,Electronics,Central,Returning,6,4500,0,27000.0,16200.0,10800.0,Card,Vikas Verma
TX03236,2026-04-25,Smart Watch Series 7,Electronics,West,Returning,3,18500,5,52725.0,37740.0,14985.0,UPI,Priya Patel
TX03237,2026-02-07,Executive Desk,Furniture,South,New,3,28000,0,84000.0,54600.0,29400.0,Card,Amit Kumar
TX03238,2026-02-10,Ergonomic Office Chair,Furniture,North,New,4,14500,5,55100.0,35960.0,19140.0,Card,Siddharth Rao
TX03239,2026-07-04,Ergonomic Office Chair,Furniture,West,Returning,4,14500,0,58000.0,35960.0,22040.0,UPI,Vikas Verma
TX03240,2026-02-24,Wireless Earbuds,Electronics,East,Returning,4,4500,8,16560.0,10800.0,5760.0,UPI,Neha Singh
TX03241,2026-04-20,Noise Cancelling Headphones,Electronics,South,Returning,3,14500,0,43500.0,28275.0,15225.0,UPI,Amit Kumar
TX03242,2026-06-12,Executive Desk,Furniture,South,New,3,28000,8,77280.0,54600.0,22680.0,Card,Neha Singh
TX03243,2026-04-02,Mesh Task Chair,Furniture,North,New,4,7500,5,28500.0,18000.0,10500.0,Card,Rahul Sharma
TX03244,2026-06-10,Pro Runner Shoes,Footwear,West,New,3,6500,0,19500.0,9360.0,10140.0,UPI,Amit Kumar
TX03245,2026-05-10,Noise Cancelling Headphones,Electronics,East,New,4,14500,0,58000.0,37700.0,20300.0,UPI,Rahul Sharma
TX03246,2026-06-28,Coffee Maker Deluxe,Home Appliances,North,Returning,6,12800,8,70656.0,49152.0,21504.0,Cash,Kavita Reddy
TX03247,2026-07-12,Laptop Pro 15,Electronics,North,Returning,7,68000,0,476000.0,371280.0,104720.0,UPI,Priya Patel
TX03248,2026-06-01,Electric Kettle Stainless,Home Appliances,South,New,1,2400,10,2160.0,1248.0,912.0,Card,Rahul Sharma
TX03249,2026-02-10,Formal Suit Blazer,Clothing,South,Returning,8,11500,0,92000.0,50600.0,41400.0,UPI,Vikas Verma
TX03250,2026-07-07,Electric Kettle Stainless,Home Appliances,West,Returning,7,2400,5,15960.0,8736.0,7224.0,Card,Vikas Verma
TX03251,2026-05-28,Smartphone X,Electronics,South,New,1,42000,12,36960.0,30240.0,6720.0,Cash,Siddharth Rao
TX03252,2026-06-30,Tablet Pro 11,Electronics,North,New,4,38000,12,133760.0,114000.0,19760.0,UPI,Neha Singh
TX03253,2026-06-15,Mesh Task Chair,Furniture,West,Returning,8,7500,0,60000.0,36000.0,24000.0,UPI,Ananya Roy
TX03254,2026-05-19,Pro Runner Shoes,Footwear,West,New,3,6500,0,19500.0,9360.0,10140.0,Card,Siddharth Rao
TX03255,2026-02-06,Mechanical RGB Keyboard,Electronics,South,Returning,5,6200,5,29450.0,17980.0,11470.0,Card,Amit Kumar
TX03256,2026-03-25,Denim Pants Premium,Clothing,West,Returning,6,2900,8,16008.0,7308.0,8700.0,Card,Siddharth Rao
TX03257,2026-06-28,MagSafe Power Bank,Accessories,South,Returning,5,3200,0,16000.0,8320.0,7680.0,Net Banking,Ananya Roy
TX03258,2026-05-16,Smart Blender 1200W,Home Appliances,West,Returning,4,6800,5,25840.0,15776.0,10064.0,UPI,Amit Kumar
TX03259,2026-04-09,Ergonomic Office Chair,Furniture,West,Returning,8,14500,10,104400.0,71920.0,32480.0,Card,Amit Kumar
TX03260,2026-04-26,Casual Leather Loafers,Footwear,North,Returning,3,4200,0,12600.0,6300.0,6300.0,Net Banking,Neha Singh
TX03261,2026-06-18,Windbreaker Hooded,Clothing,West,Returning,7,3800,8,24472.0,12236.0,12236.0,Card,Vikas Verma
TX03262,2026-06-12,Wireless Earbuds,Electronics,East,Returning,4,4500,5,17100.0,10800.0,6300.0,UPI,Neha Singh
TX03263,2026-05-16,Tablet Pro 11,Electronics,West,New,3,38000,21,90060.0,85500.0,4560.0,UPI,Priya Patel
TX03264,2026-02-06,Smart Watch Series 7,Electronics,West,New,4,18500,8,68080.0,50320.0,17760.0,UPI,Neha Singh
TX03265,2026-02-01,Denim Pants Premium,Clothing,East,Returning,6,2900,0,17400.0,7308.0,10092.0,Cash,Kavita Reddy
TX03266,2026-05-29,Coffee Maker Deluxe,Home Appliances,East,Returning,1,12800,12,11264.0,8192.0,3072.0,UPI,Siddharth Rao
TX03267,2026-03-10,Tablet Pro 11,Electronics,Central,Returning,4,38000,0,152000.0,114000.0,38000.0,Card,Neha Singh
TX03268,2026-07-11,Mesh Task Chair,Furniture,South,Returning,7,7500,8,48300.0,31500.0,16800.0,Card,Neha Singh
TX03269,2026-02-27,Wireless Earbuds,Electronics,West,New,2,4500,5,8550.0,5400.0,3150.0,Card,Priya Patel
TX03270,2026-06-03,Tablet Pro 11,Electronics,South,New,1,38000,12,33440.0,28500.0,4940.0,UPI,Ananya Roy
TX03271,2026-05-30,Trail Hiking Boots,Footwear,Central,New,4,8400,12,29568.0,17472.0,12096.0,UPI,Siddharth Rao
TX03272,2026-05-25,Windbreaker Hooded,Clothing,West,Returning,8,3800,10,27360.0,13984.0,13376.0,UPI,Kavita Reddy
TX03273,2026-05-07,Running Jacket Pro,Clothing,West,Returning,5,4800,10,21600.0,10800.0,10800.0,Card,Amit Kumar
TX03274,2026-07-01,Coffee Maker Deluxe,Home Appliances,West,Returning,8,12800,10,92160.0,65536.0,26624.0,Cash,Rahul Sharma
TX03275,2026-04-03,Travel Backpack 30L,Accessories,South,New,4,3500,0,14000.0,6300.0,7700.0,UPI,Amit Kumar
TX03276,2026-02-06,Travel Backpack 30L,Accessories,South,New,3,3500,5,9975.0,4725.0,5250.0,UPI,Vikas Verma
TX03277,2026-02-23,Wireless Earbuds,Electronics,South,Returning,4,4500,8,16560.0,10800.0,5760.0,UPI,Rahul Sharma
TX03278,2026-02-09,Monitor 27 Ultra,Electronics,East,New,1,24000,10,21600.0,16800.0,4800.0,UPI,Ananya Roy
TX03279,2026-06-10,4K Streaming WebCam,Electronics,North,New,3,7800,0,23400.0,14508.0,8892.0,Card,Ananya Roy
TX03280,2026-07-18,Pro Runner Shoes,Footwear,South,New,2,6500,12,11440.0,6240.0,5200.0,Cash,Amit Kumar
TX03281,2026-05-17,Pro Runner Shoes,Footwear,Central,Returning,1,6500,10,5850.0,3120.0,2730.0,UPI,Kavita Reddy
TX03282,2026-02-08,Smart Watch Series 7,Electronics,North,Returning,5,18500,5,87875.0,62900.0,24975.0,Card,Ananya Roy
TX03283,2026-05-19,Wireless Earbuds,Electronics,North,Returning,7,4500,10,28350.0,18900.0,9450.0,Net Banking,Priya Patel
TX03284,2026-06-21,Mechanical RGB Keyboard,Electronics,West,New,2,6200,8,11408.0,7192.0,4216.0,UPI,Vikas Verma
TX03285,2026-05-14,Pro Runner Shoes,Footwear,North,Returning,8,6500,5,49400.0,24960.0,24440.0,Net Banking,Siddharth Rao
TX03286,2026-06-11,Leather Slim Wallet,Accessories,West,New,4,1400,8,5152.0,2128.0,3024.0,UPI,Siddharth Rao
TX03287,2026-06-21,4K Streaming WebCam,Electronics,West,New,3,7800,8,21528.0,14508.0,7020.0,UPI,Ananya Roy
TX03288,2026-07-04,Air Purifier Pro,Home Appliances,North,Returning,2,16500,0,33000.0,21780.0,11220.0,UPI,Neha Singh
TX03289,2026-07-28,Bookshelf Wooden,Furniture,North,New,2,8900,5,16910.0,10324.0,6586.0,Net Banking,Rahul Sharma
TX03290,2026-04-22,Running Jacket Pro,Clothing,West,Returning,7,4800,0,33600.0,15120.0,18480.0,UPI,Vikas Verma
TX03291,2026-02-15,Coffee Maker Deluxe,Home Appliances,North,Returning,7,12800,5,85120.0,57344.0,27776.0,UPI,Vikas Verma
TX03292,2026-05-27,Monitor Arm Dual Mount,Furniture,North,Returning,2,4200,0,8400.0,4200.0,4200.0,Card,Ananya Roy
TX03293,2026-03-15,Mesh Task Chair,Furniture,South,Returning,3,7500,0,22500.0,13500.0,9000.0,UPI,Vikas Verma
TX03294,2026-04-14,Mechanical RGB Keyboard,Electronics,North,Returning,3,6200,12,16368.0,10788.0,5580.0,UPI,Kavita Reddy
TX03295,2026-07-16,Bookshelf Wooden,Furniture,West,Returning,7,8900,5,59185.0,36134.0,23051.0,Net Banking,Kavita Reddy
TX03296,2026-06-03,Cotton Polo Shirt,Clothing,North,New,2,1600,12,2816.0,1280.0,1536.0,UPI,Neha Singh
TX03297,2026-02-03,4K Streaming WebCam,Electronics,South,New,3,7800,12,20592.0,14508.0,6084.0,Net Banking,Ananya Roy
TX03298,2026-06-17,Smart Watch Series 7,Electronics,South,Returning,6,18500,8,102120.0,75480.0,26640.0,Card,Kavita Reddy
TX03299,2026-06-21,Windbreaker Hooded,Clothing,South,Returning,1,3800,10,3420.0,1748.0,1672.0,Card,Priya Patel
TX03300,2026-03-16,Robotic Vacuum X,Home Appliances,South,Returning,2,26000,5,49400.0,36400.0,13000.0,UPI,Amit Kumar
TX03301,2026-03-28,Standing Desk Dual Engine,Furniture,Central,New,2,34000,0,68000.0,46240.0,21760.0,Card,Priya Patel
TX03302,2026-06-21,Monitor 27 Ultra,Electronics,West,Returning,2,24000,10,43200.0,33600.0,9600.0,Cash,Neha Singh
TX03303,2026-04-08,Noise Cancelling Headphones,Electronics,West,Returning,3,14500,0,43500.0,28275.0,15225.0,UPI,Ananya Roy
TX03304,2026-06-28,Trail Hiking Boots,Footwear,West,New,1,8400,10,7560.0,4368.0,3192.0,Card,Priya Patel
TX03305,2026-03-17,Wireless Earbuds,Electronics,East,New,2,4500,0,9000.0,5400.0,3600.0,Net Banking,Vikas Verma
TX03306,2026-05-14,Smart Watch Series 7,Electronics,North,New,3,18500,5,52725.0,37740.0,14985.0,Cash,Priya Patel
TX03307,2026-04-24,Bookshelf Wooden,Furniture,North,New,3,8900,0,26700.0,15486.0,11214.0,UPI,Priya Patel
TX03308,2026-07-22,Mechanical RGB Keyboard,Electronics,Central,Returning,7,6200,5,41230.0,25172.0,16058.0,Card,Ananya Roy
TX03309,2026-04-23,Trail Hiking Boots,Footwear,South,Returning,7,8400,0,58800.0,30576.0,28224.0,Cash,Ananya Roy
TX03310,2026-04-19,Gaming Mouse 8K,Electronics,West,Returning,3,3200,5,9120.0,5280.0,3840.0,UPI,Siddharth Rao
TX03311,2026-07-08,Running Jacket Pro,Clothing,South,New,3,4800,8,13248.0,6480.0,6768.0,Net Banking,Priya Patel
TX03312,2026-02-06,Smart Blender 1200W,Home Appliances,Central,Returning,7,6800,20,38080.0,27608.0,10472.0,UPI,Priya Patel
TX03313,2026-02-05,Tablet Pro 11,Electronics,Central,Returning,3,38000,0,114000.0,85500.0,28500.0,UPI,Priya Patel
TX03314,2026-05-15,4K Streaming WebCam,Electronics,South,Returning,3,7800,0,23400.0,14508.0,8892.0,UPI,Kavita Reddy
TX03315,2026-05-03,Electric Kettle Stainless,Home Appliances,North,Returning,7,2400,15,14280.0,8736.0,5544.0,UPI,Neha Singh
TX03316,2026-07-12,Running Jacket Pro,Clothing,East,Returning,2,4800,8,8832.0,4320.0,4512.0,UPI,Neha Singh
TX03317,2026-03-08,Coffee Maker Deluxe,Home Appliances,East,Returning,8,12800,0,102400.0,65536.0,36864.0,UPI,Amit Kumar
TX03318,2026-02-08,Monitor 27 Ultra,Electronics,Central,Returning,5,24000,5,114000.0,84000.0,30000.0,Card,Amit Kumar
TX03319,2026-04-07,Executive Desk,Furniture,East,Returning,3,28000,8,77280.0,54600.0,22680.0,UPI,Ananya Roy
TX03320,2026-03-20,Monitor 27 Ultra,Electronics,South,Returning,1,24000,8,22080.0,16800.0,5280.0,UPI,Siddharth Rao
TX03321,2026-02-05,Robotic Vacuum X,Home Appliances,North,Returning,3,26000,10,70200.0,54600.0,15600.0,Cash,Vikas Verma
TX03322,2026-02-04,Smart Blender 1200W,Home Appliances,West,Returning,8,6800,0,54400.0,31552.0,22848.0,Net Banking,Siddharth Rao
TX03323,2026-07-28,Formal Suit Blazer,Clothing,North,Returning,5,11500,12,50600.0,31625.0,18975.0,Card,Ananya Roy
TX03324,2026-05-23,Electric Kettle Stainless,Home Appliances,Central,New,1,2400,0,2400.0,1248.0,1152.0,UPI,Ananya Roy
TX03325,2026-05-22,Noise Cancelling Headphones,Electronics,North,Returning,8,14500,8,106720.0,75400.0,31320.0,UPI,Siddharth Rao
TX03326,2026-07-29,Monitor Arm Dual Mount,Furniture,North,New,1,4200,5,3990.0,2100.0,1890.0,UPI,Amit Kumar
TX03327,2026-07-02,Smartphone X,Electronics,Central,Returning,4,42000,5,159600.0,120960.0,38640.0,UPI,Vikas Verma
TX03328,2026-06-04,Running Jacket Pro,Clothing,West,Returning,2,4800,10,8640.0,4320.0,4320.0,Card,Neha Singh
TX03329,2026-06-11,Smartphone X,Electronics,North,New,3,42000,10,113400.0,90720.0,22680.0,Card,Ananya Roy
TX03330,2026-04-04,Portable SSD 2TB,Electronics,Central,Returning,5,12500,0,62500.0,43750.0,18750.0,Card,Priya Patel
TX03331,2026-04-08,Trail Hiking Boots,Footwear,West,Returning,6,8400,0,50400.0,26208.0,24192.0,UPI,Neha Singh
TX03332,2026-07-01,Coffee Maker Deluxe,Home Appliances,Central,Returning,7,12800,5,85120.0,57344.0,27776.0,Card,Ananya Roy
TX03333,2026-03-29,Noise Cancelling Headphones,Electronics,West,New,1,14500,10,13050.0,9425.0,3625.0,UPI,Siddharth Rao
TX03334,2026-07-11,MagSafe Power Bank,Accessories,West,New,3,3200,5,9120.0,4992.0,4128.0,Card,Amit Kumar
TX03335,2026-05-06,Ergonomic Office Chair,Furniture,West,New,2,14500,8,26680.0,17980.0,8700.0,Net Banking,Priya Patel
TX03336,2026-06-15,Standing Desk Dual Engine,Furniture,North,New,1,34000,5,32300.0,23120.0,9180.0,Card,Ananya Roy
TX03337,2026-05-21,Cotton Polo Shirt,Clothing,West,Returning,8,1600,12,11264.0,5120.0,6144.0,Card,Rahul Sharma
TX03338,2026-07-07,Electric Kettle Stainless,Home Appliances,South,Returning,4,2400,5,9120.0,4992.0,4128.0,UPI,Vikas Verma
TX03339,2026-06-28,Windbreaker Hooded,Clothing,West,Returning,3,3800,0,11400.0,5244.0,6156.0,UPI,Neha Singh
TX03340,2026-02-21,Travel Backpack 30L,Accessories,South,New,3,3500,5,9975.0,4725.0,5250.0,UPI,Kavita Reddy
TX03341,2026-04-12,Trail Hiking Boots,Footwear,Central,New,1,8400,8,7728.0,4368.0,3360.0,UPI,Siddharth Rao
TX03342,2026-07-26,Portable SSD 2TB,Electronics,South,New,1,12500,10,11250.0,8750.0,2500.0,Card,Kavita Reddy
TX03343,2026-05-20,Mesh Task Chair,Furniture,South,New,4,7500,5,28500.0,18000.0,10500.0,UPI,Ananya Roy
TX03344,2026-07-15,Pro Runner Shoes,Footwear,South,New,4,6500,5,24700.0,12480.0,12220.0,Card,Neha Singh
TX03345,2026-02-03,Tablet Pro 11,Electronics,East,New,2,38000,0,76000.0,57000.0,19000.0,UPI,Neha Singh
TX03346,2026-02-10,Smart Watch Series 7,Electronics,West,New,4,18500,8,68080.0,50320.0,17760.0,UPI,Vikas Verma
TX03347,2026-03-10,Noise Cancelling Headphones,Electronics,East,Returning,4,14500,0,58000.0,37700.0,20300.0,Card,Amit Kumar
TX03348,2026-06-03,Robotic Vacuum X,Home Appliances,South,New,3,26000,5,74100.0,54600.0,19500.0,Card,Priya Patel
TX03349,2026-07-13,Laptop Sleeve 15,Accessories,Central,New,2,1100,0,2200.0,770.0,1430.0,UPI,Rahul Sharma
TX03350,2026-02-19,Formal Suit Blazer,Clothing,West,Returning,4,11500,5,43700.0,25300.0,18400.0,Cash,Siddharth Rao
TX03351,2026-05-14,Leather Slim Wallet,Accessories,North,New,3,1400,0,4200.0,1596.0,2604.0,Cash,Ananya Roy
TX03352,2026-04-04,4K Streaming WebCam,Electronics,Central,New,4,7800,5,29640.0,19344.0,10296.0,UPI,Siddharth Rao
TX03353,2026-07-13,Noise Cancelling Headphones,Electronics,East,New,3,14500,8,40020.0,28275.0,11745.0,UPI,Vikas Verma
TX03354,2026-07-10,Wireless Earbuds,Electronics,North,Returning,6,4500,5,25650.0,16200.0,9450.0,Card,Amit Kumar
TX03355,2026-06-09,Air Purifier Pro,Home Appliances,West,New,1,16500,12,14520.0,10890.0,3630.0,Net Banking,Ananya Roy
TX03356,2026-07-17,Standing Desk Dual Engine,Furniture,East,Returning,8,34000,5,258400.0,184960.0,73440.0,Cash,Amit Kumar
TX03357,2026-02-23,Portable SSD 2TB,Electronics,South,New,2,12500,12,22000.0,17500.0,4500.0,UPI,Kavita Reddy
TX03358,2026-07-15,Laptop Sleeve 15,Accessories,South,Returning,1,1100,5,1045.0,385.0,660.0,Card,Rahul Sharma
TX03359,2026-06-04,Formal Suit Blazer,Clothing,North,Returning,2,11500,8,21160.0,12650.0,8510.0,UPI,Kavita Reddy
TX03360,2026-05-07,Air Purifier Pro,Home Appliances,North,Returning,5,16500,0,82500.0,54450.0,28050.0,Card,Amit Kumar
TX03361,2026-04-28,Standing Desk Dual Engine,Furniture,West,Returning,5,34000,8,156400.0,115600.0,40800.0,UPI,Neha Singh
TX03362,2026-06-13,Formal Suit Blazer,Clothing,West,Returning,8,11500,5,87400.0,50600.0,36800.0,UPI,Ananya Roy
TX03363,2026-06-30,Monitor 27 Ultra,Electronics,East,New,3,24000,8,66240.0,50400.0,15840.0,UPI,Neha Singh
TX03364,2026-07-14,Cotton Polo Shirt,Clothing,North,Returning,8,1600,8,11776.0,5120.0,6656.0,UPI,Siddharth Rao
TX03365,2026-06-25,Ergonomic Office Chair,Furniture,Central,Returning,5,14500,10,65250.0,44950.0,20300.0,Cash,Rahul Sharma
TX03366,2026-06-05,Electric Kettle Stainless,Home Appliances,Central,Returning,5,2400,10,10800.0,6240.0,4560.0,UPI,Ananya Roy
TX03367,2026-07-02,Trail Hiking Boots,Footwear,South,Returning,1,8400,0,8400.0,4368.0,4032.0,Net Banking,Vikas Verma
TX03368,2026-05-30,Trail Hiking Boots,Footwear,West,Returning,5,8400,0,42000.0,21840.0,20160.0,UPI,Vikas Verma
TX03369,2026-07-28,Travel Backpack 30L,Accessories,North,New,3,3500,5,9975.0,4725.0,5250.0,Card,Siddharth Rao
TX03370,2026-04-07,Mechanical RGB Keyboard,Electronics,North,New,4,6200,0,24800.0,14384.0,10416.0,UPI,Ananya Roy
TX03371,2026-07-17,Air Purifier Pro,Home Appliances,South,Returning,6,16500,0,99000.0,65340.0,33660.0,Cash,Ananya Roy
TX03372,2026-05-07,Coffee Maker Deluxe,Home Appliances,East,Returning,6,12800,5,72960.0,49152.0,23808.0,Card,Kavita Reddy
TX03373,2026-05-04,Laptop Sleeve 15,Accessories,North,New,1,1100,0,1100.0,385.0,715.0,Cash,Vikas Verma
TX03374,2026-07-11,Gaming Mouse 8K,Electronics,West,New,2,3200,0,6400.0,3520.0,2880.0,Card,Vikas Verma
TX03375,2026-05-25,Laptop Pro 15,Electronics,South,Returning,5,68000,5,323000.0,265200.0,57800.0,Card,Kavita Reddy
TX03376,2026-07-13,Mechanical RGB Keyboard,Electronics,South,Returning,8,6200,8,45632.0,28768.0,16864.0,Cash,Neha Singh
TX03377,2026-04-16,Gaming Mouse 8K,Electronics,East,Returning,6,3200,20,15360.0,10560.0,4800.0,Card,Neha Singh
TX03378,2026-06-08,Denim Pants Premium,Clothing,South,Returning,1,2900,0,2900.0,1218.0,1682.0,UPI,Siddharth Rao
TX03379,2026-02-26,Smartphone X,Electronics,North,New,1,42000,8,38640.0,30240.0,8400.0,UPI,Priya Patel
TX03380,2026-05-24,Monitor 27 Ultra,Electronics,Central,Returning,5,24000,5,114000.0,84000.0,30000.0,Card,Siddharth Rao
TX03381,2026-07-30,Ergonomic Office Chair,Furniture,Central,New,1,14500,5,13775.0,8990.0,4785.0,Card,Priya Patel
TX03382,2026-05-05,Monitor Arm Dual Mount,Furniture,West,Returning,7,4200,5,27930.0,14700.0,13230.0,Card,Ananya Roy
TX03383,2026-03-23,Pro Runner Shoes,Footwear,East,New,3,6500,8,17940.0,9360.0,8580.0,Card,Rahul Sharma
TX03384,2026-06-06,Tablet Pro 11,Electronics,South,New,2,38000,0,76000.0,57000.0,19000.0,UPI,Neha Singh
TX03385,2026-04-01,Coffee Maker Deluxe,Home Appliances,West,Returning,1,12800,0,12800.0,8192.0,4608.0,UPI,Kavita Reddy
TX03386,2026-04-21,Portable SSD 2TB,Electronics,East,New,2,12500,5,23750.0,17500.0,6250.0,Cash,Neha Singh
TX03387,2026-04-22,Travel Backpack 30L,Accessories,West,Returning,7,3500,5,23275.0,11025.0,12250.0,Cash,Priya Patel
TX03388,2026-07-28,Running Jacket Pro,Clothing,East,New,1,4800,8,4416.0,2160.0,2256.0,Net Banking,Neha Singh
TX03389,2026-05-05,Pro Runner Shoes,Footwear,West,Returning,3,6500,5,18525.0,9360.0,9165.0,UPI,Amit Kumar
TX03390,2026-04-29,Ergonomic Office Chair,Furniture,Central,Returning,4,14500,12,51040.0,35960.0,15080.0,Card,Vikas Verma
TX03391,2026-02-18,4K Streaming WebCam,Electronics,Central,Returning,7,7800,5,51870.0,33852.0,18018.0,Card,Priya Patel
TX03392,2026-03-05,Noise Cancelling Headphones,Electronics,Central,Returning,3,14500,0,43500.0,28275.0,15225.0,Card,Amit Kumar
TX03393,2026-04-24,Portable SSD 2TB,Electronics,West,New,1,12500,5,11875.0,8750.0,3125.0,Card,Amit Kumar
TX03394,2026-04-27,Cotton Polo Shirt,Clothing,South,Returning,6,1600,5,9120.0,3840.0,5280.0,UPI,Vikas Verma
TX03395,2026-05-08,Air Purifier Pro,Home Appliances,West,New,3,16500,0,49500.0,32670.0,16830.0,Net Banking,Priya Patel
TX03396,2026-06-14,Mechanical RGB Keyboard,Electronics,West,Returning,6,6200,0,37200.0,21576.0,15624.0,UPI,Kavita Reddy
TX03397,2026-03-21,Laptop Sleeve 15,Accessories,Central,Returning,3,1100,0,3300.0,1155.0,2145.0,Card,Priya Patel
TX03398,2026-07-27,Standing Desk Dual Engine,Furniture,South,Returning,7,34000,5,226100.0,161840.0,64260.0,Card,Vikas Verma
TX03399,2026-06-08,Smart Watch Series 7,Electronics,South,Returning,3,18500,0,55500.0,37740.0,17760.0,UPI,Neha Singh
TX03400,2026-03-23,Monitor Arm Dual Mount,Furniture,South,Returning,2,4200,0,8400.0,4200.0,4200.0,UPI,Neha Singh
TX03401,2026-05-11,Laptop Pro 15,Electronics,North,Returning,7,68000,12,418880.0,371280.0,47600.0,Card,Kavita Reddy
TX03402,2026-02-12,Laptop Pro 15,Electronics,Central,Returning,8,68000,5,516800.0,424320.0,92480.0,Net Banking,Neha Singh
TX03403,2026-05-31,Robotic Vacuum X,Home Appliances,North,Returning,1,26000,5,24700.0,18200.0,6500.0,Card,Priya Patel
TX03404,2026-07-13,Smart Blender 1200W,Home Appliances,North,New,2,6800,0,13600.0,7888.0,5712.0,Card,Siddharth Rao
TX03405,2026-06-24,Tablet Pro 11,Electronics,West,New,4,38000,10,136800.0,114000.0,22800.0,UPI,Neha Singh
TX03406,2026-07-22,Portable SSD 2TB,Electronics,South,New,3,12500,10,33750.0,26250.0,7500.0,UPI,Siddharth Rao
TX03407,2026-05-31,Cotton Polo Shirt,Clothing,North,Returning,7,1600,0,11200.0,4480.0,6720.0,Card,Neha Singh
TX03408,2026-07-06,Smartphone X,Electronics,South,Returning,1,42000,15,35700.0,30240.0,5460.0,Card,Kavita Reddy
TX03409,2026-07-16,Laptop Pro 15,Electronics,North,New,1,68000,8,62560.0,53040.0,9520.0,Card,Rahul Sharma
TX03410,2026-03-04,Wireless Earbuds,Electronics,West,New,1,4500,0,4500.0,2700.0,1800.0,Net Banking,Amit Kumar
TX03411,2026-06-29,Electric Kettle Stainless,Home Appliances,South,New,3,2400,0,7200.0,3744.0,3456.0,Net Banking,Neha Singh
TX03412,2026-02-18,Monitor Arm Dual Mount,Furniture,East,New,2,4200,,7560.0,4200.0,3360.0,UPI,Amit Kumar
TX03413,2026-05-14,Laptop Pro 15,Electronics,North,New,1,68000,5,64600.0,53040.0,11560.0,Card,Ananya Roy
TX03414,2026-04-12,Laptop Sleeve 15,Accessories,North,Returning,4,1100,0,4400.0,1540.0,2860.0,Net Banking,Neha Singh
TX03415,2026-06-09,Cotton Polo Shirt,Clothing,North,Returning,2,1600,0,3200.0,1280.0,1920.0,UPI,Neha Singh
TX03416,2026-04-25,Smart Watch Series 7,Electronics,East,New,3,18500,5,52725.0,37740.0,14985.0,UPI,Ananya Roy
TX03417,2026-03-04,Smartphone X,Electronics,West,Returning,5,42000,0,210000.0,151200.0,58800.0,Cash,Priya Patel
TX03418,2026-03-11,Monitor Arm Dual Mount,Furniture,North,Returning,6,4200,5,23940.0,12600.0,11340.0,Card,Kavita Reddy
TX03419,2026-06-25,Laptop Pro 15,Electronics,Central,New,4,68000,0,272000.0,212160.0,59840.0,Net Banking,Priya Patel
TX03420,2026-06-05,Smartphone X,Electronics,North,New,4,42000,12,147840.0,120960.0,26880.0,Cash,Vikas Verma
TX03421,2026-02-19,Noise Cancelling Headphones,Electronics,South,Returning,7,14500,0,101500.0,65975.0,35525.0,UPI,Siddharth Rao
TX03422,2026-04-06,Bookshelf Wooden,Furniture,West,Returning,6,8900,0,53400.0,30972.0,22428.0,UPI,Vikas Verma
TX03423,2026-03-02,Trail Hiking Boots,Footwear,West,New,4,8400,10,30240.0,17472.0,12768.0,UPI,Rahul Sharma
TX03424,2026-02-03,Robotic Vacuum X,Home Appliances,South,New,4,26000,8,95680.0,72800.0,22880.0,Card,Neha Singh
TX03425,2026-02-21,Travel Backpack 30L,Accessories,West,New,2,3500,0,7000.0,3150.0,3850.0,Card,Siddharth Rao
TX03426,2026-05-27,Formal Suit Blazer,Clothing,Central,Returning,5,11500,20,46000.0,31625.0,14375.0,UPI,Rahul Sharma
TX03427,2026-04-19,Running Jacket Pro,Clothing,Central,Returning,5,4800,8,22080.0,10800.0,11280.0,Net Banking,Neha Singh
TX03428,2026-03-02,Smart Watch Series 7,Electronics,Central,New,3,18500,10,49950.0,37740.0,12210.0,UPI,Rahul Sharma
TX03429,2026-05-28,Air Purifier Pro,Home Appliances,West,Returning,5,16500,10,74250.0,54450.0,19800.0,UPI,Priya Patel
TX03430,2026-02-27,Mechanical RGB Keyboard,Electronics,North,Returning,8,6200,5,47120.0,28768.0,18352.0,Cash,Ananya Roy
TX03431,2026-04-16,Coffee Maker Deluxe,Home Appliances,South,Returning,8,12800,0,102400.0,65536.0,36864.0,UPI,Neha Singh
TX03432,2026-04-17,Laptop Sleeve 15,Accessories,South,Returning,1,1100,10,990.0,385.0,605.0,Card,Vikas Verma
TX03433,2026-07-26,Robotic Vacuum X,Home Appliances,East,New,4,26000,0,104000.0,72800.0,31200.0,UPI,Amit Kumar
TX03434,2026-07-17,Smart Blender 1200W,Home Appliances,North,Returning,7,6800,10,42840.0,27608.0,15232.0,Card,Kavita Reddy
TX03435,2026-05-24,Trail Hiking Boots,Footwear,South,New,1,8400,10,7560.0,4368.0,3192.0,UPI,Siddharth Rao
TX03436,2026-03-09,Robotic Vacuum X,Home Appliances,North,Returning,3,26000,12,68640.0,54600.0,14040.0,Cash,Kavita Reddy
TX03437,2026-02-18,Smart Watch Series 7,Electronics,North,Returning,4,18500,20,59200.0,50320.0,8880.0,UPI,Siddharth Rao
TX03438,2026-03-17,Ergonomic Office Chair,Furniture,West,New,2,14500,0,29000.0,17980.0,11020.0,UPI,Neha Singh
TX03439,2026-07-26,Monitor Arm Dual Mount,Furniture,North,New,2,4200,0,8400.0,4200.0,4200.0,UPI,Siddharth Rao
TX03440,2026-02-08,Robotic Vacuum X,Home Appliances,East,Returning,4,26000,8,95680.0,72800.0,22880.0,UPI,Ananya Roy
TX03441,2026-07-18,Noise Cancelling Headphones,Electronics,North,Returning,7,14500,0,101500.0,65975.0,35525.0,UPI,Vikas Verma
TX03442,2026-02-24,Noise Cancelling Headphones,Electronics,East,New,1,14500,0,14500.0,9425.0,5075.0,UPI,Vikas Verma
TX03443,2026-04-06,MagSafe Power Bank,Accessories,Central,Returning,5,3200,5,15200.0,8320.0,6880.0,Card,Ananya Roy
TX03444,2026-04-04,Mechanical RGB Keyboard,Electronics,North,Returning,1,6200,0,6200.0,3596.0,2604.0,UPI,Vikas Verma
TX03445,2026-03-09,MagSafe Power Bank,Accessories,West,New,4,3200,5,12160.0,6656.0,5504.0,Net Banking,Amit Kumar
TX03446,2026-05-05,Formal Suit Blazer,Clothing,West,Returning,7,11500,5,76475.0,44275.0,32200.0,Card,Kavita Reddy
TX03447,2026-06-20,Electric Kettle Stainless,Home Appliances,North,New,2,2400,8,4416.0,2496.0,1920.0,Net Banking,Amit Kumar
TX03448,2026-03-04,Monitor Arm Dual Mount,Furniture,Central,Returning,1,4200,12,3696.0,2100.0,1596.0,UPI,Ananya Roy
TX03449,2026-06-24,Electric Kettle Stainless,Home Appliances,Central,Returning,3,2400,5,6840.0,3744.0,3096.0,Card,Kavita Reddy
TX03450,2026-03-13,MagSafe Power Bank,Accessories,East,Returning,2,3200,0,6400.0,3328.0,3072.0,UPI,Vikas Verma
TX03451,2026-06-26,Air Purifier Pro,Home Appliances,West,New,1,16500,5,15675.0,10890.0,4785.0,Card,Siddharth Rao
TX03452,2026-04-21,Cotton Polo Shirt,Clothing,North,New,2,1600,10,2880.0,1280.0,1600.0,Card,Rahul Sharma
TX03453,2026-06-01,Laptop Pro 15,Electronics,North,New,1,68000,0,68000.0,53040.0,14960.0,Card,Ananya Roy
TX03454,2026-07-26,Smart Watch Series 7,Electronics,North,New,2,18500,8,34040.0,25160.0,8880.0,Card,Rahul Sharma
TX03455,2026-02-22,Leather Slim Wallet,Accessories,South,New,3,1400,0,4200.0,1596.0,2604.0,UPI,Kavita Reddy
TX03456,2026-07-09,Noise Cancelling Headphones,Electronics,West,Returning,1,14500,10,13050.0,9425.0,3625.0,UPI,Siddharth Rao
TX03457,2026-03-06,Trail Hiking Boots,Footwear,South,Returning,2,8400,5,15960.0,8736.0,7224.0,UPI,Kavita Reddy
TX03458,2026-04-06,Running Jacket Pro,Clothing,North,New,4,4800,0,19200.0,8640.0,10560.0,Card,Ananya Roy
TX03459,2026-04-16,Executive Desk,Furniture,North,Returning,6,28000,5,159600.0,109200.0,50400.0,Card,Neha Singh
TX03460,2026-07-27,Standing Desk Dual Engine,Furniture,South,Returning,1,34000,5,32300.0,23120.0,9180.0,Card,Vikas Verma
TX03461,2026-04-27,Casual Leather Loafers,Footwear,Central,New,2,4200,5,7980.0,4200.0,3780.0,UPI,Ananya Roy
TX03462,2026-06-09,Mechanical RGB Keyboard,Electronics,East,Returning,2,6200,5,11780.0,7192.0,4588.0,Card,Siddharth Rao
TX03463,2026-06-08,Travel Backpack 30L,Accessories,West,New,2,3500,5,6650.0,3150.0,3500.0,Card,Rahul Sharma
TX03464,2026-03-03,4K Streaming WebCam,Electronics,East,Returning,3,7800,0,23400.0,14508.0,8892.0,Card,Kavita Reddy
TX03465,2026-02-01,Running Jacket Pro,Clothing,East,Returning,8,4800,5,36480.0,17280.0,19200.0,Card,Priya Patel
TX03466,2026-04-29,Air Purifier Pro,Home Appliances,Central,Returning,2,16500,5,31350.0,21780.0,9570.0,UPI,Kavita Reddy
TX03467,2026-02-22,Denim Pants Premium,Clothing,East,Returning,8,2900,0,23200.0,9744.0,13456.0,Net Banking,Vikas Verma
TX03468,2026-07-29,Gaming Mouse 8K,Electronics,Central,Returning,3,3200,0,9600.0,5280.0,4320.0,Cash,Neha Singh
TX03469,2026-06-30,Smart Blender 1200W,Home Appliances,North,New,1,6800,5,6460.0,3944.0,2516.0,Card,Priya Patel
TX03470,2026-03-18,Cotton Polo Shirt,Clothing,West,Returning,8,1600,8,11776.0,5120.0,6656.0,UPI,Siddharth Rao
TX03471,2026-05-30,Travel Backpack 30L,Accessories,North,Returning,5,3500,0,17500.0,7875.0,9625.0,UPI,Ananya Roy
TX03472,2026-04-19,Trail Hiking Boots,Footwear,East,New,4,8400,5,31920.0,17472.0,14448.0,UPI,Siddharth Rao
TX03473,2026-04-20,Bookshelf Wooden,Furniture,Central,Returning,1,8900,10,8010.0,5162.0,2848.0,Card,Rahul Sharma
TX03474,2026-03-30,Running Jacket Pro,Clothing,Central,Returning,5,4800,0,24000.0,10800.0,13200.0,Card,Siddharth Rao
TX03475,2026-02-13,Smartphone X,Electronics,West,Returning,1,42000,8,38640.0,30240.0,8400.0,UPI,Ananya Roy
TX03476,2026-06-04,Bookshelf Wooden,Furniture,East,New,2,8900,5,16910.0,10324.0,6586.0,Card,Amit Kumar
TX03477,2026-03-05,Air Purifier Pro,Home Appliances,South,New,1,16500,0,16500.0,10890.0,5610.0,Card,Neha Singh
TX03478,2026-02-14,Smart Watch Series 7,Electronics,West,New,1,18500,12,16280.0,12580.0,3700.0,Card,Amit Kumar
TX03479,2026-05-31,Monitor Arm Dual Mount,Furniture,North,Returning,8,4200,0,33600.0,16800.0,16800.0,UPI,Vikas Verma
TX03480,2026-02-17,Mesh Task Chair,Furniture,East,Returning,7,7500,5,49875.0,31500.0,18375.0,Card,Rahul Sharma
TX03481,2026-07-13,Wireless Earbuds,Electronics,East,New,2,4500,0,9000.0,5400.0,3600.0,UPI,Vikas Verma
TX03482,2026-05-26,Cotton Polo Shirt,Clothing,North,Returning,4,1600,10,5760.0,2560.0,3200.0,Net Banking,Ananya Roy
TX03483,2026-07-08,Smart Blender 1200W,Home Appliances,West,Returning,8,6800,10,48960.0,31552.0,17408.0,Card,Priya Patel
TX03484,2026-05-02,Monitor Arm Dual Mount,Furniture,West,New,2,4200,0,8400.0,4200.0,4200.0,Card,Amit Kumar
TX03485,2026-04-19,Trail Hiking Boots,Footwear,West,New,3,8400,0,25200.0,13104.0,12096.0,Card,Amit Kumar
TX03486,2026-07-05,Smartphone X,Electronics,East,Returning,1,42000,5,39900.0,30240.0,9660.0,Cash,Siddharth Rao
TX03487,2026-02-18,Cotton Polo Shirt,Clothing,South,Returning,8,1600,0,12800.0,5120.0,7680.0,Card,Ananya Roy
TX03488,2026-04-23,Mesh Task Chair,Furniture,West,New,3,7500,0,22500.0,13500.0,9000.0,UPI,Siddharth Rao
TX03489,2026-07-09,Leather Slim Wallet,Accessories,East,Returning,1,1400,8,1288.0,532.0,756.0,UPI,Ananya Roy
TX03490,2026-04-10,Bookshelf Wooden,Furniture,East,New,2,8900,8,16376.0,10324.0,6052.0,UPI,Rahul Sharma
TX03491,2026-04-12,Windbreaker Hooded,Clothing,West,Returning,3,3800,10,10260.0,5244.0,5016.0,Card,Amit Kumar
TX03492,2026-06-12,Travel Backpack 30L,Accessories,East,New,4,3500,0,14000.0,6300.0,7700.0,Cash,Priya Patel
TX03493,2026-03-29,Monitor Arm Dual Mount,Furniture,North,Returning,5,4200,0,21000.0,10500.0,10500.0,Card,Neha Singh
TX03494,2026-02-13,Ergonomic Office Chair,Furniture,Central,Returning,2,14500,10,26100.0,17980.0,8120.0,UPI,Kavita Reddy
TX03495,2026-04-06,Smartphone X,Electronics,East,Returning,4,42000,8,154560.0,120960.0,33600.0,Card,Rahul Sharma
TX03496,2026-04-03,Bookshelf Wooden,Furniture,South,New,1,8900,5,8455.0,5162.0,3293.0,UPI,Amit Kumar
TX03497,2026-04-25,Mechanical RGB Keyboard,Electronics,West,Returning,2,6200,5,11780.0,7192.0,4588.0,UPI,Kavita Reddy
TX03498,2026-02-14,Running Jacket Pro,Clothing,East,Returning,5,4800,0,24000.0,10800.0,13200.0,Cash,Vikas Verma
TX03499,2026-04-29,Electric Kettle Stainless,Home Appliances,South,New,2,2400,5,4560.0,2496.0,2064.0,UPI,Priya Patel
TX03500,2026-03-06,Windbreaker Hooded,Clothing,North,Returning,1,3800,12,3344.0,1748.0,1596.0,Card,Priya Patel
TX03501,2026-07-01,Smart Watch Series 7,Electronics,West,Returning,6,18500,12,97680.0,75480.0,22200.0,UPI,Neha Singh
TX03502,2026-07-27,Cotton Polo Shirt,Clothing,East,New,1,1600,8,1472.0,640.0,832.0,Cash,Priya Patel
TX03503,2026-04-27,Leather Slim Wallet,Accessories,West,New,4,1400,12,4928.0,2128.0,2800.0,Cash,Siddharth Rao
TX03504,2026-05-22,Bookshelf Wooden,Furniture,North,Returning,3,8900,20,21360.0,15486.0,5874.0,UPI,Rahul Sharma
TX03505,2026-05-22,Gaming Mouse 8K,Electronics,West,New,1,3200,28,2304.0,1760.0,544.0,Card,Ananya Roy
TX03506,2026-05-22,Monitor Arm Dual Mount,Furniture,South,New,1,4200,5,3990.0,2100.0,1890.0,Net Banking,Ananya Roy
TX03507,2026-02-11,Denim Pants Premium,Clothing,North,New,4,2900,5,11020.0,4872.0,6148.0,UPI,Siddharth Rao
TX03508,2026-07-03,Casual Leather Loafers,Footwear,South,New,2,4200,8,7728.0,4200.0,3528.0,Card,Siddharth Rao
TX03509,2026-02-07,Laptop Sleeve 15,Accessories,North,Returning,1,1100,0,1100.0,385.0,715.0,UPI,Vikas Verma
TX03510,2026-05-18,Mechanical RGB Keyboard,Electronics,West,Returning,3,6200,25,13950.0,10788.0,3162.0,Cash,Priya Patel
TX03511,2026-06-18,Standing Desk Dual Engine,Furniture,North,Returning,7,34000,8,218960.0,161840.0,57120.0,UPI,Neha Singh
TX03512,2026-06-23,MagSafe Power Bank,Accessories,North,Returning,8,3200,8,23552.0,13312.0,10240.0,Card,Priya Patel
TX03513,2026-06-16,Coffee Maker Deluxe,Home Appliances,Central,Returning,1,12800,20,10240.0,8192.0,2048.0,Card,Siddharth Rao
TX03514,2026-04-27,Electric Kettle Stainless,Home Appliances,West,Returning,3,2400,5,6840.0,3744.0,3096.0,UPI,Rahul Sharma
TX03515,2026-02-04,Travel Backpack 30L,Accessories,Central,Returning,3,3500,10,9450.0,4725.0,4725.0,Card,Priya Patel
TX03516,2026-07-23,Denim Pants Premium,Clothing,South,Returning,8,2900,0,23200.0,9744.0,13456.0,UPI,Rahul Sharma
TX03517,2026-05-31,MagSafe Power Bank,Accessories,North,Returning,1,3200,15,2720.0,1664.0,1056.0,UPI,Siddharth Rao
TX03518,2026-07-05,Casual Leather Loafers,Footwear,Central,Returning,6,4200,0,25200.0,12600.0,12600.0,UPI,Vikas Verma
TX03519,2026-07-06,Standing Desk Dual Engine,Furniture,South,Returning,5,34000,5,161500.0,115600.0,45900.0,UPI,Rahul Sharma
TX03520,2026-05-23,Robotic Vacuum X,Home Appliances,East,Returning,8,26000,5,197600.0,145600.0,52000.0,Cash,Ananya Roy
TX03521,2026-06-06,Mechanical RGB Keyboard,Electronics,North,New,4,6200,0,24800.0,14384.0,10416.0,Card,Ananya Roy
TX03522,2026-05-14,Standing Desk Dual Engine,Furniture,Central,New,1,34000,5,32300.0,23120.0,9180.0,Net Banking,Kavita Reddy
TX03523,2026-03-26,4K Streaming WebCam,Electronics,North,New,3,7800,5,22230.0,14508.0,7722.0,Net Banking,Siddharth Rao
TX03524,2026-04-26,Standing Desk Dual Engine,Furniture,North,Returning,8,34000,5,258400.0,184960.0,73440.0,UPI,Neha Singh
TX03525,2026-02-26,Robotic Vacuum X,Home Appliances,East,Returning,2,26000,5,49400.0,36400.0,13000.0,UPI,Siddharth Rao
TX03526,2026-02-28,Air Purifier Pro,Home Appliances,South,Returning,3,16500,0,49500.0,32670.0,16830.0,UPI,Vikas Verma
TX03527,2026-07-21,Tablet Pro 11,Electronics,North,New,3,38000,0,114000.0,85500.0,28500.0,UPI,Rahul Sharma
TX03528,2026-04-29,Denim Pants Premium,Clothing,East,New,1,2900,8,2668.0,1218.0,1450.0,Card,Neha Singh
TX03529,2026-06-26,Leather Slim Wallet,Accessories,South,Returning,8,1400,0,11200.0,4256.0,6944.0,UPI,Siddharth Rao
TX03530,2026-03-27,Laptop Pro 15,Electronics,North,Returning,5,68000,0,340000.0,265200.0,74800.0,UPI,Rahul Sharma
TX03531,2026-02-08,Smartphone X,Electronics,East,New,3,42000,0,126000.0,90720.0,35280.0,UPI,Neha Singh
TX03532,2026-02-05,Leather Slim Wallet,Accessories,West,Returning,2,1400,5,2660.0,1064.0,1596.0,Card,Siddharth Rao
TX03533,2026-04-22,Running Jacket Pro,Clothing,South,New,4,4800,8,17664.0,8640.0,9024.0,UPI,Siddharth Rao
TX03534,2026-03-13,4K Streaming WebCam,Electronics,South,Returning,6,7800,8,43056.0,29016.0,14040.0,UPI,Amit Kumar
TX03535,2026-03-05,Monitor Arm Dual Mount,Furniture,North,New,3,4200,0,12600.0,6300.0,6300.0,UPI,Kavita Reddy
TX03536,2026-05-27,Mechanical RGB Keyboard,Electronics,North,New,3,6200,5,17670.0,10788.0,6882.0,Card,Vikas Verma
TX03537,2026-02-27,MagSafe Power Bank,Accessories,West,New,1,3200,0,3200.0,1664.0,1536.0,UPI,Siddharth Rao
TX03538,2026-02-12,Gaming Mouse 8K,Electronics,West,New,2,3200,5,6080.0,3520.0,2560.0,Card,Vikas Verma
TX03539,2026-06-05,Monitor 27 Ultra,Electronics,East,New,2,24000,5,45600.0,33600.0,12000.0,UPI,Kavita Reddy
TX03540,2026-05-12,Windbreaker Hooded,Clothing,West,Returning,5,3800,0,19000.0,8740.0,10260.0,UPI,Amit Kumar
TX03541,2026-03-13,Mesh Task Chair,Furniture,West,New,4,7500,0,30000.0,18000.0,12000.0,UPI,Kavita Reddy
TX03542,2026-04-02,Trail Hiking Boots,Footwear,North,New,2,8400,12,14784.0,8736.0,6048.0,Cash,Priya Patel
TX03543,2026-06-17,Monitor 27 Ultra,Electronics,West,New,4,24000,8,88320.0,67200.0,21120.0,Cash,Vikas Verma
TX03544,2026-03-04,Monitor Arm Dual Mount,Furniture,West,New,4,4200,0,16800.0,8400.0,8400.0,UPI,Priya Patel
TX03545,2026-06-09,Gaming Mouse 8K,Electronics,West,Returning,3,3200,8,8832.0,5280.0,3552.0,Cash,Siddharth Rao
TX03546,2026-07-19,4K Streaming WebCam,Electronics,Central,Returning,7,7800,5,51870.0,33852.0,18018.0,Card,Neha Singh
TX03547,2026-04-16,Wireless Earbuds,Electronics,Central,New,1,4500,0,4500.0,2700.0,1800.0,UPI,Priya Patel
TX03548,2026-06-13,Mechanical RGB Keyboard,Electronics,North,Returning,2,6200,0,12400.0,7192.0,5208.0,Net Banking,Ananya Roy
TX03549,2026-02-22,Bookshelf Wooden,Furniture,North,Returning,8,8900,12,62656.0,41296.0,21360.0,Card,Vikas Verma
TX03550,2026-04-21,Casual Leather Loafers,Footwear,North,New,1,4200,5,3990.0,2100.0,1890.0,UPI,Rahul Sharma
TX03551,2026-05-10,Trail Hiking Boots,Footwear,North,Returning,8,8400,5,63840.0,34944.0,28896.0,UPI,Neha Singh
TX03552,2026-02-27,Mesh Task Chair,Furniture,West,New,4,7500,0,30000.0,18000.0,12000.0,Card,Amit Kumar
TX03553,2026-05-29,Windbreaker Hooded,Clothing,West,Returning,5,3800,10,17100.0,8740.0,8360.0,Card,Vikas Verma
TX03554,2026-02-07,Bookshelf Wooden,Furniture,North,Returning,8,8900,0,71200.0,41296.0,29904.0,Card,Kavita Reddy
TX03555,2026-02-01,Bookshelf Wooden,Furniture,North,New,2,8900,5,16910.0,10324.0,6586.0,Net Banking,Vikas Verma
TX03556,2026-02-23,Ergonomic Office Chair,Furniture,West,New,3,14500,0,43500.0,26970.0,16530.0,Cash,Rahul Sharma
TX03557,2026-03-30,Portable SSD 2TB,Electronics,South,Returning,6,12500,0,75000.0,52500.0,22500.0,UPI,Rahul Sharma
TX03558,2026-05-01,Leather Slim Wallet,Accessories,Central,New,1,1400,8,1288.0,532.0,756.0,UPI,Rahul Sharma
TX03559,2026-06-17,Electric Kettle Stainless,Home Appliances,East,New,1,2400,0,2400.0,1248.0,1152.0,UPI,Rahul Sharma
TX03560,2026-05-11,Denim Pants Premium,Clothing,North,New,3,2900,15,7395.0,3654.0,3741.0,UPI,Vikas Verma
TX03561,2026-06-24,Robotic Vacuum X,Home Appliances,West,Returning,5,26000,5,123500.0,91000.0,32500.0,Card,Kavita Reddy
TX03562,2026-02-04,Monitor Arm Dual Mount,Furniture,South,New,1,4200,12,3696.0,2100.0,1596.0,Card,Kavita Reddy
TX03563,2026-02-02,Wireless Earbuds,Electronics,South,Returning,4,4500,8,16560.0,10800.0,5760.0,UPI,Vikas Verma
TX03564,2026-07-03,Executive Desk,Furniture,West,Returning,1,28000,5,26600.0,18200.0,8400.0,UPI,Priya Patel
TX03565,2026-05-25,Mechanical RGB Keyboard,Electronics,East,Returning,1,6200,20,4960.0,3596.0,1364.0,UPI,Rahul Sharma
TX03566,2026-03-16,Smart Watch Series 7,Electronics,South,New,3,18500,0,55500.0,37740.0,17760.0,Card,Kavita Reddy
TX03567,2026-04-13,Bookshelf Wooden,Furniture,North,Returning,5,8900,8,40940.0,25810.0,15130.0,Card,Ananya Roy
TX03568,2026-05-07,Portable SSD 2TB,Electronics,North,Returning,8,12500,10,90000.0,70000.0,20000.0,UPI,Neha Singh
TX03569,2026-04-01,Air Purifier Pro,Home Appliances,North,New,1,16500,0,16500.0,10890.0,5610.0,Card,Amit Kumar
TX03570,2026-05-10,Electric Kettle Stainless,Home Appliances,Central,New,4,2400,8,8832.0,4992.0,3840.0,Net Banking,Kavita Reddy
TX03571,2026-07-16,Trail Hiking Boots,Footwear,North,Returning,4,8400,15,28560.0,17472.0,11088.0,Cash,Siddharth Rao
TX03572,2026-07-28,4K Streaming WebCam,Electronics,South,Returning,3,7800,12,20592.0,14508.0,6084.0,UPI,Ananya Roy
TX03573,2026-06-15,Robotic Vacuum X,Home Appliances,West,Returning,4,26000,10,93600.0,72800.0,20800.0,UPI,Kavita Reddy
TX03574,2026-07-19,Robotic Vacuum X,Home Appliances,East,Returning,5,26000,8,119600.0,91000.0,28600.0,Net Banking,Neha Singh
TX03575,2026-04-12,Executive Desk,Furniture,West,Returning,8,28000,12,197120.0,145600.0,51520.0,UPI,Rahul Sharma
TX03576,2026-05-22,Laptop Pro 15,Electronics,South,Returning,2,68000,5,129200.0,106080.0,23120.0,UPI,Ananya Roy
TX03577,2026-05-30,Noise Cancelling Headphones,Electronics,North,Returning,7,14500,0,101500.0,65975.0,35525.0,UPI,Neha Singh
TX03578,2026-05-06,Mesh Task Chair,Furniture,South,New,4,7500,0,30000.0,18000.0,12000.0,Net Banking,Ananya Roy
TX03579,2026-05-04,Leather Slim Wallet,Accessories,North,Returning,4,1400,0,5600.0,2128.0,3472.0,UPI,Priya Patel
TX03580,2026-06-19,Electric Kettle Stainless,Home Appliances,South,Returning,3,2400,5,6840.0,3744.0,3096.0,UPI,Rahul Sharma
TX03581,2026-04-26,Smartphone X,Electronics,East,New,1,42000,0,42000.0,30240.0,11760.0,Card,Priya Patel
TX03582,2026-07-21,Tablet Pro 11,Electronics,North,New,1,38000,5,36100.0,28500.0,7600.0,Cash,Kavita Reddy
TX03583,2026-03-22,Mesh Task Chair,Furniture,West,Returning,2,7500,0,15000.0,9000.0,6000.0,UPI,Neha Singh
TX03584,2026-02-01,Tablet Pro 11,Electronics,West,Returning,3,38000,8,104880.0,85500.0,19380.0,UPI,Vikas Verma
TX03585,2026-07-21,Robotic Vacuum X,Home Appliances,West,Returning,7,26000,5,172900.0,127400.0,45500.0,UPI,Neha Singh
TX03586,2026-02-19,Tablet Pro 11,Electronics,South,New,1,38000,5,36100.0,28500.0,7600.0,Cash,Kavita Reddy
TX03587,2026-07-11,Monitor Arm Dual Mount,Furniture,East,New,3,4200,15,10710.0,6300.0,4410.0,Card,Priya Patel
TX03588,2026-07-06,Noise Cancelling Headphones,Electronics,North,New,2,14500,12,25520.0,18850.0,6670.0,UPI,Neha Singh
TX03589,2026-02-21,MagSafe Power Bank,Accessories,West,New,3,3200,0,9600.0,4992.0,4608.0,UPI,Neha Singh
TX03590,2026-02-08,4K Streaming WebCam,Electronics,North,New,1,7800,8,7176.0,4836.0,2340.0,UPI,Neha Singh
TX03591,2026-05-20,Laptop Sleeve 15,Accessories,North,Returning,2,1100,5,2090.0,770.0,1320.0,Card,Vikas Verma
TX03592,2026-02-04,Monitor Arm Dual Mount,Furniture,North,Returning,2,4200,8,7728.0,4200.0,3528.0,Card,Amit Kumar
TX03593,2026-04-29,Noise Cancelling Headphones,Electronics,West,Returning,7,14500,10,91350.0,65975.0,25375.0,Net Banking,Amit Kumar
TX03594,2026-05-09,Monitor Arm Dual Mount,Furniture,South,New,3,4200,10,11340.0,6300.0,5040.0,UPI,Amit Kumar
TX03595,2026-04-22,Ergonomic Office Chair,Furniture,Central,New,3,14500,0,43500.0,26970.0,16530.0,Card,Vikas Verma
TX03596,2026-04-05,Pro Runner Shoes,Footwear,West,Returning,7,6500,5,43225.0,21840.0,21385.0,Cash,Priya Patel
TX03597,2026-02-20,Cotton Polo Shirt,Clothing,West,New,1,1600,5,1520.0,640.0,880.0,UPI,Rahul Sharma
TX03598,2026-04-24,Leather Slim Wallet,Accessories,East,Returning,6,1400,8,7728.0,3192.0,4536.0,Card,Rahul Sharma
TX03599,2026-07-14,Robotic Vacuum X,Home Appliances,West,New,4,26000,5,98800.0,72800.0,26000.0,Net Banking,Rahul Sharma
TX03600,2026-03-16,Coffee Maker Deluxe,Home Appliances,East,Returning,1,12800,8,11776.0,8192.0,3584.0,UPI,Siddharth Rao
TX03601,2026-04-02,Trail Hiking Boots,Footwear,North,New,4,8400,5,31920.0,17472.0,14448.0,UPI,Amit Kumar
TX03602,2026-03-21,Windbreaker Hooded,Clothing,East,New,1,3800,0,3800.0,1748.0,2052.0,UPI,Kavita Reddy
TX03603,2026-05-31,Bookshelf Wooden,Furniture,West,Returning,4,8900,8,32752.0,20648.0,12104.0,UPI,Kavita Reddy
TX03604,2026-06-29,Windbreaker Hooded,Clothing,West,New,2,3800,0,7600.0,3496.0,4104.0,Card,Priya Patel
TX03605,2026-02-19,Wireless Earbuds,Electronics,East,New,4,4500,15,15300.0,10800.0,4500.0,Card,Neha Singh
TX03606,2026-06-16,Pro Runner Shoes,Footwear,North,New,4,6500,10,23400.0,12480.0,10920.0,UPI,Amit Kumar
TX03607,2026-05-05,Denim Pants Premium,Clothing,West,New,2,2900,0,5800.0,2436.0,3364.0,UPI,Rahul Sharma
TX03608,2026-05-04,Electric Kettle Stainless,Home Appliances,Central,New,2,2400,5,4560.0,2496.0,2064.0,UPI,Vikas Verma
TX03609,2026-07-14,Noise Cancelling Headphones,Electronics,East,New,2,14500,10,26100.0,18850.0,7250.0,UPI,Kavita Reddy
TX03610,2026-07-25,MagSafe Power Bank,Accessories,East,New,4,3200,0,12800.0,6656.0,6144.0,UPI,Ananya Roy
TX03611,2026-04-16,Coffee Maker Deluxe,Home Appliances,North,New,2,12800,0,25600.0,16384.0,9216.0,Card,Rahul Sharma
TX03612,2026-06-21,Denim Pants Premium,Clothing,North,Returning,2,2900,5,5510.0,2436.0,3074.0,Card,Kavita Reddy
TX03613,2026-07-07,Pro Runner Shoes,Footwear,West,New,4,6500,0,26000.0,12480.0,13520.0,UPI,Ananya Roy
TX03614,2026-05-02,Formal Suit Blazer,Clothing,North,Returning,1,11500,15,9775.0,6325.0,3450.0,Cash,Rahul Sharma
TX03615,2026-06-12,Gaming Mouse 8K,Electronics,East,Returning,5,3200,8,14720.0,8800.0,5920.0,UPI,Amit Kumar
TX03616,2026-03-26,Tablet Pro 11,Electronics,North,New,4,38000,0,152000.0,114000.0,38000.0,UPI,Rahul Sharma
TX03617,2026-03-12,MagSafe Power Bank,Accessories,North,Returning,4,3200,8,11776.0,6656.0,5120.0,Card,Vikas Verma
TX03618,2026-03-23,Trail Hiking Boots,Footwear,South,New,1,8400,20,6720.0,4368.0,2352.0,Card,Amit Kumar
TX03619,2026-06-24,Smartphone X,Electronics,West,New,4,42000,8,154560.0,120960.0,33600.0,UPI,Siddharth Rao
TX03620,2026-05-21,Robotic Vacuum X,Home Appliances,West,Returning,5,26000,0,130000.0,91000.0,39000.0,UPI,Rahul Sharma
TX03621,2026-04-07,Air Purifier Pro,Home Appliances,South,New,1,16500,5,15675.0,10890.0,4785.0,UPI,Vikas Verma
TX03622,2026-06-29,Trail Hiking Boots,Footwear,North,Returning,5,8400,0,42000.0,21840.0,20160.0,Card,Rahul Sharma
TX03623,2026-02-26,Formal Suit Blazer,Clothing,West,New,4,11500,0,46000.0,25300.0,20700.0,Card,Siddharth Rao
TX03624,2026-07-28,Portable SSD 2TB,Electronics,East,Returning,5,12500,0,62500.0,43750.0,18750.0,UPI,Ananya Roy
TX03625,2026-02-05,Smart Blender 1200W,Home Appliances,East,Returning,7,6800,0,47600.0,27608.0,19992.0,Card,Neha Singh
TX03626,2026-03-04,Formal Suit Blazer,Clothing,West,Returning,6,11500,0,69000.0,37950.0,31050.0,UPI,Amit Kumar
TX03627,2026-03-07,Tablet Pro 11,Electronics,South,Returning,4,38000,20,121600.0,114000.0,7600.0,Card,Vikas Verma
TX03628,2026-04-02,Coffee Maker Deluxe,Home Appliances,Central,Returning,5,12800,5,60800.0,40960.0,19840.0,UPI,Ananya Roy
TX03629,2026-07-24,Executive Desk,Furniture,East,New,1,28000,0,28000.0,18200.0,9800.0,Net Banking,Amit Kumar
TX03630,2026-04-25,Windbreaker Hooded,Clothing,East,Returning,3,3800,5,10830.0,5244.0,5586.0,Card,Amit Kumar
TX03631,2026-05-14,Monitor 27 Ultra,Electronics,North,Returning,5,24000,5,114000.0,84000.0,30000.0,UPI,Neha Singh
TX03632,2026-02-06,Mesh Task Chair,Furniture,Central,New,1,7500,8,6900.0,4500.0,2400.0,Card,Priya Patel
TX03633,2026-06-20,Pro Runner Shoes,Footwear,North,Returning,5,6500,10,29250.0,15600.0,13650.0,UPI,Neha Singh
TX03634,2026-05-06,Formal Suit Blazer,Clothing,Central,Returning,6,11500,5,65550.0,37950.0,27600.0,UPI,Ananya Roy
TX03635,2026-05-02,Smart Blender 1200W,Home Appliances,South,Returning,2,6800,0,13600.0,7888.0,5712.0,UPI,Kavita Reddy
TX03636,2026-07-02,Bookshelf Wooden,Furniture,North,New,3,8900,5,25365.0,15486.0,9879.0,Net Banking,Kavita Reddy
TX03637,2026-04-06,Windbreaker Hooded,Clothing,West,Returning,2,3800,20,6080.0,3496.0,2584.0,UPI,Ananya Roy
TX03638,2026-06-16,Trail Hiking Boots,Footwear,Central,New,1,8400,12,7392.0,4368.0,3024.0,Card,Amit Kumar
TX03639,2026-03-19,Gaming Mouse 8K,Electronics,West,New,4,3200,0,12800.0,7040.0,5760.0,Net Banking,Neha Singh
TX03640,2026-04-11,Trail Hiking Boots,Footwear,South,Returning,3,8400,8,23184.0,13104.0,10080.0,Card,Neha Singh
TX03641,2026-02-02,Leather Slim Wallet,Accessories,South,Returning,2,1400,8,2576.0,1064.0,1512.0,Card,Kavita Reddy
TX03642,2026-06-28,Noise Cancelling Headphones,Electronics,South,Returning,6,14500,8,80040.0,56550.0,23490.0,Net Banking,Neha Singh
TX03643,2026-03-27,MagSafe Power Bank,Accessories,West,Returning,6,3200,12,16896.0,9984.0,6912.0,UPI,Ananya Roy
TX03644,2026-07-15,Laptop Sleeve 15,Accessories,South,Returning,5,1100,10,4950.0,1925.0,3025.0,Net Banking,Kavita Reddy
TX03645,2026-05-13,Monitor Arm Dual Mount,Furniture,North,Returning,1,4200,8,3864.0,2100.0,1764.0,Card,Kavita Reddy
TX03646,2026-07-01,Denim Pants Premium,Clothing,East,Returning,5,2900,10,13050.0,6090.0,6960.0,UPI,Vikas Verma
TX03647,2026-04-21,Running Jacket Pro,Clothing,North,Returning,8,4800,5,36480.0,17280.0,19200.0,Net Banking,Amit Kumar
TX03648,2026-05-21,Noise Cancelling Headphones,Electronics,South,Returning,6,14500,0,87000.0,56550.0,30450.0,UPI,Kavita Reddy
TX03649,2026-05-02,Mechanical RGB Keyboard,Electronics,West,New,3,6200,21,14694.0,10788.0,3906.0,UPI,Neha Singh
TX03650,2026-07-07,MagSafe Power Bank,Accessories,South,Returning,1,3200,5,3040.0,1664.0,1376.0,Card,Siddharth Rao
TX03651,2026-05-05,Laptop Sleeve 15,Accessories,West,Returning,4,1100,12,3872.0,1540.0,2332.0,Card,Siddharth Rao
TX03652,2026-07-21,Wireless Earbuds,Electronics,South,Returning,4,4500,20,14400.0,10800.0,3600.0,Card,Kavita Reddy
TX03653,2026-07-28,Standing Desk Dual Engine,Furniture,North,Returning,2,34000,10,61200.0,46240.0,14960.0,Cash,Kavita Reddy
TX03654,2026-05-11,Mechanical RGB Keyboard,Electronics,Central,Returning,4,6200,0,24800.0,14384.0,10416.0,UPI,Rahul Sharma
TX03655,2026-06-06,Laptop Sleeve 15,Accessories,East,New,2,1100,0,2200.0,770.0,1430.0,UPI,Ananya Roy
TX03656,2026-04-14,Laptop Pro 15,Electronics,North,New,3,68000,0,204000.0,159120.0,44880.0,Card,Rahul Sharma
TX03657,2026-03-20,Bookshelf Wooden,Furniture,North,Returning,3,8900,12,23496.0,15486.0,8010.0,Card,Siddharth Rao
TX03658,2026-04-22,Executive Desk,Furniture,North,New,3,28000,10,75600.0,54600.0,21000.0,UPI,Kavita Reddy
TX03659,2026-03-12,Mesh Task Chair,Furniture,East,New,2,7500,15,12750.0,9000.0,3750.0,UPI,Kavita Reddy
TX03660,2026-06-05,Wireless Earbuds,Electronics,South,Returning,6,4500,12,23760.0,16200.0,7560.0,Card,Ananya Roy
TX03661,2026-04-22,Air Purifier Pro,Home Appliances,South,Returning,1,16500,12,14520.0,10890.0,3630.0,UPI,Rahul Sharma
TX03662,2026-05-17,Gaming Mouse 8K,Electronics,East,New,4,3200,15,10880.0,7040.0,3840.0,UPI,Ananya Roy
TX03663,2026-06-25,Running Jacket Pro,Clothing,West,Returning,2,4800,10,8640.0,4320.0,4320.0,UPI,Neha Singh
TX03664,2026-07-20,Smart Watch Series 7,Electronics,Central,New,1,18500,10,16650.0,12580.0,4070.0,UPI,Kavita Reddy
TX03665,2026-05-15,Mechanical RGB Keyboard,Electronics,Central,New,2,6200,12,10912.0,7192.0,3720.0,Card,Neha Singh
TX03666,2026-07-18,Smartphone X,Electronics,South,New,4,42000,5,159600.0,120960.0,38640.0,UPI,Rahul Sharma
TX03667,2026-04-07,Air Purifier Pro,Home Appliances,South,Returning,6,16500,5,94050.0,65340.0,28710.0,UPI,Siddharth Rao
TX03668,2026-03-27,Formal Suit Blazer,Clothing,South,Returning,8,11500,10,82800.0,50600.0,32200.0,Card,Vikas Verma
TX03669,2026-03-28,Bookshelf Wooden,Furniture,East,Returning,4,8900,5,33820.0,20648.0,13172.0,Card,Vikas Verma
TX03670,2026-07-24,Smart Blender 1200W,Home Appliances,North,Returning,4,6800,5,25840.0,15776.0,10064.0,UPI,Amit Kumar
TX03671,2026-05-20,Smartphone X,Electronics,North,Returning,3,42000,0,126000.0,90720.0,35280.0,UPI,Ananya Roy
TX03672,2026-07-24,Smartphone X,Electronics,South,Returning,1,42000,5,39900.0,30240.0,9660.0,Net Banking,Kavita Reddy
TX03673,2026-02-07,Wireless Earbuds,Electronics,Central,Returning,3,4500,0,13500.0,8100.0,5400.0,UPI,Neha Singh
TX03674,2026-04-06,Cotton Polo Shirt,Clothing,East,Returning,8,1600,12,11264.0,5120.0,6144.0,Net Banking,Siddharth Rao
TX03675,2026-03-19,Wireless Earbuds,Electronics,East,New,2,4500,10,8100.0,5400.0,2700.0,Cash,Priya Patel
TX03676,2026-07-03,Portable SSD 2TB,Electronics,East,New,2,12500,0,25000.0,17500.0,7500.0,Cash,Neha Singh
TX03677,2026-02-07,Travel Backpack 30L,Accessories,North,New,4,3500,0,14000.0,6300.0,7700.0,UPI,Amit Kumar
TX03678,2026-03-10,Laptop Sleeve 15,Accessories,North,Returning,5,1100,0,5500.0,1925.0,3575.0,Card,Ananya Roy
TX03679,2026-04-15,Windbreaker Hooded,Clothing,East,Returning,8,3800,10,27360.0,13984.0,13376.0,Cash,Amit Kumar
TX03680,2026-02-16,Electric Kettle Stainless,Home Appliances,North,New,1,2400,15,2040.0,1248.0,792.0,Net Banking,Amit Kumar
TX03681,2026-05-19,Tablet Pro 11,Electronics,Central,New,4,38000,5,144400.0,114000.0,30400.0,Card,Amit Kumar
TX03682,2026-04-11,Leather Slim Wallet,Accessories,South,Returning,7,1400,10,8820.0,3724.0,5096.0,Cash,Siddharth Rao
TX03683,2026-04-09,Casual Leather Loafers,Footwear,North,Returning,6,4200,0,25200.0,12600.0,12600.0,Card,Kavita Reddy
TX03684,2026-06-21,Trail Hiking Boots,Footwear,West,Returning,5,8400,0,42000.0,21840.0,20160.0,UPI,Vikas Verma
TX03685,2026-05-18,Windbreaker Hooded,Clothing,East,Returning,1,3800,20,3040.0,1748.0,1292.0,UPI,Kavita Reddy
TX03686,2026-03-12,Cotton Polo Shirt,Clothing,North,Returning,3,1600,5,4560.0,1920.0,2640.0,Net Banking,Siddharth Rao
TX03687,2026-07-26,Wireless Earbuds,Electronics,West,Returning,5,4500,0,22500.0,13500.0,9000.0,UPI,Ananya Roy
TX03688,2026-03-23,Leather Slim Wallet,Accessories,North,Returning,7,1400,0,9800.0,3724.0,6076.0,UPI,Siddharth Rao
TX03689,2026-06-19,Laptop Sleeve 15,Accessories,North,New,4,1100,5,4180.0,1540.0,2640.0,Net Banking,Ananya Roy
TX03690,2026-07-13,Wireless Earbuds,Electronics,North,Returning,4,4500,12,15840.0,10800.0,5040.0,Cash,Vikas Verma
TX03691,2026-03-07,Air Purifier Pro,Home Appliances,North,New,3,16500,0,49500.0,32670.0,16830.0,UPI,Rahul Sharma
TX03692,2026-02-22,Smart Watch Series 7,Electronics,Central,Returning,5,18500,5,87875.0,62900.0,24975.0,Card,Rahul Sharma
TX03693,2026-07-30,Gaming Mouse 8K,Electronics,East,Returning,7,3200,5,21280.0,12320.0,8960.0,Cash,Ananya Roy
TX03694,2026-03-16,Monitor 27 Ultra,Electronics,East,Returning,1,24000,5,22800.0,16800.0,6000.0,UPI,Vikas Verma
TX03695,2026-03-30,Bookshelf Wooden,Furniture,South,Returning,6,8900,8,49128.0,30972.0,18156.0,Card,Kavita Reddy
TX03696,2026-07-30,4K Streaming WebCam,Electronics,East,New,1,7800,8,7176.0,4836.0,2340.0,UPI,Priya Patel
TX03697,2026-02-24,Monitor 27 Ultra,Electronics,Central,Returning,1,24000,0,24000.0,16800.0,7200.0,Card,Priya Patel
TX03698,2026-06-08,Air Purifier Pro,Home Appliances,North,New,3,16500,0,49500.0,32670.0,16830.0,UPI,Vikas Verma
TX03699,2026-06-25,Travel Backpack 30L,Accessories,North,Returning,4,3500,8,12880.0,6300.0,6580.0,Card,Rahul Sharma
TX03700,2026-02-21,Laptop Pro 15,Electronics,Central,New,4,68000,5,258400.0,212160.0,46240.0,Card,Kavita Reddy
TX03701,2026-04-10,Trail Hiking Boots,Footwear,West,Returning,6,8400,8,46368.0,26208.0,20160.0,Cash,Siddharth Rao
TX03702,2026-04-24,Casual Leather Loafers,Footwear,West,New,2,4200,0,8400.0,4200.0,4200.0,UPI,Vikas Verma
TX03703,2026-07-22,Portable SSD 2TB,Electronics,North,New,3,12500,0,37500.0,26250.0,11250.0,Card,Neha Singh
TX03704,2026-05-24,Denim Pants Premium,Clothing,North,Returning,6,2900,0,17400.0,7308.0,10092.0,Cash,Neha Singh
TX03705,2026-04-03,Trail Hiking Boots,Footwear,Central,Returning,4,8400,10,30240.0,17472.0,12768.0,Card,Siddharth Rao
TX03706,2026-06-27,Casual Leather Loafers,Footwear,South,New,4,4200,10,15120.0,8400.0,6720.0,UPI,Ananya Roy
TX03707,2026-04-29,Leather Slim Wallet,Accessories,West,Returning,8,1400,0,11200.0,4256.0,6944.0,Card,Ananya Roy
TX03708,2026-06-14,Cotton Polo Shirt,Clothing,East,New,1,1600,0,1600.0,640.0,960.0,Card,Rahul Sharma
TX03709,2026-06-12,Tablet Pro 11,Electronics,North,Returning,6,38000,5,216600.0,171000.0,45600.0,UPI,Rahul Sharma
TX03710,2026-07-23,Coffee Maker Deluxe,Home Appliances,South,New,1,12800,5,12160.0,8192.0,3968.0,Card,Siddharth Rao
TX03711,2026-03-26,Ergonomic Office Chair,Furniture,South,Returning,6,14500,0,87000.0,53940.0,33060.0,UPI,Priya Patel
TX03712,2026-02-25,Gaming Mouse 8K,Electronics,North,Returning,6,3200,10,17280.0,10560.0,6720.0,Cash,Vikas Verma
TX03713,2026-05-17,Pro Runner Shoes,Footwear,Central,Returning,6,6500,5,37050.0,18720.0,18330.0,Cash,Priya Patel
TX03714,2026-04-04,Coffee Maker Deluxe,Home Appliances,West,New,2,12800,0,25600.0,16384.0,9216.0,Card,Neha Singh
TX03715,2026-07-17,Running Jacket Pro,Clothing,West,Returning,1,4800,12,4224.0,2160.0,2064.0,UPI,Amit Kumar
TX03716,2026-03-10,Smart Blender 1200W,Home Appliances,South,New,4,6800,8,25024.0,15776.0,9248.0,UPI,Ananya Roy
TX03717,2026-04-26,Denim Pants Premium,Clothing,East,New,4,2900,12,10208.0,4872.0,5336.0,Card,Priya Patel
TX03718,2026-07-07,4K Streaming WebCam,Electronics,Central,Returning,5,7800,5,37050.0,24180.0,12870.0,Card,Vikas Verma
TX03719,2026-05-26,Cotton Polo Shirt,Clothing,South,New,2,1600,12,2816.0,1280.0,1536.0,Net Banking,Kavita Reddy
TX03720,2026-06-21,Mesh Task Chair,Furniture,West,Returning,3,7500,0,22500.0,13500.0,9000.0,UPI,Kavita Reddy
TX03721,2026-03-19,Leather Slim Wallet,Accessories,South,New,3,1400,0,4200.0,1596.0,2604.0,UPI,Amit Kumar
TX03722,2026-05-20,Casual Leather Loafers,Footwear,West,Returning,8,4200,5,31920.0,16800.0,15120.0,Card,Kavita Reddy
TX03723,2026-06-01,Formal Suit Blazer,Clothing,South,New,3,11500,12,30360.0,18975.0,11385.0,Card,Priya Patel
TX03724,2026-04-02,Running Jacket Pro,Clothing,North,Returning,3,4800,8,13248.0,6480.0,6768.0,Card,Neha Singh
TX03725,2026-05-18,Laptop Pro 15,Electronics,West,Returning,7,68000,20,380800.0,371280.0,9520.0,Card,Ananya Roy
TX03726,2026-07-20,Wireless Earbuds,Electronics,Central,Returning,5,4500,5,21375.0,13500.0,7875.0,UPI,Rahul Sharma
TX03727,2026-03-01,4K Streaming WebCam,Electronics,West,Returning,5,7800,10,35100.0,24180.0,10920.0,Card,Neha Singh
TX03728,2026-05-20,Coffee Maker Deluxe,Home Appliances,South,Returning,2,12800,20,20480.0,16384.0,4096.0,UPI,Siddharth Rao
TX03729,2026-03-07,Noise Cancelling Headphones,Electronics,West,New,1,14500,15,12325.0,9425.0,2900.0,Cash,Rahul Sharma
TX03730,2026-07-19,Smart Blender 1200W,Home Appliances,South,New,1,6800,10,6120.0,3944.0,2176.0,Net Banking,Priya Patel
TX03731,2026-05-08,Monitor 27 Ultra,Electronics,North,New,3,24000,0,72000.0,50400.0,21600.0,UPI,Kavita Reddy
TX03732,2026-07-23,Ergonomic Office Chair,Furniture,West,Returning,8,14500,0,116000.0,71920.0,44080.0,UPI,Amit Kumar
TX03733,2026-04-14,Cotton Polo Shirt,Clothing,South,Returning,7,1600,0,11200.0,4480.0,6720.0,UPI,Priya Patel
TX03734,2026-03-06,Wireless Earbuds,Electronics,North,Returning,8,4500,5,34200.0,21600.0,12600.0,UPI,Kavita Reddy
TX03735,2026-06-19,Tablet Pro 11,Electronics,Central,New,3,38000,8,104880.0,85500.0,19380.0,UPI,Ananya Roy
TX03736,2026-06-12,Electric Kettle Stainless,Home Appliances,South,New,3,2400,8,6624.0,3744.0,2880.0,UPI,Rahul Sharma
TX03737,2026-03-15,MagSafe Power Bank,Accessories,North,New,2,3200,12,5632.0,3328.0,2304.0,Card,Siddharth Rao
TX03738,2026-05-22,Monitor 27 Ultra,Electronics,Central,New,3,24000,5,68400.0,50400.0,18000.0,Net Banking,Vikas Verma
TX03739,2026-03-17,Laptop Sleeve 15,Accessories,Central,Returning,5,1100,5,5225.0,1925.0,3300.0,UPI,Amit Kumar
TX03740,2026-02-12,Monitor Arm Dual Mount,Furniture,North,New,2,4200,10,7560.0,4200.0,3360.0,Card,Kavita Reddy
TX03741,2026-02-24,Portable SSD 2TB,Electronics,North,New,1,12500,0,12500.0,8750.0,3750.0,UPI,Siddharth Rao
TX03742,2026-06-14,Pro Runner Shoes,Footwear,Central,New,4,6500,12,22880.0,12480.0,10400.0,Card,Siddharth Rao
TX03743,2026-03-07,Pro Runner Shoes,Footwear,Central,Returning,6,6500,0,39000.0,18720.0,20280.0,UPI,Kavita Reddy
TX03744,2026-05-08,Smartphone X,Electronics,West,New,4,42000,25,126000.0,120960.0,5040.0,Card,Vikas Verma
TX03745,2026-05-24,Smart Watch Series 7,Electronics,Central,New,2,18500,8,34040.0,25160.0,8880.0,UPI,Neha Singh
TX03746,2026-04-10,Coffee Maker Deluxe,Home Appliances,West,Returning,6,12800,5,72960.0,49152.0,23808.0,UPI,Siddharth Rao
TX03747,2026-03-17,Executive Desk,Furniture,Central,New,4,28000,5,106400.0,72800.0,33600.0,Card,Rahul Sharma
TX03748,2026-02-15,Mesh Task Chair,Furniture,South,New,3,7500,8,20700.0,13500.0,7200.0,Card,Rahul Sharma
TX03749,2026-03-05,Trail Hiking Boots,Footwear,North,Returning,3,8400,0,25200.0,13104.0,12096.0,UPI,Kavita Reddy
TX03750,2026-02-06,Cotton Polo Shirt,Clothing,West,Returning,1,1600,10,1440.0,640.0,800.0,Net Banking,Ananya Roy
TX03751,2026-04-29,Formal Suit Blazer,Clothing,South,New,2,11500,20,18400.0,12650.0,5750.0,Card,Kavita Reddy
TX03752,2026-07-17,Monitor 27 Ultra,Electronics,South,New,4,24000,15,81600.0,67200.0,14400.0,Card,Priya Patel
TX03753,2026-05-04,Smart Blender 1200W,Home Appliances,East,Returning,7,6800,10,42840.0,27608.0,15232.0,Card,Siddharth Rao
TX03754,2026-04-29,Robotic Vacuum X,Home Appliances,East,New,3,26000,5,74100.0,54600.0,19500.0,Net Banking,Vikas Verma
TX03755,2026-07-22,Pro Runner Shoes,Footwear,East,New,2,6500,8,11960.0,6240.0,5720.0,Card,Priya Patel
TX03756,2026-07-27,Portable SSD 2TB,Electronics,South,Returning,6,12500,5,71250.0,52500.0,18750.0,Net Banking,Kavita Reddy
TX03757,2026-02-08,Laptop Pro 15,Electronics,West,Returning,3,68000,0,204000.0,159120.0,44880.0,Card,Ananya Roy
TX03758,2026-06-30,Running Jacket Pro,Clothing,Central,Returning,1,4800,5,4560.0,2160.0,2400.0,UPI,Ananya Roy
TX03759,2026-03-25,Tablet Pro 11,Electronics,North,Returning,1,38000,0,38000.0,28500.0,9500.0,Net Banking,Rahul Sharma
TX03760,2026-07-28,Gaming Mouse 8K,Electronics,North,Returning,8,3200,0,25600.0,14080.0,11520.0,Card,Amit Kumar
TX03761,2026-06-20,Bookshelf Wooden,Furniture,North,Returning,1,8900,0,8900.0,5162.0,3738.0,Cash,Priya Patel
TX03762,2026-02-10,Smartphone X,Electronics,Central,New,2,42000,0,84000.0,60480.0,23520.0,UPI,Neha Singh
TX03763,2026-04-25,Electric Kettle Stainless,Home Appliances,South,New,4,2400,5,9120.0,4992.0,4128.0,Card,Kavita Reddy
TX03764,2026-02-19,Windbreaker Hooded,Clothing,Central,New,4,3800,8,13984.0,6992.0,6992.0,UPI,Vikas Verma
TX03765,2026-05-02,Leather Slim Wallet,Accessories,South,New,3,1400,15,3570.0,1596.0,1974.0,UPI,Ananya Roy
TX03766,2026-04-24,Monitor Arm Dual Mount,Furniture,West,New,1,4200,5,3990.0,2100.0,1890.0,UPI,Ananya Roy
TX03767,2026-04-15,Wireless Earbuds,Electronics,East,Returning,3,4500,8,12420.0,8100.0,4320.0,UPI,Ananya Roy
TX03768,2026-03-09,Tablet Pro 11,Electronics,Central,Returning,3,38000,10,102600.0,85500.0,17100.0,UPI,Ananya Roy
TX03769,2026-02-25,Wireless Earbuds,Electronics,East,Returning,2,4500,0,9000.0,5400.0,3600.0,Net Banking,Kavita Reddy
TX03770,2026-04-17,Denim Pants Premium,Clothing,South,New,2,2900,0,5800.0,2436.0,3364.0,Cash,Amit Kumar
TX03771,2026-06-02,Robotic Vacuum X,Home Appliances,West,Returning,8,26000,0,208000.0,145600.0,62400.0,Card,Amit Kumar
TX03772,2026-04-18,Tablet Pro 11,Electronics,North,Returning,4,38000,0,152000.0,114000.0,38000.0,Net Banking,Amit Kumar
TX03773,2026-04-14,Denim Pants Premium,Clothing,North,Returning,4,2900,20,9280.0,4872.0,4408.0,UPI,Vikas Verma
TX03774,2026-07-15,Smartphone X,Electronics,East,New,1,42000,10,37800.0,30240.0,7560.0,Net Banking,Ananya Roy
TX03775,2026-07-19,Portable SSD 2TB,Electronics,South,Returning,1,12500,8,11500.0,8750.0,2750.0,UPI,Kavita Reddy
TX03776,2026-07-06,Mesh Task Chair,Furniture,North,Returning,4,7500,12,26400.0,18000.0,8400.0,UPI,Siddharth Rao
TX03777,2026-02-03,Smart Watch Series 7,Electronics,East,Returning,2,18500,0,37000.0,25160.0,11840.0,UPI,Neha Singh
TX03778,2026-04-09,Laptop Sleeve 15,Accessories,West,Returning,4,1100,0,4400.0,1540.0,2860.0,Card,Siddharth Rao
TX03779,2026-07-28,Ergonomic Office Chair,Furniture,Central,Returning,7,14500,0,101500.0,62930.0,38570.0,Card,Vikas Verma
TX03780,2026-03-05,Gaming Mouse 8K,Electronics,West,New,2,3200,8,5888.0,3520.0,2368.0,Cash,Neha Singh
TX03781,2026-06-09,Smart Watch Series 7,Electronics,Central,New,3,18500,5,52725.0,37740.0,14985.0,UPI,Rahul Sharma
TX03782,2026-03-14,MagSafe Power Bank,Accessories,Central,New,1,3200,5,3040.0,1664.0,1376.0,Card,Vikas Verma
TX03783,2026-05-04,Portable SSD 2TB,Electronics,North,Returning,2,12500,8,23000.0,17500.0,5500.0,Cash,Rahul Sharma
TX03784,2026-06-12,4K Streaming WebCam,Electronics,North,New,3,7800,5,22230.0,14508.0,7722.0,Card,Neha Singh
TX03785,2026-02-25,Casual Leather Loafers,Footwear,Central,New,4,4200,12,14784.0,8400.0,6384.0,Card,Kavita Reddy
TX03786,2026-02-14,Cotton Polo Shirt,Clothing,Central,Returning,2,1600,12,2816.0,1280.0,1536.0,UPI,Neha Singh
TX03787,2026-07-27,Smart Watch Series 7,Electronics,East,Returning,8,18500,0,148000.0,100640.0,47360.0,UPI,Rahul Sharma
TX03788,2026-03-01,Monitor Arm Dual Mount,Furniture,West,Returning,1,4200,10,3780.0,2100.0,1680.0,Net Banking,Vikas Verma
TX03789,2026-04-09,Air Purifier Pro,Home Appliances,South,Returning,2,16500,0,33000.0,21780.0,11220.0,Card,Siddharth Rao
TX03790,2026-04-30,Tablet Pro 11,Electronics,West,Returning,6,38000,10,205200.0,171000.0,34200.0,UPI,Kavita Reddy
TX03791,2026-03-11,Bookshelf Wooden,Furniture,North,New,2,8900,0,17800.0,10324.0,7476.0,UPI,Neha Singh
TX03792,2026-07-20,Leather Slim Wallet,Accessories,Central,Returning,2,1400,0,2800.0,1064.0,1736.0,Net Banking,Rahul Sharma
TX03793,2026-04-22,Casual Leather Loafers,Footwear,Central,Returning,4,4200,10,15120.0,8400.0,6720.0,Card,Siddharth Rao
TX03794,2026-03-25,Tablet Pro 11,Electronics,South,Returning,1,38000,0,38000.0,28500.0,9500.0,Card,Vikas Verma
TX03795,2026-05-15,Electric Kettle Stainless,Home Appliances,South,Returning,3,2400,20,5760.0,3744.0,2016.0,UPI,Kavita Reddy
TX03796,2026-02-16,Smartphone X,Electronics,East,Returning,6,42000,5,239400.0,181440.0,57960.0,UPI,Rahul Sharma
TX03797,2026-06-29,Leather Slim Wallet,Accessories,West,New,1,1400,5,1330.0,532.0,798.0,UPI,Amit Kumar
TX03798,2026-03-28,Cotton Polo Shirt,Clothing,North,New,4,1600,0,6400.0,2560.0,3840.0,Card,Kavita Reddy
TX03799,2026-04-17,Denim Pants Premium,Clothing,Central,Returning,4,2900,8,10672.0,4872.0,5800.0,Card,Neha Singh
TX03800,2026-05-31,Formal Suit Blazer,Clothing,East,New,4,11500,0,46000.0,25300.0,20700.0,Card,Ananya Roy
TX03801,2026-06-19,4K Streaming WebCam,Electronics,West,Returning,6,7800,8,43056.0,29016.0,14040.0,UPI,Priya Patel
TX03802,2026-03-27,Gaming Mouse 8K,Electronics,Central,Returning,1,3200,15,2720.0,1760.0,960.0,Net Banking,Amit Kumar
TX03803,2026-04-02,Pro Runner Shoes,Footwear,East,Returning,4,6500,5,24700.0,12480.0,12220.0,Card,Siddharth Rao
TX03804,2026-06-25,Executive Desk,Furniture,North,New,1,28000,0,28000.0,18200.0,9800.0,Card,Siddharth Rao
TX03805,2026-04-07,Casual Leather Loafers,Footwear,South,New,4,4200,12,14784.0,8400.0,6384.0,UPI,Siddharth Rao
TX03806,2026-06-03,Running Jacket Pro,Clothing,North,New,1,4800,0,4800.0,2160.0,2640.0,UPI,Priya Patel
TX03807,2026-05-29,Formal Suit Blazer,Clothing,South,New,4,11500,5,43700.0,25300.0,18400.0,UPI,Vikas Verma
TX03808,2026-05-03,Laptop Sleeve 15,Accessories,South,Returning,2,1100,8,2024.0,770.0,1254.0,UPI,Priya Patel
TX03809,2026-05-06,Casual Leather Loafers,Footwear,North,New,3,4200,8,11592.0,6300.0,5292.0,Card,Priya Patel
TX03810,2026-02-19,Smart Blender 1200W,Home Appliances,East,New,3,6800,5,19380.0,11832.0,7548.0,UPI,Neha Singh
TX03811,2026-05-08,Wireless Earbuds,Electronics,North,Returning,7,4500,8,28980.0,18900.0,10080.0,UPI,Ananya Roy
TX03812,2026-04-29,Formal Suit Blazer,Clothing,West,New,3,11500,12,30360.0,18975.0,11385.0,UPI,Siddharth Rao
TX03813,2026-06-09,Monitor Arm Dual Mount,Furniture,South,Returning,4,4200,5,15960.0,8400.0,7560.0,UPI,Vikas Verma
TX03814,2026-02-07,Executive Desk,Furniture,South,Returning,5,28000,8,128800.0,91000.0,37800.0,UPI,Ananya Roy
TX03815,2026-06-26,Coffee Maker Deluxe,Home Appliances,West,Returning,1,12800,0,12800.0,8192.0,4608.0,Net Banking,Priya Patel
TX03816,2026-02-24,Smart Blender 1200W,Home Appliances,East,New,4,6800,10,24480.0,15776.0,8704.0,Net Banking,Siddharth Rao
TX03817,2026-07-01,Travel Backpack 30L,Accessories,Central,Returning,2,3500,8,6440.0,3150.0,3290.0,Card,Kavita Reddy
TX03818,2026-03-26,Robotic Vacuum X,Home Appliances,West,New,3,26000,8,71760.0,54600.0,17160.0,Cash,Ananya Roy
TX03819,2026-07-24,Casual Leather Loafers,Footwear,North,Returning,4,4200,0,16800.0,8400.0,8400.0,Card,Priya Patel
TX03820,2026-05-16,Air Purifier Pro,Home Appliances,North,New,2,16500,5,31350.0,21780.0,9570.0,Card,Vikas Verma
TX03821,2026-02-05,Monitor Arm Dual Mount,Furniture,South,Returning,5,4200,5,19950.0,10500.0,9450.0,UPI,Kavita Reddy
TX03822,2026-05-30,Monitor 27 Ultra,Electronics,North,New,4,24000,12,84480.0,67200.0,17280.0,UPI,Ananya Roy
TX03823,2026-03-04,Cotton Polo Shirt,Clothing,West,Returning,6,1600,0,9600.0,3840.0,5760.0,Card,Siddharth Rao
TX03824,2026-05-21,Formal Suit Blazer,Clothing,South,Returning,8,11500,10,82800.0,50600.0,32200.0,Card,Ananya Roy
TX03825,2026-05-23,Noise Cancelling Headphones,Electronics,East,New,1,14500,15,12325.0,9425.0,2900.0,UPI,Priya Patel
TX03826,2026-07-16,Casual Leather Loafers,Footwear,North,New,3,4200,8,11592.0,6300.0,5292.0,UPI,Amit Kumar
TX03827,2026-04-01,Windbreaker Hooded,Clothing,West,Returning,4,3800,5,14440.0,6992.0,7448.0,Cash,Siddharth Rao
TX03828,2026-04-13,Laptop Sleeve 15,Accessories,East,Returning,1,1100,0,1100.0,385.0,715.0,UPI,Kavita Reddy
TX03829,2026-06-23,Mechanical RGB Keyboard,Electronics,North,Returning,5,6200,8,28520.0,17980.0,10540.0,UPI,Siddharth Rao
TX03830,2026-02-20,Monitor Arm Dual Mount,Furniture,North,New,3,4200,5,11970.0,6300.0,5670.0,UPI,Vikas Verma
TX03831,2026-03-17,Monitor Arm Dual Mount,Furniture,South,New,2,4200,10,7560.0,4200.0,3360.0,Cash,Neha Singh
TX03832,2026-07-14,Standing Desk Dual Engine,Furniture,East,Returning,8,34000,8,250240.0,184960.0,65280.0,Cash,Kavita Reddy
TX03833,2026-06-27,Gaming Mouse 8K,Electronics,West,New,2,3200,5,6080.0,3520.0,2560.0,UPI,Vikas Verma
TX03834,2026-07-14,Trail Hiking Boots,Footwear,Central,Returning,2,8400,0,16800.0,8736.0,8064.0,Card,Priya Patel
TX03835,2026-06-15,Trail Hiking Boots,Footwear,Central,Returning,5,8400,0,42000.0,21840.0,20160.0,Card,Rahul Sharma
TX03836,2026-06-05,Gaming Mouse 8K,Electronics,North,New,1,3200,0,3200.0,1760.0,1440.0,UPI,Vikas Verma
TX03837,2026-05-09,Smart Watch Series 7,Electronics,Central,Returning,4,18500,0,74000.0,50320.0,23680.0,Card,Ananya Roy
TX03838,2026-04-19,Ergonomic Office Chair,Furniture,West,New,4,14500,0,58000.0,35960.0,22040.0,Card,Ananya Roy
TX03839,2026-03-20,Monitor Arm Dual Mount,Furniture,East,Returning,8,4200,15,28560.0,16800.0,11760.0,Card,Kavita Reddy
TX03840,2026-05-29,Laptop Pro 15,Electronics,North,Returning,2,68000,8,125120.0,106080.0,19040.0,UPI,Amit Kumar
TX03841,2026-04-27,Mechanical RGB Keyboard,Electronics,North,Returning,1,6200,5,5890.0,3596.0,2294.0,UPI,Amit Kumar
TX03842,2026-05-15,Travel Backpack 30L,Accessories,East,Returning,7,3500,8,22540.0,11025.0,11515.0,UPI,Rahul Sharma
TX03843,2026-03-10,Pro Runner Shoes,Footwear,South,Returning,4,6500,5,24700.0,12480.0,12220.0,UPI,Ananya Roy
TX03844,2026-05-29,Wireless Earbuds,Electronics,South,New,2,4500,15,7650.0,5400.0,2250.0,Card,Rahul Sharma
TX03845,2026-02-04,Executive Desk,Furniture,West,Returning,1,28000,10,25200.0,18200.0,7000.0,Card,Rahul Sharma
TX03846,2026-05-26,Monitor 27 Ultra,Electronics,West,Returning,1,24000,26,17760.0,16800.0,960.0,Card,Siddharth Rao
TX03847,2026-07-31,Pro Runner Shoes,Footwear,West,Returning,4,6500,0,26000.0,12480.0,13520.0,Card,Rahul Sharma
TX03848,2026-06-27,Laptop Sleeve 15,Accessories,North,Returning,3,1100,8,3036.0,1155.0,1881.0,Card,Kavita Reddy
TX03849,2026-04-19,Casual Leather Loafers,Footwear,West,Returning,3,4200,8,11592.0,6300.0,5292.0,UPI,Kavita Reddy
TX03850,2026-04-15,Running Jacket Pro,Clothing,West,New,4,4800,0,19200.0,8640.0,10560.0,Card,Ananya Roy
TX03851,2026-07-24,Running Jacket Pro,Clothing,North,Returning,3,4800,5,13680.0,6480.0,7200.0,UPI,Vikas Verma
TX03852,2026-06-08,Travel Backpack 30L,Accessories,East,New,1,3500,0,3500.0,1575.0,1925.0,UPI,Amit Kumar
TX03853,2026-03-11,Tablet Pro 11,Electronics,North,Returning,7,38000,8,244720.0,199500.0,45220.0,Net Banking,Rahul Sharma
TX03854,2026-03-28,Noise Cancelling Headphones,Electronics,West,New,3,14500,0,43500.0,28275.0,15225.0,Net Banking,Ananya Roy
TX03855,2026-05-25,Bookshelf Wooden,Furniture,North,Returning,1,8900,20,7120.0,5162.0,1958.0,Card,Vikas Verma
TX03856,2026-02-11,Robotic Vacuum X,Home Appliances,North,New,3,26000,0,78000.0,54600.0,23400.0,UPI,Kavita Reddy
TX03857,2026-05-14,Travel Backpack 30L,Accessories,South,New,2,3500,5,6650.0,3150.0,3500.0,Card,Rahul Sharma
TX03858,2026-02-16,Coffee Maker Deluxe,Home Appliances,West,Returning,7,12800,8,82432.0,57344.0,25088.0,Card,Neha Singh
TX03859,2026-03-22,Noise Cancelling Headphones,Electronics,East,New,3,14500,0,43500.0,28275.0,15225.0,Card,Ananya Roy
TX03860,2026-07-29,Electric Kettle Stainless,Home Appliances,North,Returning,4,2400,5,9120.0,4992.0,4128.0,Cash,Neha Singh
TX03861,2026-06-08,Ergonomic Office Chair,Furniture,North,Returning,4,14500,0,58000.0,35960.0,22040.0,UPI,Neha Singh
TX03862,2026-06-01,Tablet Pro 11,Electronics,North,Returning,5,38000,0,190000.0,142500.0,47500.0,UPI,Rahul Sharma
TX03863,2026-03-25,Casual Leather Loafers,Footwear,North,New,2,4200,12,7392.0,4200.0,3192.0,UPI,Priya Patel
TX03864,2026-07-12,Laptop Sleeve 15,Accessories,North,New,4,1100,8,4048.0,1540.0,2508.0,Net Banking,Amit Kumar
TX03865,2026-05-04,Leather Slim Wallet,Accessories,Central,Returning,1,1400,0,1400.0,532.0,868.0,UPI,Priya Patel
TX03866,2026-07-02,MagSafe Power Bank,Accessories,West,Returning,6,3200,10,17280.0,9984.0,7296.0,Card,Priya Patel
TX03867,2026-06-03,Smart Blender 1200W,Home Appliances,East,New,1,6800,12,5984.0,3944.0,2040.0,Card,Siddharth Rao
TX03868,2026-04-17,Air Purifier Pro,Home Appliances,West,New,3,16500,8,45540.0,32670.0,12870.0,Card,Priya Patel
TX03869,2026-05-06,Leather Slim Wallet,Accessories,West,Returning,4,1400,5,5320.0,2128.0,3192.0,Card,Siddharth Rao
TX03870,2026-04-16,Smartphone X,Electronics,South,Returning,8,42000,0,336000.0,241920.0,94080.0,Net Banking,Siddharth Rao
TX03871,2026-06-14,MagSafe Power Bank,Accessories,South,New,2,3200,5,6080.0,3328.0,2752.0,Card,Rahul Sharma
TX03872,2026-03-29,Trail Hiking Boots,Footwear,East,Returning,4,8400,8,30912.0,17472.0,13440.0,UPI,Ananya Roy
TX03873,2026-02-06,Monitor Arm Dual Mount,Furniture,North,Returning,6,4200,10,22680.0,12600.0,10080.0,Cash,Siddharth Rao
TX03874,2026-04-30,Air Purifier Pro,Home Appliances,West,Returning,1,16500,0,16500.0,10890.0,5610.0,UPI,Siddharth Rao
TX03875,2026-05-23,MagSafe Power Bank,Accessories,South,Returning,1,3200,5,3040.0,1664.0,1376.0,Card,Vikas Verma
TX03876,2026-06-07,Smart Blender 1200W,Home Appliances,East,Returning,7,6800,0,47600.0,27608.0,19992.0,Card,Ananya Roy
TX03877,2026-07-08,Smart Watch Series 7,Electronics,Central,New,3,18500,0,55500.0,37740.0,17760.0,UPI,Kavita Reddy
TX03878,2026-05-09,Portable SSD 2TB,Electronics,North,New,4,12500,0,50000.0,35000.0,15000.0,Card,Vikas Verma
TX03879,2026-03-25,Smart Blender 1200W,Home Appliances,North,Returning,6,6800,12,35904.0,23664.0,12240.0,UPI,Neha Singh
TX03880,2026-06-23,Coffee Maker Deluxe,Home Appliances,South,Returning,7,12800,5,85120.0,57344.0,27776.0,Card,Ananya Roy
TX03881,2026-03-23,Wireless Earbuds,Electronics,South,Returning,4,4500,0,18000.0,10800.0,7200.0,UPI,Priya Patel
TX03882,2026-02-05,4K Streaming WebCam,Electronics,West,Returning,4,7800,5,29640.0,19344.0,10296.0,UPI,Amit Kumar
TX03883,2026-05-01,Robotic Vacuum X,Home Appliances,West,Returning,3,26000,0,78000.0,54600.0,23400.0,Card,Vikas Verma
TX03884,2026-06-10,Casual Leather Loafers,Footwear,South,New,1,4200,5,3990.0,2100.0,1890.0,UPI,Priya Patel
TX03885,2026-06-29,Gaming Mouse 8K,Electronics,North,New,4,3200,5,12160.0,7040.0,5120.0,Net Banking,Rahul Sharma
TX03886,2026-05-25,Standing Desk Dual Engine,Furniture,Central,Returning,7,34000,0,238000.0,161840.0,76160.0,Net Banking,Kavita Reddy
TX03887,2026-06-23,Executive Desk,Furniture,West,Returning,6,28000,8,154560.0,109200.0,45360.0,UPI,Kavita Reddy
TX03888,2026-05-22,Tablet Pro 11,Electronics,West,Returning,1,38000,27,27740.0,28500.0,-760.0,UPI,Priya Patel
TX03889,2026-05-18,Denim Pants Premium,Clothing,Central,Returning,6,2900,8,16008.0,7308.0,8700.0,Card,Rahul Sharma
TX03890,2026-04-15,Coffee Maker Deluxe,Home Appliances,West,Returning,5,12800,5,60800.0,40960.0,19840.0,Net Banking,Vikas Verma
TX03891,2026-04-07,Leather Slim Wallet,Accessories,West,Returning,4,1400,5,5320.0,2128.0,3192.0,Card,Rahul Sharma
TX03892,2026-04-25,Noise Cancelling Headphones,Electronics,East,Returning,6,14500,5,82650.0,56550.0,26100.0,UPI,Priya Patel
TX03893,2026-06-22,Executive Desk,Furniture,South,Returning,5,28000,8,128800.0,91000.0,37800.0,UPI,Neha Singh
TX03894,2026-05-25,Running Jacket Pro,Clothing,North,New,1,4800,8,4416.0,2160.0,2256.0,UPI,Ananya Roy
TX03895,2026-07-09,Standing Desk Dual Engine,Furniture,East,New,3,34000,0,102000.0,69360.0,32640.0,UPI,Siddharth Rao
TX03896,2026-04-13,Electric Kettle Stainless,Home Appliances,West,Returning,3,2400,0,7200.0,3744.0,3456.0,UPI,Neha Singh
TX03897,2026-05-03,Mesh Task Chair,Furniture,East,Returning,3,7500,20,18000.0,13500.0,4500.0,UPI,Priya Patel
TX03898,2026-07-26,Coffee Maker Deluxe,Home Appliances,South,Returning,8,12800,0,102400.0,65536.0,36864.0,Card,Rahul Sharma
TX03899,2026-03-26,Formal Suit Blazer,Clothing,West,New,3,11500,5,32775.0,18975.0,13800.0,UPI,Vikas Verma
TX03900,2026-07-01,Tablet Pro 11,Electronics,North,New,4,38000,0,152000.0,114000.0,38000.0,UPI,Priya Patel
TX03901,2026-07-19,Smart Watch Series 7,Electronics,South,New,1,18500,10,16650.0,12580.0,4070.0,UPI,Neha Singh
TX03902,2026-06-28,Electric Kettle Stainless,Home Appliances,West,Returning,7,2400,8,15456.0,8736.0,6720.0,Card,Priya Patel
TX03903,2026-07-14,Monitor 27 Ultra,Electronics,North,Returning,2,24000,0,48000.0,33600.0,14400.0,Card,Neha Singh
TX03904,2026-03-28,Air Purifier Pro,Home Appliances,North,Returning,7,16500,0,115500.0,76230.0,39270.0,Cash,Ananya Roy
TX03905,2026-04-22,Laptop Pro 15,Electronics,West,New,3,68000,10,183600.0,159120.0,24480.0,Card,Rahul Sharma
TX03906,2026-02-28,Smartphone X,Electronics,North,Returning,6,42000,10,226800.0,181440.0,45360.0,UPI,Priya Patel
TX03907,2026-05-07,Tablet Pro 11,Electronics,South,Returning,2,38000,5,72200.0,57000.0,15200.0,Card,Priya Patel
TX03908,2026-03-21,Electric Kettle Stainless,Home Appliances,East,Returning,1,2400,12,2112.0,1248.0,864.0,UPI,Priya Patel
TX03909,2026-07-22,Bookshelf Wooden,Furniture,West,Returning,8,8900,0,71200.0,41296.0,29904.0,UPI,Kavita Reddy
TX03910,2026-02-20,Travel Backpack 30L,Accessories,North,New,3,3500,8,9660.0,4725.0,4935.0,UPI,Neha Singh
TX03911,2026-03-14,Air Purifier Pro,Home Appliances,North,Returning,2,16500,8,30360.0,21780.0,8580.0,UPI,Neha Singh
TX03912,2026-03-26,Noise Cancelling Headphones,Electronics,North,New,3,14500,0,43500.0,28275.0,15225.0,UPI,Vikas Verma
TX03913,2026-02-11,Tablet Pro 11,Electronics,Central,Returning,8,38000,12,267520.0,228000.0,39520.0,UPI,Kavita Reddy
TX03914,2026-06-07,Air Purifier Pro,Home Appliances,East,New,2,16500,8,30360.0,21780.0,8580.0,UPI,Rahul Sharma
TX03915,2026-05-11,Electric Kettle Stainless,Home Appliances,North,Returning,3,2400,12,6336.0,3744.0,2592.0,Card,Amit Kumar
TX03916,2026-02-09,Bookshelf Wooden,Furniture,Central,Returning,6,8900,12,46992.0,30972.0,16020.0,UPI,Kavita Reddy
TX03917,2026-07-23,Smart Watch Series 7,Electronics,North,New,4,18500,0,74000.0,50320.0,23680.0,Card,Priya Patel
TX03918,2026-03-04,Noise Cancelling Headphones,Electronics,West,Returning,4,14500,12,51040.0,37700.0,13340.0,Card,Neha Singh
TX03919,2026-03-23,Tablet Pro 11,Electronics,North,New,4,38000,5,144400.0,114000.0,30400.0,Net Banking,Rahul Sharma
TX03920,2026-05-21,4K Streaming WebCam,Electronics,North,Returning,6,7800,8,43056.0,29016.0,14040.0,Card,Priya Patel
TX03921,2026-02-06,Robotic Vacuum X,Home Appliances,East,Returning,7,26000,10,163800.0,127400.0,36400.0,UPI,Vikas Verma
TX03922,2026-05-03,Smartphone X,Electronics,South,New,2,42000,10,75600.0,60480.0,15120.0,Cash,Siddharth Rao
TX03923,2026-02-02,MagSafe Power Bank,Accessories,North,Returning,2,3200,12,5632.0,3328.0,2304.0,Cash,Rahul Sharma
TX03924,2026-04-06,Mesh Task Chair,Furniture,West,Returning,1,7500,12,6600.0,4500.0,2100.0,Card,Kavita Reddy
TX03925,2026-02-27,Mesh Task Chair,Furniture,North,Returning,4,7500,0,30000.0,18000.0,12000.0,Card,Vikas Verma
TX03926,2026-04-13,Coffee Maker Deluxe,Home Appliances,North,New,3,12800,10,34560.0,24576.0,9984.0,Net Banking,Rahul Sharma
TX03927,2026-05-17,Noise Cancelling Headphones,Electronics,West,Returning,6,14500,24,66120.0,56550.0,9570.0,UPI,Neha Singh
TX03928,2026-07-26,Coffee Maker Deluxe,Home Appliances,East,New,3,12800,0,38400.0,24576.0,13824.0,Net Banking,Priya Patel
TX03929,2026-04-20,4K Streaming WebCam,Electronics,West,Returning,5,7800,8,35880.0,24180.0,11700.0,Card,Kavita Reddy
TX03930,2026-05-22,Ergonomic Office Chair,Furniture,South,New,3,14500,5,41325.0,26970.0,14355.0,Card,Priya Patel
TX03931,2026-07-04,Coffee Maker Deluxe,Home Appliances,North,New,3,12800,5,36480.0,24576.0,11904.0,Card,Siddharth Rao
TX03932,2026-03-04,Travel Backpack 30L,Accessories,Central,Returning,7,3500,12,21560.0,11025.0,10535.0,UPI,Rahul Sharma
TX03933,2026-03-07,Robotic Vacuum X,Home Appliances,North,Returning,7,26000,0,182000.0,127400.0,54600.0,Card,Siddharth Rao
TX03934,2026-03-08,Electric Kettle Stainless,Home Appliances,South,Returning,5,2400,5,11400.0,6240.0,5160.0,UPI,Siddharth Rao
TX03935,2026-06-21,Smart Blender 1200W,Home Appliances,East,New,4,6800,5,25840.0,15776.0,10064.0,UPI,Kavita Reddy
TX03936,2026-06-06,Denim Pants Premium,Clothing,North,New,3,2900,10,7830.0,3654.0,4176.0,Card,Amit Kumar
TX03937,2026-03-25,Smart Watch Series 7,Electronics,West,New,2,18500,0,37000.0,25160.0,11840.0,Net Banking,Ananya Roy
TX03938,2026-03-11,Formal Suit Blazer,Clothing,West,New,1,11500,0,11500.0,6325.0,5175.0,UPI,Vikas Verma
TX03939,2026-07-04,Robotic Vacuum X,Home Appliances,West,Returning,2,26000,5,49400.0,36400.0,13000.0,Cash,Ananya Roy
TX03940,2026-03-11,Laptop Pro 15,Electronics,East,Returning,4,68000,0,272000.0,212160.0,59840.0,Card,Neha Singh
TX03941,2026-03-03,Laptop Sleeve 15,Accessories,South,Returning,1,1100,0,1100.0,385.0,715.0,Net Banking,Neha Singh
TX03942,2026-04-15,4K Streaming WebCam,Electronics,North,New,1,7800,0,7800.0,4836.0,2964.0,UPI,Amit Kumar
TX03943,2026-06-29,Running Jacket Pro,Clothing,Central,Returning,4,4800,8,17664.0,8640.0,9024.0,Card,Vikas Verma
TX03944,2026-07-29,Wireless Earbuds,Electronics,South,New,4,4500,5,17100.0,10800.0,6300.0,UPI,Neha Singh
TX03945,2026-07-25,Trail Hiking Boots,Footwear,West,Returning,3,8400,8,23184.0,13104.0,10080.0,UPI,Amit Kumar
TX03946,2026-02-25,Gaming Mouse 8K,Electronics,South,Returning,4,3200,0,12800.0,7040.0,5760.0,Card,Priya Patel
TX03947,2026-06-09,Mechanical RGB Keyboard,Electronics,West,Returning,7,6200,0,43400.0,25172.0,18228.0,UPI,Siddharth Rao
TX03948,2026-04-30,Trail Hiking Boots,Footwear,East,Returning,7,8400,10,52920.0,30576.0,22344.0,Card,Ananya Roy
TX03949,2026-06-10,Travel Backpack 30L,Accessories,South,New,3,3500,10,9450.0,4725.0,4725.0,UPI,Vikas Verma
TX03950,2026-06-09,MagSafe Power Bank,Accessories,Central,New,4,3200,10,11520.0,6656.0,4864.0,UPI,Vikas Verma
TX03951,2026-04-17,Ergonomic Office Chair,Furniture,North,New,3,14500,0,43500.0,26970.0,16530.0,Cash,Amit Kumar
TX03952,2026-06-22,Smartphone X,Electronics,South,Returning,5,42000,0,210000.0,151200.0,58800.0,UPI,Amit Kumar
TX03953,2026-06-11,Travel Backpack 30L,Accessories,North,Returning,8,3500,5,26600.0,12600.0,14000.0,UPI,Siddharth Rao
TX03954,2026-02-12,Noise Cancelling Headphones,Electronics,East,Returning,5,14500,0,72500.0,47125.0,25375.0,Card,Kavita Reddy
TX03955,2026-02-21,Noise Cancelling Headphones,Electronics,North,Returning,4,14500,0,58000.0,37700.0,20300.0,Cash,Neha Singh
TX03956,2026-05-11,Air Purifier Pro,Home Appliances,East,New,2,16500,5,31350.0,21780.0,9570.0,UPI,Rahul Sharma
TX03957,2026-06-04,Denim Pants Premium,Clothing,West,Returning,5,2900,10,13050.0,6090.0,6960.0,UPI,Rahul Sharma
TX03958,2026-07-13,Gaming Mouse 8K,Electronics,North,New,3,3200,12,8448.0,5280.0,3168.0,UPI,Siddharth Rao
TX03959,2026-04-20,Coffee Maker Deluxe,Home Appliances,West,New,2,12800,0,25600.0,16384.0,9216.0,Card,Kavita Reddy
TX03960,2026-02-25,Gaming Mouse 8K,Electronics,West,New,2,3200,10,5760.0,3520.0,2240.0,Cash,Kavita Reddy
TX03961,2026-03-15,Pro Runner Shoes,Footwear,West,Returning,2,6500,0,13000.0,6240.0,6760.0,UPI,Neha Singh
TX03962,2026-07-13,Cotton Polo Shirt,Clothing,North,New,4,1600,5,6080.0,2560.0,3520.0,Card,Ananya Roy
TX03963,2026-06-22,Smart Blender 1200W,Home Appliances,East,Returning,2,6800,10,12240.0,7888.0,4352.0,Card,Siddharth Rao
TX03964,2026-02-14,Noise Cancelling Headphones,Electronics,North,Returning,3,14500,5,41325.0,28275.0,13050.0,UPI,Kavita Reddy
TX03965,2026-05-23,Bookshelf Wooden,Furniture,East,Returning,5,8900,5,42275.0,25810.0,16465.0,UPI,Neha Singh
TX03966,2026-03-27,Gaming Mouse 8K,Electronics,North,New,3,3200,0,9600.0,5280.0,4320.0,UPI,Kavita Reddy
TX03967,2026-02-04,Denim Pants Premium,Clothing,South,Returning,5,2900,8,13340.0,6090.0,7250.0,Cash,Neha Singh
TX03968,2026-05-13,Trail Hiking Boots,Footwear,South,Returning,8,8400,0,67200.0,34944.0,32256.0,Card,Neha Singh
TX03969,2026-05-15,Robotic Vacuum X,Home Appliances,South,Returning,6,26000,5,148200.0,109200.0,39000.0,UPI,Kavita Reddy
TX03970,2026-05-08,Noise Cancelling Headphones,Electronics,North,Returning,3,14500,0,43500.0,28275.0,15225.0,Net Banking,Amit Kumar
TX03971,2026-03-03,Standing Desk Dual Engine,Furniture,West,Returning,3,34000,5,96900.0,69360.0,27540.0,Card,Kavita Reddy
TX03972,2026-03-07,Pro Runner Shoes,Footwear,South,Returning,4,6500,0,26000.0,12480.0,13520.0,UPI,Vikas Verma
TX03973,2026-05-04,Pro Runner Shoes,Footwear,East,Returning,1,6500,12,5720.0,3120.0,2600.0,UPI,Siddharth Rao
TX03974,2026-02-09,Running Jacket Pro,Clothing,East,Returning,2,4800,0,9600.0,4320.0,5280.0,UPI,Vikas Verma
TX03975,2026-03-25,Formal Suit Blazer,Clothing,East,Returning,2,11500,0,23000.0,12650.0,10350.0,Card,Vikas Verma
TX03976,2026-05-22,Coffee Maker Deluxe,Home Appliances,North,Returning,3,12800,0,38400.0,24576.0,13824.0,Cash,Neha Singh
TX03977,2026-05-31,Smart Watch Series 7,Electronics,East,Returning,5,18500,5,87875.0,62900.0,24975.0,Card,Neha Singh
TX03978,2026-05-08,Mesh Task Chair,Furniture,East,Returning,2,7500,8,13800.0,9000.0,4800.0,Card,Ananya Roy
TX03979,2026-05-04,Air Purifier Pro,Home Appliances,East,New,1,16500,8,15180.0,10890.0,4290.0,Card,Neha Singh
TX03980,2026-02-27,Standing Desk Dual Engine,Furniture,West,New,4,34000,0,136000.0,92480.0,43520.0,Card,Kavita Reddy
TX03981,2026-05-14,Trail Hiking Boots,Footwear,South,Returning,8,8400,5,63840.0,34944.0,28896.0,UPI,Siddharth Rao
TX03982,2026-02-19,Standing Desk Dual Engine,Furniture,West,New,4,34000,0,136000.0,92480.0,43520.0,Card,Ananya Roy
TX03983,2026-03-29,Smartphone X,Electronics,Central,Returning,5,42000,0,210000.0,151200.0,58800.0,Card,Amit Kumar
TX03984,2026-03-22,Executive Desk,Furniture,East,New,4,28000,10,100800.0,72800.0,28000.0,UPI,Rahul Sharma
TX03985,2026-02-09,Mechanical RGB Keyboard,Electronics,North,New,1,6200,0,6200.0,3596.0,2604.0,Card,Rahul Sharma
TX03986,2026-04-20,Denim Pants Premium,Clothing,North,New,3,2900,5,8265.0,3654.0,4611.0,UPI,Priya Patel
TX03987,2026-04-08,Laptop Pro 15,Electronics,North,Returning,7,68000,0,476000.0,371280.0,104720.0,Net Banking,Vikas Verma
TX03988,2026-05-29,Smartphone X,Electronics,South,Returning,2,42000,0,84000.0,60480.0,23520.0,Net Banking,Neha Singh
TX03989,2026-06-16,Smartphone X,Electronics,South,Returning,7,42000,5,279300.0,211680.0,67620.0,UPI,Kavita Reddy
TX03990,2026-03-19,Monitor 27 Ultra,Electronics,East,New,1,24000,10,21600.0,16800.0,4800.0,Card,Kavita Reddy
TX03991,2026-03-19,Pro Runner Shoes,Footwear,South,Returning,1,6500,5,6175.0,3120.0,3055.0,Card,Kavita Reddy
TX03992,2026-03-13,Running Jacket Pro,Clothing,Central,Returning,8,4800,0,38400.0,17280.0,21120.0,Cash,Ananya Roy
TX03993,2026-05-04,Casual Leather Loafers,Footwear,East,New,4,4200,5,15960.0,8400.0,7560.0,UPI,Ananya Roy
TX03994,2026-04-20,Mechanical RGB Keyboard,Electronics,West,Returning,8,6200,0,49600.0,28768.0,20832.0,Cash,Siddharth Rao
TX03995,2026-02-02,Pro Runner Shoes,Footwear,East,New,4,6500,10,23400.0,12480.0,10920.0,UPI,Ananya Roy
TX03996,2026-07-23,Travel Backpack 30L,Accessories,North,New,4,3500,20,11200.0,6300.0,4900.0,Card,Vikas Verma
TX03997,2026-03-27,Executive Desk,Furniture,Central,New,3,28000,12,73920.0,54600.0,19320.0,UPI,Siddharth Rao
TX03998,2026-03-24,4K Streaming WebCam,Electronics,East,Returning,7,7800,12,48048.0,33852.0,14196.0,Card,Ananya Roy
TX03999,2026-07-03,Electric Kettle Stainless,Home Appliances,West,Returning,6,2400,5,13680.0,7488.0,6192.0,Card,Siddharth Rao
TX04000,2026-05-10,Mesh Task Chair,Furniture,West,Returning,8,7500,8,55200.0,36000.0,19200.0,UPI,Neha Singh
TX04001,2026-04-12,Casual Leather Loafers,Footwear,Central,Returning,1,4200,8,3864.0,2100.0,1764.0,UPI,Rahul Sharma
TX04002,2026-05-05,Monitor Arm Dual Mount,Furniture,South,New,1,4200,5,3990.0,2100.0,1890.0,UPI,Siddharth Rao
TX04003,2026-04-22,Bookshelf Wooden,Furniture,East,New,1,8900,0,8900.0,5162.0,3738.0,Cash,Ananya Roy
TX04004,2026-04-13,Monitor 27 Ultra,Electronics,West,Returning,1,24000,5,22800.0,16800.0,6000.0,Card,Neha Singh
TX04005,2026-06-17,Air Purifier Pro,Home Appliances,Central,Returning,3,16500,8,45540.0,32670.0,12870.0,UPI,Siddharth Rao
TX04006,2026-07-04,Robotic Vacuum X,Home Appliances,South,Returning,1,26000,8,23920.0,18200.0,5720.0,UPI,Rahul Sharma
TX04007,2026-06-02,Bookshelf Wooden,Furniture,South,New,3,8900,0,26700.0,15486.0,11214.0,UPI,Siddharth Rao
TX04008,2026-03-28,Ergonomic Office Chair,Furniture,West,Returning,1,14500,0,14500.0,8990.0,5510.0,UPI,Amit Kumar
TX04009,2026-05-16,Air Purifier Pro,Home Appliances,East,Returning,8,16500,8,121440.0,87120.0,34320.0,UPI,Neha Singh
TX04010,2026-04-16,Electric Kettle Stainless,Home Appliances,South,Returning,5,2400,8,11040.0,6240.0,4800.0,Net Banking,Siddharth Rao
TX04011,2026-05-22,Monitor 27 Ultra,Electronics,North,Returning,3,24000,12,63360.0,50400.0,12960.0,UPI,Kavita Reddy
TX04012,2026-04-09,Gaming Mouse 8K,Electronics,South,New,1,3200,8,2944.0,1760.0,1184.0,Card,Vikas Verma
TX04013,2026-02-18,Tablet Pro 11,Electronics,West,New,4,38000,5,144400.0,114000.0,30400.0,Card,Priya Patel
TX04014,2026-07-25,Windbreaker Hooded,Clothing,North,New,3,3800,5,10830.0,5244.0,5586.0,Card,Kavita Reddy
TX04015,2026-03-24,MagSafe Power Bank,Accessories,North,New,1,3200,5,3040.0,1664.0,1376.0,UPI,Neha Singh
TX04016,2026-04-24,Casual Leather Loafers,Footwear,West,New,4,4200,5,15960.0,8400.0,7560.0,UPI,Ananya Roy
TX04017,2026-02-06,Coffee Maker Deluxe,Home Appliances,West,Returning,3,12800,5,36480.0,24576.0,11904.0,UPI,Kavita Reddy
TX04018,2026-02-08,Electric Kettle Stainless,Home Appliances,West,Returning,7,2400,10,15120.0,8736.0,6384.0,UPI,Priya Patel
TX04019,2026-07-13,Gaming Mouse 8K,Electronics,Central,Returning,4,3200,12,11264.0,7040.0,4224.0,UPI,Priya Patel
TX04020,2026-03-28,Gaming Mouse 8K,Electronics,North,Returning,5,3200,5,15200.0,8800.0,6400.0,Card,Vikas Verma
TX04021,2026-07-23,Mechanical RGB Keyboard,Electronics,West,Returning,4,6200,5,23560.0,14384.0,9176.0,Net Banking,Kavita Reddy
TX04022,2026-02-03,Formal Suit Blazer,Clothing,Central,Returning,1,11500,5,10925.0,6325.0,4600.0,UPI,Rahul Sharma
TX04023,2026-07-11,Electric Kettle Stainless,Home Appliances,West,New,1,2400,10,2160.0,1248.0,912.0,UPI,Kavita Reddy
TX04024,2026-02-10,Trail Hiking Boots,Footwear,East,Returning,5,8400,5,39900.0,21840.0,18060.0,Card,Neha Singh
TX04025,2026-02-03,Bookshelf Wooden,Furniture,South,Returning,6,8900,5,50730.0,30972.0,19758.0,UPI,Ananya Roy
TX04026,2026-07-19,Denim Pants Premium,Clothing,West,New,3,2900,12,7656.0,3654.0,4002.0,Card,Kavita Reddy
TX04027,2026-03-20,Laptop Sleeve 15,Accessories,North,New,1,1100,10,990.0,385.0,605.0,Card,Neha Singh
TX04028,2026-07-20,Robotic Vacuum X,Home Appliances,West,New,1,26000,5,24700.0,18200.0,6500.0,Card,Ananya Roy
TX04029,2026-07-10,Laptop Sleeve 15,Accessories,West,Returning,5,1100,12,4840.0,1925.0,2915.0,Card,Ananya Roy
TX04030,2026-07-01,Standing Desk Dual Engine,Furniture,North,Returning,1,34000,5,32300.0,23120.0,9180.0,Cash,Siddharth Rao
TX04031,2026-02-02,Formal Suit Blazer,Clothing,North,Returning,1,11500,0,11500.0,6325.0,5175.0,UPI,Neha Singh
TX04032,2026-07-17,Monitor 27 Ultra,Electronics,Central,Returning,7,24000,5,159600.0,117600.0,42000.0,UPI,Amit Kumar
TX04033,2026-04-04,Coffee Maker Deluxe,Home Appliances,West,New,3,12800,15,32640.0,24576.0,8064.0,Net Banking,Rahul Sharma
TX04034,2026-05-24,Gaming Mouse 8K,Electronics,West,New,1,3200,30,2240.0,1760.0,480.0,UPI,Kavita Reddy
TX04035,2026-03-26,Portable SSD 2TB,Electronics,North,New,3,12500,0,37500.0,26250.0,11250.0,Card,Ananya Roy
TX04036,2026-02-02,Smartphone X,Electronics,South,New,2,42000,8,77280.0,60480.0,16800.0,Card,Siddharth Rao
TX04037,2026-06-13,Noise Cancelling Headphones,Electronics,West,New,1,14500,10,13050.0,9425.0,3625.0,UPI,Neha Singh
TX04038,2026-02-15,Coffee Maker Deluxe,Home Appliances,South,New,4,12800,0,51200.0,32768.0,18432.0,Card,Kavita Reddy
TX04039,2026-06-05,Casual Leather Loafers,Footwear,Central,Returning,3,4200,0,12600.0,6300.0,6300.0,Card,Ananya Roy
TX04040,2026-04-02,MagSafe Power Bank,Accessories,West,New,1,3200,5,3040.0,1664.0,1376.0,Card,Neha Singh
TX04041,2026-06-12,Noise Cancelling Headphones,Electronics,South,New,2,14500,5,27550.0,18850.0,8700.0,Cash,Priya Patel
TX04042,2026-06-10,Formal Suit Blazer,Clothing,North,New,4,11500,8,42320.0,25300.0,17020.0,Card,Priya Patel
TX04043,2026-04-28,Formal Suit Blazer,Clothing,East,New,1,11500,5,10925.0,6325.0,4600.0,Card,Ananya Roy
TX04044,2026-04-19,Mesh Task Chair,Furniture,West,Returning,2,7500,8,13800.0,9000.0,4800.0,UPI,Vikas Verma
TX04045,2026-06-12,Denim Pants Premium,Clothing,East,New,3,2900,8,8004.0,3654.0,4350.0,Card,Amit Kumar
TX04046,2026-07-18,Mesh Task Chair,Furniture,South,Returning,1,7500,0,7500.0,4500.0,3000.0,UPI,Kavita Reddy
TX04047,2026-05-17,Air Purifier Pro,Home Appliances,South,New,2,16500,5,31350.0,21780.0,9570.0,UPI,Priya Patel
TX04048,2026-02-16,Laptop Sleeve 15,Accessories,West,New,2,1100,5,2090.0,770.0,1320.0,Card,Vikas Verma
TX04049,2026-05-26,Casual Leather Loafers,Footwear,East,Returning,5,4200,5,19950.0,10500.0,9450.0,Cash,Ananya Roy
TX04050,2026-04-14,Gaming Mouse 8K,Electronics,North,Returning,3,3200,10,8640.0,5280.0,3360.0,Card,Neha Singh
TX04051,2026-06-04,Travel Backpack 30L,Accessories,East,New,1,3500,8,3220.0,1575.0,1645.0,Cash,Ananya Roy
TX04052,2026-07-04,Denim Pants Premium,Clothing,East,New,4,2900,5,11020.0,4872.0,6148.0,UPI,Priya Patel
TX04053,2026-05-23,Pro Runner Shoes,Footwear,North,Returning,6,6500,10,35100.0,18720.0,16380.0,Card,Kavita Reddy
TX04054,2026-03-03,4K Streaming WebCam,Electronics,South,Returning,6,7800,12,41184.0,29016.0,12168.0,Net Banking,Kavita Reddy
TX04055,2026-05-22,Casual Leather Loafers,Footwear,South,Returning,1,4200,5,3990.0,2100.0,1890.0,UPI,Amit Kumar
TX04056,2026-03-12,Leather Slim Wallet,Accessories,North,Returning,6,1400,0,8400.0,3192.0,5208.0,UPI,Vikas Verma
TX04057,2026-05-06,Gaming Mouse 8K,Electronics,West,New,1,3200,25,2400.0,1760.0,640.0,Net Banking,Rahul Sharma
TX04058,2026-02-15,Formal Suit Blazer,Clothing,South,New,2,11500,10,20700.0,12650.0,8050.0,UPI,Ananya Roy
TX04059,2026-05-05,Pro Runner Shoes,Footwear,West,Returning,7,6500,20,36400.0,21840.0,14560.0,Net Banking,Neha Singh
TX04060,2026-03-25,Air Purifier Pro,Home Appliances,West,Returning,8,16500,8,121440.0,87120.0,34320.0,Cash,Siddharth Rao
TX04061,2026-05-18,Laptop Sleeve 15,Accessories,North,Returning,6,1100,10,5940.0,2310.0,3630.0,UPI,Priya Patel
TX04062,2026-02-08,Laptop Sleeve 15,Accessories,South,Returning,5,1100,0,5500.0,1925.0,3575.0,Card,Ananya Roy
TX04063,2026-04-26,Travel Backpack 30L,Accessories,East,Returning,2,3500,8,6440.0,3150.0,3290.0,Card,Neha Singh
TX04064,2026-03-30,Electric Kettle Stainless,Home Appliances,East,Returning,4,2400,12,8448.0,4992.0,3456.0,Card,Siddharth Rao
TX04065,2026-02-10,MagSafe Power Bank,Accessories,East,Returning,6,3200,8,17664.0,9984.0,7680.0,UPI,Priya Patel
TX04066,2026-02-09,Air Purifier Pro,Home Appliances,South,Returning,4,16500,5,62700.0,43560.0,19140.0,UPI,Ananya Roy
TX04067,2026-03-25,Ergonomic Office Chair,Furniture,North,New,1,14500,0,14500.0,8990.0,5510.0,Card,Neha Singh
TX04068,2026-03-28,Pro Runner Shoes,Footwear,North,Returning,3,6500,12,17160.0,9360.0,7800.0,Card,Neha Singh
TX04069,2026-06-20,Casual Leather Loafers,Footwear,East,Returning,2,4200,5,7980.0,4200.0,3780.0,Card,Vikas Verma
TX04070,2026-04-14,Casual Leather Loafers,Footwear,East,Returning,7,4200,10,26460.0,14700.0,11760.0,UPI,Neha Singh
TX04071,2026-04-11,Noise Cancelling Headphones,Electronics,West,Returning,5,14500,5,68875.0,47125.0,21750.0,UPI,Vikas Verma
TX04072,2026-03-20,Electric Kettle Stainless,Home Appliances,South,Returning,3,2400,8,6624.0,3744.0,2880.0,UPI,Vikas Verma
TX04073,2026-02-08,Mesh Task Chair,Furniture,South,Returning,3,7500,10,20250.0,13500.0,6750.0,Card,Siddharth Rao
TX04074,2026-05-16,Monitor Arm Dual Mount,Furniture,South,Returning,6,4200,5,23940.0,12600.0,11340.0,Card,Kavita Reddy
TX04075,2026-05-25,Cotton Polo Shirt,Clothing,South,Returning,5,1600,5,7600.0,3200.0,4400.0,UPI,Priya Patel
TX04076,2026-04-20,Mesh Task Chair,Furniture,South,Returning,6,7500,0,45000.0,27000.0,18000.0,Cash,Ananya Roy
TX04077,2026-05-23,Electric Kettle Stainless,Home Appliances,South,New,3,2400,0,7200.0,3744.0,3456.0,UPI,Siddharth Rao
TX04078,2026-06-30,Laptop Pro 15,Electronics,West,Returning,7,68000,0,476000.0,371280.0,104720.0,Net Banking,Siddharth Rao
TX04079,2026-05-11,Smart Blender 1200W,Home Appliances,West,Returning,2,6800,15,11560.0,7888.0,3672.0,UPI,Amit Kumar
TX04080,2026-03-08,4K Streaming WebCam,Electronics,North,Returning,3,7800,0,23400.0,14508.0,8892.0,Card,Amit Kumar
TX04081,2026-03-20,Tablet Pro 11,Electronics,North,New,4,38000,8,139840.0,114000.0,25840.0,Card,Rahul Sharma
TX04082,2026-05-11,Wireless Earbuds,Electronics,North,New,3,4500,8,12420.0,8100.0,4320.0,Net Banking,Ananya Roy
TX04083,2026-06-07,Laptop Sleeve 15,Accessories,North,Returning,6,1100,0,6600.0,2310.0,4290.0,UPI,Ananya Roy
TX04084,2026-07-23,Casual Leather Loafers,Footwear,West,Returning,6,4200,10,22680.0,12600.0,10080.0,Card,Siddharth Rao
TX04085,2026-06-24,Laptop Pro 15,Electronics,North,New,1,68000,10,61200.0,53040.0,8160.0,UPI,Siddharth Rao
TX04086,2026-07-14,Travel Backpack 30L,Accessories,West,New,3,3500,12,9240.0,4725.0,4515.0,UPI,Siddharth Rao
TX04087,2026-03-30,Portable SSD 2TB,Electronics,South,New,1,12500,0,12500.0,8750.0,3750.0,UPI,Neha Singh
TX04088,2026-04-06,Mesh Task Chair,Furniture,North,New,2,7500,0,15000.0,9000.0,6000.0,Card,Siddharth Rao
TX04089,2026-05-25,Mesh Task Chair,Furniture,South,New,3,7500,0,22500.0,13500.0,9000.0,UPI,Priya Patel
TX04090,2026-07-12,Smart Watch Series 7,Electronics,East,Returning,1,18500,10,16650.0,12580.0,4070.0,UPI,Priya Patel
TX04091,2026-04-02,Bookshelf Wooden,Furniture,South,Returning,6,8900,0,53400.0,30972.0,22428.0,UPI,Vikas Verma
TX04092,2026-03-21,Ergonomic Office Chair,Furniture,West,Returning,8,14500,12,102080.0,71920.0,30160.0,UPI,Neha Singh
TX04093,2026-03-20,Leather Slim Wallet,Accessories,West,Returning,1,1400,10,1260.0,532.0,728.0,UPI,Neha Singh
TX04094,2026-06-21,Mechanical RGB Keyboard,Electronics,North,New,1,6200,8,5704.0,3596.0,2108.0,Card,Rahul Sharma
TX04095,2026-05-05,4K Streaming WebCam,Electronics,North,New,3,7800,0,23400.0,14508.0,8892.0,Net Banking,Vikas Verma
TX04096,2026-06-29,Smart Blender 1200W,Home Appliances,South,Returning,6,6800,10,36720.0,23664.0,13056.0,Card,Amit Kumar
TX04097,2026-05-01,Pro Runner Shoes,Footwear,North,New,3,6500,0,19500.0,9360.0,10140.0,Net Banking,Neha Singh
TX04098,2026-02-12,Cotton Polo Shirt,Clothing,Central,New,4,1600,5,6080.0,2560.0,3520.0,Cash,Ananya Roy
TX04099,2026-03-04,Bookshelf Wooden,Furniture,North,New,2,8900,12,15664.0,10324.0,5340.0,Net Banking,Priya Patel
TX04100,2026-05-14,Trail Hiking Boots,Footwear,South,Returning,4,8400,10,30240.0,17472.0,12768.0,UPI,Kavita Reddy
TX04101,2026-04-03,4K Streaming WebCam,Electronics,North,New,2,7800,5,14820.0,9672.0,5148.0,UPI,Priya Patel
TX04102,2026-03-18,Smart Blender 1200W,Home Appliances,South,New,1,6800,0,6800.0,3944.0,2856.0,UPI,Priya Patel
TX04103,2026-05-17,Coffee Maker Deluxe,Home Appliances,South,New,2,12800,,25600.0,16384.0,9216.0,UPI,Ananya Roy
TX04104,2026-03-11,Smart Blender 1200W,Home Appliances,South,New,1,6800,8,6256.0,3944.0,2312.0,UPI,Kavita Reddy
TX04105,2026-02-15,4K Streaming WebCam,Electronics,South,New,1,7800,0,7800.0,4836.0,2964.0,Net Banking,Siddharth Rao
TX04106,2026-06-21,Leather Slim Wallet,Accessories,North,Returning,6,1400,5,7980.0,3192.0,4788.0,UPI,Priya Patel
TX04107,2026-03-18,Smart Watch Series 7,Electronics,West,New,4,18500,5,70300.0,50320.0,19980.0,Card,Neha Singh
TX04108,2026-03-19,Monitor Arm Dual Mount,Furniture,South,Returning,4,4200,10,15120.0,8400.0,6720.0,Net Banking,Rahul Sharma
TX04109,2026-07-12,Air Purifier Pro,Home Appliances,South,New,3,16500,15,42075.0,32670.0,9405.0,Cash,Siddharth Rao
TX04110,2026-04-26,Travel Backpack 30L,Accessories,West,Returning,5,3500,0,17500.0,7875.0,9625.0,Cash,Neha Singh
TX04111,2026-02-09,4K Streaming WebCam,Electronics,South,New,3,7800,5,22230.0,14508.0,7722.0,Card,Ananya Roy
TX04112,2026-07-11,Formal Suit Blazer,Clothing,West,Returning,3,11500,8,31740.0,18975.0,12765.0,UPI,Priya Patel
TX04113,2026-04-24,Cotton Polo Shirt,Clothing,East,New,3,1600,0,4800.0,1920.0,2880.0,Card,Neha Singh
TX04114,2026-04-14,Electric Kettle Stainless,Home Appliances,West,Returning,4,2400,20,7680.0,4992.0,2688.0,UPI,Neha Singh
TX04115,2026-02-02,Windbreaker Hooded,Clothing,East,Returning,5,3800,0,19000.0,8740.0,10260.0,Card,Rahul Sharma
TX04116,2026-02-01,Denim Pants Premium,Clothing,North,Returning,5,2900,0,14500.0,6090.0,8410.0,Net Banking,Rahul Sharma
TX04117,2026-07-14,4K Streaming WebCam,Electronics,North,Returning,5,7800,5,37050.0,24180.0,12870.0,UPI,Amit Kumar
TX04118,2026-04-29,Portable SSD 2TB,Electronics,East,Returning,4,12500,10,45000.0,35000.0,10000.0,Net Banking,Kavita Reddy
TX04119,2026-02-24,Casual Leather Loafers,Footwear,East,Returning,6,4200,5,23940.0,12600.0,11340.0,UPI,Siddharth Rao
TX04120,2026-07-05,Casual Leather Loafers,Footwear,South,New,1,4200,5,3990.0,2100.0,1890.0,Card,Neha Singh
TX04121,2026-02-08,Wireless Earbuds,Electronics,Central,Returning,6,4500,12,23760.0,16200.0,7560.0,Card,Siddharth Rao
TX04122,2026-07-06,Executive Desk,Furniture,North,Returning,8,28000,5,212800.0,145600.0,67200.0,Net Banking,Siddharth Rao
TX04123,2026-04-15,Leather Slim Wallet,Accessories,North,Returning,5,1400,8,6440.0,2660.0,3780.0,UPI,Ananya Roy
TX04124,2026-07-31,Denim Pants Premium,Clothing,Central,Returning,3,2900,15,7395.0,3654.0,3741.0,UPI,Neha Singh
TX04125,2026-05-06,Trail Hiking Boots,Footwear,North,Returning,7,8400,10,52920.0,30576.0,22344.0,UPI,Vikas Verma
TX04126,2026-05-12,Ergonomic Office Chair,Furniture,West,Returning,6,14500,5,82650.0,53940.0,28710.0,Card,Amit Kumar
TX04127,2026-05-27,Gaming Mouse 8K,Electronics,East,Returning,7,3200,0,22400.0,12320.0,10080.0,UPI,Siddharth Rao
TX04128,2026-02-17,Gaming Mouse 8K,Electronics,East,Returning,1,3200,8,2944.0,1760.0,1184.0,UPI,Neha Singh
TX04129,2026-05-23,Laptop Pro 15,Electronics,East,New,3,68000,10,183600.0,159120.0,24480.0,UPI,Priya Patel
TX04130,2026-07-18,Trail Hiking Boots,Footwear,North,Returning,3,8400,5,23940.0,13104.0,10836.0,UPI,Amit Kumar
TX04131,2026-06-16,Smartphone X,Electronics,South,Returning,8,42000,5,319200.0,241920.0,77280.0,Card,Kavita Reddy
TX04132,2026-02-13,Smart Watch Series 7,Electronics,South,Returning,3,18500,8,51060.0,37740.0,13320.0,Card,Priya Patel
TX04133,2026-02-27,Formal Suit Blazer,Clothing,South,Returning,7,11500,0,80500.0,44275.0,36225.0,UPI,Kavita Reddy
TX04134,2026-05-27,Executive Desk,Furniture,East,Returning,6,28000,5,159600.0,109200.0,50400.0,Card,Priya Patel
TX04135,2026-07-02,Portable SSD 2TB,Electronics,North,New,1,12500,15,10625.0,8750.0,1875.0,UPI,Neha Singh
TX04136,2026-06-26,Trail Hiking Boots,Footwear,West,Returning,3,8400,5,23940.0,13104.0,10836.0,UPI,Ananya Roy
TX04137,2026-02-28,Pro Runner Shoes,Footwear,South,New,4,6500,8,23920.0,12480.0,11440.0,UPI,Priya Patel
TX04138,2026-06-22,Noise Cancelling Headphones,Electronics,West,Returning,8,14500,0,116000.0,75400.0,40600.0,UPI,Vikas Verma
TX04139,2026-06-08,Casual Leather Loafers,Footwear,East,New,3,4200,8,11592.0,6300.0,5292.0,UPI,Neha Singh
TX04140,2026-05-07,Robotic Vacuum X,Home Appliances,East,Returning,2,26000,0,52000.0,36400.0,15600.0,UPI,Rahul Sharma
TX04141,2026-02-21,Executive Desk,Furniture,North,New,3,28000,5,79800.0,54600.0,25200.0,Card,Amit Kumar
TX04142,2026-05-09,Leather Slim Wallet,Accessories,North,New,4,1400,15,4760.0,2128.0,2632.0,Card,Neha Singh
TX04143,2026-05-06,Monitor Arm Dual Mount,Furniture,West,New,1,4200,0,4200.0,2100.0,2100.0,Card,Neha Singh
TX04144,2026-02-11,Windbreaker Hooded,Clothing,East,Returning,8,3800,5,28880.0,13984.0,14896.0,UPI,Ananya Roy
TX04145,2026-03-18,Pro Runner Shoes,Footwear,West,New,3,6500,10,17550.0,9360.0,8190.0,Net Banking,Vikas Verma
TX04146,2026-06-03,Laptop Sleeve 15,Accessories,North,New,2,1100,5,2090.0,770.0,1320.0,Cash,Neha Singh
TX04147,2026-04-16,Air Purifier Pro,Home Appliances,North,New,2,16500,10,29700.0,21780.0,7920.0,UPI,Neha Singh
TX04148,2026-02-22,Casual Leather Loafers,Footwear,East,Returning,6,4200,12,22176.0,12600.0,9576.0,UPI,Neha Singh
TX04149,2026-06-26,Running Jacket Pro,Clothing,West,Returning,8,4800,5,36480.0,17280.0,19200.0,Card,Rahul Sharma
TX04150,2026-04-22,Windbreaker Hooded,Clothing,Central,Returning,8,3800,8,27968.0,13984.0,13984.0,Card,Priya Patel
TX04151,2026-05-29,Cotton Polo Shirt,Clothing,North,Returning,5,1600,0,8000.0,3200.0,4800.0,Card,Neha Singh
TX04152,2026-05-01,Monitor Arm Dual Mount,Furniture,East,Returning,2,4200,8,7728.0,4200.0,3528.0,Card,Rahul Sharma
TX04153,2026-07-01,4K Streaming WebCam,Electronics,Central,Returning,1,7800,8,7176.0,4836.0,2340.0,Card,Neha Singh
TX04154,2026-05-09,Air Purifier Pro,Home Appliances,South,New,4,16500,0,66000.0,43560.0,22440.0,Card,Neha Singh
TX04155,2026-03-24,Mechanical RGB Keyboard,Electronics,South,New,4,6200,15,21080.0,14384.0,6696.0,Cash,Ananya Roy
TX04156,2026-04-25,Smartphone X,Electronics,South,Returning,4,42000,10,151200.0,120960.0,30240.0,Card,Vikas Verma
TX04157,2026-04-10,Mechanical RGB Keyboard,Electronics,North,Returning,1,6200,0,6200.0,3596.0,2604.0,Cash,Kavita Reddy
TX04158,2026-04-08,Executive Desk,Furniture,South,Returning,3,28000,0,84000.0,54600.0,29400.0,Net Banking,Priya Patel
TX04159,2026-06-15,Wireless Earbuds,Electronics,East,Returning,7,4500,8,28980.0,18900.0,10080.0,Net Banking,Priya Patel
TX04160,2026-03-27,4K Streaming WebCam,Electronics,West,Returning,4,7800,5,29640.0,19344.0,10296.0,Net Banking,Ananya Roy
TX04161,2026-03-26,MagSafe Power Bank,Accessories,South,Returning,2,3200,0,6400.0,3328.0,3072.0,UPI,Kavita Reddy
TX04162,2026-02-10,Executive Desk,Furniture,South,New,1,28000,8,25760.0,18200.0,7560.0,Cash,Siddharth Rao
TX04163,2026-04-15,Portable SSD 2TB,Electronics,South,New,3,12500,12,33000.0,26250.0,6750.0,UPI,Amit Kumar
TX04164,2026-02-01,Ergonomic Office Chair,Furniture,Central,Returning,6,14500,8,80040.0,53940.0,26100.0,Card,Amit Kumar
TX04165,2026-03-09,Monitor Arm Dual Mount,Furniture,East,New,1,4200,10,3780.0,2100.0,1680.0,UPI,Vikas Verma
TX04166,2026-03-31,Running Jacket Pro,Clothing,South,Returning,6,4800,10,25920.0,12960.0,12960.0,UPI,Rahul Sharma
TX04167,2026-07-20,Tablet Pro 11,Electronics,South,Returning,4,38000,12,133760.0,114000.0,19760.0,Card,Priya Patel
TX04168,2026-02-14,Casual Leather Loafers,Footwear,East,Returning,2,4200,5,7980.0,4200.0,3780.0,UPI,Priya Patel
TX04169,2026-04-08,Smart Watch Series 7,Electronics,West,New,2,18500,0,37000.0,25160.0,11840.0,Card,Kavita Reddy
TX04170,2026-04-28,Electric Kettle Stainless,Home Appliances,North,Returning,6,2400,5,13680.0,7488.0,6192.0,Card,Priya Patel
TX04171,2026-06-16,Formal Suit Blazer,Clothing,South,New,2,11500,5,21850.0,12650.0,9200.0,UPI,Rahul Sharma
TX04172,2026-03-08,MagSafe Power Bank,Accessories,South,Returning,2,3200,0,6400.0,3328.0,3072.0,UPI,Ananya Roy
TX04173,2026-06-22,Gaming Mouse 8K,Electronics,South,Returning,6,3200,8,17664.0,10560.0,7104.0,Card,Rahul Sharma
TX04174,2026-07-31,Formal Suit Blazer,Clothing,North,Returning,3,11500,0,34500.0,18975.0,15525.0,Cash,Priya Patel
TX04175,2026-07-15,Mechanical RGB Keyboard,Electronics,West,New,3,6200,5,17670.0,10788.0,6882.0,UPI,Vikas Verma
TX04176,2026-02-02,Smart Watch Series 7,Electronics,North,Returning,6,18500,8,102120.0,75480.0,26640.0,UPI,Neha Singh
TX04177,2026-06-29,Gaming Mouse 8K,Electronics,South,New,3,3200,0,9600.0,5280.0,4320.0,Net Banking,Amit Kumar
TX04178,2026-02-08,Mechanical RGB Keyboard,Electronics,South,Returning,3,6200,0,18600.0,10788.0,7812.0,Net Banking,Vikas Verma
TX04179,2026-07-30,Cotton Polo Shirt,Clothing,South,Returning,7,1600,5,10640.0,4480.0,6160.0,Card,Priya Patel
TX04180,2026-07-27,4K Streaming WebCam,Electronics,South,Returning,2,7800,0,15600.0,9672.0,5928.0,UPI,Ananya Roy
TX04181,2026-07-06,Mechanical RGB Keyboard,Electronics,Central,New,3,6200,8,17112.0,10788.0,6324.0,Card,Ananya Roy
TX04182,2026-03-21,4K Streaming WebCam,Electronics,West,Returning,1,7800,12,6864.0,4836.0,2028.0,UPI,Rahul Sharma
TX04183,2026-06-13,Windbreaker Hooded,Clothing,Central,New,3,3800,5,10830.0,5244.0,5586.0,Cash,Amit Kumar
TX04184,2026-04-02,Denim Pants Premium,Clothing,North,New,1,2900,8,2668.0,1218.0,1450.0,UPI,Vikas Verma
TX04185,2026-05-13,Ergonomic Office Chair,Furniture,Central,Returning,2,14500,8,26680.0,17980.0,8700.0,Net Banking,Amit Kumar
TX04186,2026-02-03,Noise Cancelling Headphones,Electronics,South,Returning,5,14500,0,72500.0,47125.0,25375.0,Card,Kavita Reddy
TX04187,2026-02-11,Casual Leather Loafers,Footwear,East,New,2,4200,8,7728.0,4200.0,3528.0,Card,Kavita Reddy
TX04188,2026-07-14,Pro Runner Shoes,Footwear,West,Returning,5,6500,0,32500.0,15600.0,16900.0,Card,Kavita Reddy
TX04189,2026-06-05,Noise Cancelling Headphones,Electronics,North,Returning,6,14500,0,87000.0,56550.0,30450.0,UPI,Rahul Sharma
TX04190,2026-02-06,Monitor Arm Dual Mount,Furniture,West,Returning,6,4200,10,22680.0,12600.0,10080.0,UPI,Kavita Reddy
TX04191,2026-03-10,Denim Pants Premium,Clothing,West,Returning,3,2900,0,8700.0,3654.0,5046.0,UPI,Ananya Roy
TX04192,2026-04-16,Wireless Earbuds,Electronics,South,Returning,4,4500,5,17100.0,10800.0,6300.0,Card,Siddharth Rao
TX04193,2026-04-01,Windbreaker Hooded,Clothing,West,New,1,3800,10,3420.0,1748.0,1672.0,UPI,Neha Singh
TX04194,2026-05-09,Executive Desk,Furniture,Central,Returning,8,28000,5,212800.0,145600.0,67200.0,UPI,Rahul Sharma
TX04195,2026-06-03,Monitor 27 Ultra,Electronics,South,Returning,4,24000,5,91200.0,67200.0,24000.0,Net Banking,Neha Singh
TX04196,2026-02-21,MagSafe Power Bank,Accessories,East,New,2,3200,0,6400.0,3328.0,3072.0,UPI,Siddharth Rao
TX04197,2026-07-25,Ergonomic Office Chair,Furniture,West,Returning,6,14500,0,87000.0,53940.0,33060.0,Card,Rahul Sharma
TX04198,2026-04-30,Laptop Pro 15,Electronics,West,Returning,1,68000,5,64600.0,53040.0,11560.0,UPI,Vikas Verma
TX04199,2026-06-25,Denim Pants Premium,Clothing,West,Returning,7,2900,0,20300.0,8526.0,11774.0,UPI,Siddharth Rao
TX04200,2026-06-10,Smart Blender 1200W,Home Appliances,West,New,1,6800,0,6800.0,3944.0,2856.0,Net Banking,Ananya Roy
TX04201,2026-06-29,Coffee Maker Deluxe,Home Appliances,North,Returning,5,12800,5,60800.0,40960.0,19840.0,Card,Vikas Verma
TX04202,2026-03-16,Portable SSD 2TB,Electronics,Central,Returning,6,12500,0,75000.0,52500.0,22500.0,Cash,Neha Singh
TX04203,2026-02-09,Windbreaker Hooded,Clothing,East,New,1,3800,5,3610.0,1748.0,1862.0,UPI,Ananya Roy
TX04204,2026-03-01,Mechanical RGB Keyboard,Electronics,North,New,3,6200,0,18600.0,10788.0,7812.0,Card,Siddharth Rao
TX04205,2026-03-31,Electric Kettle Stainless,Home Appliances,West,Returning,1,2400,12,2112.0,1248.0,864.0,UPI,Rahul Sharma
TX04206,2026-04-06,Wireless Earbuds,Electronics,East,Returning,3,4500,0,13500.0,8100.0,5400.0,UPI,Siddharth Rao
TX04207,2026-07-30,Leather Slim Wallet,Accessories,West,Returning,8,1400,10,10080.0,4256.0,5824.0,Net Banking,Neha Singh
TX04208,2026-07-24,Ergonomic Office Chair,Furniture,North,Returning,2,14500,0,29000.0,17980.0,11020.0,UPI,Priya Patel
TX04209,2026-06-15,Bookshelf Wooden,Furniture,South,Returning,8,8900,8,65504.0,41296.0,24208.0,Cash,Ananya Roy
TX04210,2026-03-08,Gaming Mouse 8K,Electronics,North,New,3,3200,12,8448.0,5280.0,3168.0,UPI,Kavita Reddy
TX04211,2026-03-28,Wireless Earbuds,Electronics,North,Returning,4,4500,0,18000.0,10800.0,7200.0,Net Banking,Rahul Sharma
TX04212,2026-06-17,Laptop Sleeve 15,Accessories,South,Returning,1,1100,10,990.0,385.0,605.0,Card,Ananya Roy
TX04213,2026-06-29,Mesh Task Chair,Furniture,West,New,2,7500,10,13500.0,9000.0,4500.0,Card,Rahul Sharma
TX04214,2026-04-04,Smart Blender 1200W,Home Appliances,South,Returning,2,6800,8,12512.0,7888.0,4624.0,Net Banking,Amit Kumar
TX04215,2026-02-18,Laptop Sleeve 15,Accessories,North,New,3,1100,0,3300.0,1155.0,2145.0,UPI,Rahul Sharma
TX04216,2026-03-07,MagSafe Power Bank,Accessories,South,Returning,7,3200,8,20608.0,11648.0,8960.0,Card,Kavita Reddy
TX04217,2026-07-15,Executive Desk,Furniture,North,New,4,28000,10,100800.0,72800.0,28000.0,Cash,Neha Singh
TX04218,2026-07-21,Noise Cancelling Headphones,Electronics,Central,New,3,14500,8,40020.0,28275.0,11745.0,UPI,Neha Singh
TX04219,2026-04-20,Cotton Polo Shirt,Clothing,North,New,3,1600,0,4800.0,1920.0,2880.0,UPI,Rahul Sharma
TX04220,2026-04-17,Electric Kettle Stainless,Home Appliances,North,New,3,2400,0,7200.0,3744.0,3456.0,UPI,Ananya Roy
TX04221,2026-05-05,Formal Suit Blazer,Clothing,Central,Returning,5,11500,0,57500.0,31625.0,25875.0,Card,Amit Kumar
TX04222,2026-07-26,Noise Cancelling Headphones,Electronics,West,Returning,6,14500,5,82650.0,56550.0,26100.0,Cash,Kavita Reddy
TX04223,2026-03-06,Smart Watch Series 7,Electronics,East,Returning,2,18500,8,34040.0,25160.0,8880.0,Cash,Kavita Reddy
TX04224,2026-06-22,Trail Hiking Boots,Footwear,East,Returning,8,8400,12,59136.0,34944.0,24192.0,Cash,Neha Singh
TX04225,2026-06-09,Travel Backpack 30L,Accessories,South,New,2,3500,8,6440.0,3150.0,3290.0,UPI,Neha Singh
TX04226,2026-07-08,Trail Hiking Boots,Footwear,East,Returning,1,8400,0,8400.0,4368.0,4032.0,Card,Rahul Sharma
TX04227,2026-04-12,Air Purifier Pro,Home Appliances,North,New,3,16500,8,45540.0,32670.0,12870.0,UPI,Priya Patel
TX04228,2026-07-16,Trail Hiking Boots,Footwear,West,New,1,8400,5,7980.0,4368.0,3612.0,Cash,Rahul Sharma
TX04229,2026-06-08,Electric Kettle Stainless,Home Appliances,West,Returning,1,2400,0,2400.0,1248.0,1152.0,Card,Priya Patel
TX04230,2026-05-01,Leather Slim Wallet,Accessories,West,Returning,4,1400,12,4928.0,2128.0,2800.0,UPI,Ananya Roy
TX04231,2026-04-03,Electric Kettle Stainless,Home Appliances,West,New,3,2400,10,6480.0,3744.0,2736.0,Card,Neha Singh
TX04232,2026-06-30,Ergonomic Office Chair,Furniture,South,Returning,6,14500,0,87000.0,53940.0,33060.0,Net Banking,Neha Singh
TX04233,2026-06-13,Windbreaker Hooded,Clothing,West,Returning,1,3800,0,3800.0,1748.0,2052.0,UPI,Kavita Reddy
TX04234,2026-07-13,Wireless Earbuds,Electronics,West,New,3,4500,0,13500.0,8100.0,5400.0,Card,Ananya Roy
TX04235,2026-05-03,Coffee Maker Deluxe,Home Appliances,West,Returning,6,12800,0,76800.0,49152.0,27648.0,Net Banking,Rahul Sharma
TX04236,2026-05-27,MagSafe Power Bank,Accessories,West,Returning,8,3200,5,24320.0,13312.0,11008.0,Net Banking,Amit Kumar
TX04237,2026-07-15,Noise Cancelling Headphones,Electronics,Central,Returning,1,14500,8,13340.0,9425.0,3915.0,Card,Amit Kumar
TX04238,2026-07-24,Laptop Pro 15,Electronics,Central,New,3,68000,5,193800.0,159120.0,34680.0,Net Banking,Priya Patel
TX04239,2026-03-17,Denim Pants Premium,Clothing,South,Returning,6,2900,8,16008.0,7308.0,8700.0,Card,Rahul Sharma
TX04240,2026-04-13,Mechanical RGB Keyboard,Electronics,Central,New,3,6200,5,17670.0,10788.0,6882.0,UPI,Priya Patel
TX04241,2026-06-14,Smart Blender 1200W,Home Appliances,South,New,4,6800,0,27200.0,15776.0,11424.0,UPI,Kavita Reddy
TX04242,2026-02-16,Mesh Task Chair,Furniture,East,New,1,7500,0,7500.0,4500.0,3000.0,UPI,Priya Patel
TX04243,2026-06-09,Trail Hiking Boots,Footwear,South,New,2,8400,0,16800.0,8736.0,8064.0,Card,Rahul Sharma
TX04244,2026-07-28,Denim Pants Premium,Clothing,West,New,1,2900,5,2755.0,1218.0,1537.0,UPI,Siddharth Rao
TX04245,2026-07-19,Pro Runner Shoes,Footwear,West,Returning,8,6500,8,47840.0,24960.0,22880.0,UPI,Rahul Sharma
TX04246,2026-03-27,Tablet Pro 11,Electronics,South,Returning,2,38000,10,68400.0,57000.0,11400.0,UPI,Amit Kumar
TX04247,2026-04-08,Electric Kettle Stainless,Home Appliances,West,New,4,2400,0,9600.0,4992.0,4608.0,Cash,Priya Patel
TX04248,2026-02-27,Executive Desk,Furniture,North,Returning,5,28000,0,140000.0,91000.0,49000.0,UPI,Vikas Verma
TX04249,2026-05-03,Robotic Vacuum X,Home Appliances,West,New,1,26000,0,26000.0,18200.0,7800.0,UPI,Priya Patel
TX04250,2026-06-02,Tablet Pro 11,Electronics,North,New,4,38000,0,152000.0,114000.0,38000.0,Card,Amit Kumar
TX04251,2026-05-02,Robotic Vacuum X,Home Appliances,West,Returning,1,26000,15,22100.0,18200.0,3900.0,Card,Ananya Roy
TX04252,2026-03-26,Robotic Vacuum X,Home Appliances,North,New,2,26000,0,52000.0,36400.0,15600.0,UPI,Ananya Roy
TX04253,2026-04-08,Mechanical RGB Keyboard,Electronics,East,New,1,6200,8,5704.0,3596.0,2108.0,UPI,Rahul Sharma
TX04254,2026-06-06,Mechanical RGB Keyboard,Electronics,North,New,2,6200,0,12400.0,7192.0,5208.0,UPI,Amit Kumar
TX04255,2026-03-18,Wireless Earbuds,Electronics,Central,New,2,4500,8,8280.0,5400.0,2880.0,UPI,Kavita Reddy
TX04256,2026-07-18,Monitor Arm Dual Mount,Furniture,West,New,2,4200,5,7980.0,4200.0,3780.0,Card,Ananya Roy
TX04257,2026-05-20,Gaming Mouse 8K,Electronics,North,New,3,3200,8,8832.0,5280.0,3552.0,Card,Vikas Verma
TX04258,2026-04-11,4K Streaming WebCam,Electronics,South,Returning,5,7800,10,35100.0,24180.0,10920.0,UPI,Neha Singh
TX04259,2026-05-24,Windbreaker Hooded,Clothing,East,New,2,3800,8,6992.0,3496.0,3496.0,Card,Rahul Sharma
TX04260,2026-06-17,Mechanical RGB Keyboard,Electronics,South,Returning,5,6200,15,26350.0,17980.0,8370.0,UPI,Neha Singh
TX04261,2026-03-07,Executive Desk,Furniture,South,New,2,28000,10,50400.0,36400.0,14000.0,Card,Neha Singh
TX04262,2026-07-22,Formal Suit Blazer,Clothing,West,New,1,11500,0,11500.0,6325.0,5175.0,Net Banking,Kavita Reddy
TX04263,2026-04-22,Monitor 27 Ultra,Electronics,West,Returning,2,24000,5,45600.0,33600.0,12000.0,Cash,Kavita Reddy
TX04264,2026-03-27,Air Purifier Pro,Home Appliances,South,Returning,5,16500,12,72600.0,54450.0,18150.0,UPI,Vikas Verma
TX04265,2026-07-31,Travel Backpack 30L,Accessories,East,Returning,5,3500,10,15750.0,7875.0,7875.0,UPI,Siddharth Rao
TX04266,2026-04-09,Monitor Arm Dual Mount,Furniture,North,Returning,1,4200,0,4200.0,2100.0,2100.0,UPI,Amit Kumar
TX04267,2026-05-11,Cotton Polo Shirt,Clothing,East,New,4,1600,5,6080.0,2560.0,3520.0,UPI,Neha Singh
TX04268,2026-06-08,Trail Hiking Boots,Footwear,East,Returning,6,8400,12,44352.0,26208.0,18144.0,Cash,Siddharth Rao
TX04269,2026-02-06,Mechanical RGB Keyboard,Electronics,North,New,3,6200,0,18600.0,10788.0,7812.0,UPI,Ananya Roy
TX04270,2026-04-06,Coffee Maker Deluxe,Home Appliances,West,Returning,1,12800,0,12800.0,8192.0,4608.0,UPI,Neha Singh
TX04271,2026-03-09,Mesh Task Chair,Furniture,South,Returning,3,7500,5,21375.0,13500.0,7875.0,UPI,Priya Patel
TX04272,2026-07-31,Travel Backpack 30L,Accessories,South,New,4,3500,10,12600.0,6300.0,6300.0,UPI,Ananya Roy
TX04273,2026-02-16,Bookshelf Wooden,Furniture,West,Returning,5,8900,0,44500.0,25810.0,18690.0,Card,Vikas Verma
TX04274,2026-04-10,4K Streaming WebCam,Electronics,South,Returning,3,7800,8,21528.0,14508.0,7020.0,UPI,Priya Patel
TX04275,2026-06-08,Mesh Task Chair,Furniture,East,Returning,6,7500,12,39600.0,27000.0,12600.0,UPI,Ananya Roy
TX04276,2026-07-10,Coffee Maker Deluxe,Home Appliances,West,Returning,2,12800,0,25600.0,16384.0,9216.0,Card,Priya Patel
TX04277,2026-06-07,Denim Pants Premium,Clothing,West,Returning,3,2900,5,8265.0,3654.0,4611.0,UPI,Neha Singh
TX04278,2026-03-06,4K Streaming WebCam,Electronics,Central,New,1,7800,0,7800.0,4836.0,2964.0,Card,Neha Singh
TX04279,2026-05-12,Noise Cancelling Headphones,Electronics,East,New,4,14500,12,51040.0,37700.0,13340.0,UPI,Rahul Sharma
TX04280,2026-07-21,Running Jacket Pro,Clothing,Central,New,4,4800,0,19200.0,8640.0,10560.0,UPI,Priya Patel
TX04281,2026-03-14,Robotic Vacuum X,Home Appliances,North,New,1,26000,15,22100.0,18200.0,3900.0,UPI,Amit Kumar
TX04282,2026-03-06,Portable SSD 2TB,Electronics,North,Returning,5,12500,8,57500.0,43750.0,13750.0,UPI,Ananya Roy
TX04283,2026-03-16,MagSafe Power Bank,Accessories,Central,Returning,8,3200,10,23040.0,13312.0,9728.0,Cash,Kavita Reddy
TX04284,2026-06-04,Running Jacket Pro,Clothing,North,Returning,6,4800,8,26496.0,12960.0,13536.0,UPI,Neha Singh
TX04285,2026-07-14,Trail Hiking Boots,Footwear,North,Returning,8,8400,5,63840.0,34944.0,28896.0,UPI,Siddharth Rao
TX04286,2026-06-29,Ergonomic Office Chair,Furniture,North,Returning,2,14500,0,29000.0,17980.0,11020.0,UPI,Rahul Sharma
TX04287,2026-06-06,Casual Leather Loafers,Footwear,West,New,2,4200,12,7392.0,4200.0,3192.0,Card,Siddharth Rao
TX04288,2026-06-26,Robotic Vacuum X,Home Appliances,Central,Returning,6,26000,0,156000.0,109200.0,46800.0,Card,Ananya Roy
TX04289,2026-05-03,Travel Backpack 30L,Accessories,North,Returning,6,3500,0,21000.0,9450.0,11550.0,Card,Neha Singh
TX04290,2026-02-17,Trail Hiking Boots,Footwear,North,Returning,6,8400,0,50400.0,26208.0,24192.0,Card,Neha Singh
TX04291,2026-05-31,Casual Leather Loafers,Footwear,West,Returning,2,4200,20,6720.0,4200.0,2520.0,Card,Neha Singh
TX04292,2026-04-12,Smart Watch Series 7,Electronics,West,Returning,1,18500,12,16280.0,12580.0,3700.0,Card,Kavita Reddy
TX04293,2026-07-22,Air Purifier Pro,Home Appliances,East,Returning,1,16500,5,15675.0,10890.0,4785.0,UPI,Rahul Sharma
TX04294,2026-02-01,Tablet Pro 11,Electronics,East,New,4,38000,0,152000.0,114000.0,38000.0,UPI,Priya Patel
TX04295,2026-06-14,Running Jacket Pro,Clothing,South,New,3,4800,5,13680.0,6480.0,7200.0,Card,Amit Kumar
TX04296,2026-04-02,Standing Desk Dual Engine,Furniture,North,New,4,34000,12,119680.0,92480.0,27200.0,UPI,Ananya Roy
TX04297,2026-05-26,Smartphone X,Electronics,North,New,1,42000,10,37800.0,30240.0,7560.0,Cash,Vikas Verma
TX04298,2026-02-18,Trail Hiking Boots,Footwear,South,New,3,8400,0,25200.0,13104.0,12096.0,UPI,Rahul Sharma
TX04299,2026-02-13,Casual Leather Loafers,Footwear,East,Returning,8,4200,8,30912.0,16800.0,14112.0,Card,Kavita Reddy
TX04300,2026-04-25,Formal Suit Blazer,Clothing,West,New,1,11500,5,10925.0,6325.0,4600.0,Card,Priya Patel
TX04301,2026-04-19,Formal Suit Blazer,Clothing,North,Returning,8,11500,0,92000.0,50600.0,41400.0,UPI,Siddharth Rao
TX04302,2026-07-10,Denim Pants Premium,Clothing,West,New,2,2900,5,5510.0,2436.0,3074.0,Net Banking,Priya Patel
TX04303,2026-06-19,Gaming Mouse 8K,Electronics,South,Returning,1,3200,0,3200.0,1760.0,1440.0,Net Banking,Neha Singh
TX04304,2026-07-17,Running Jacket Pro,Clothing,West,New,1,4800,8,4416.0,2160.0,2256.0,Card,Siddharth Rao
TX04305,2026-03-10,Mechanical RGB Keyboard,Electronics,East,New,2,6200,12,10912.0,7192.0,3720.0,Card,Neha Singh
TX04306,2026-06-27,Denim Pants Premium,Clothing,North,Returning,7,2900,5,19285.0,8526.0,10759.0,Net Banking,Kavita Reddy
TX04307,2026-06-23,Smart Blender 1200W,Home Appliances,East,Returning,6,6800,5,38760.0,23664.0,15096.0,UPI,Priya Patel
TX04308,2026-02-23,Tablet Pro 11,Electronics,South,Returning,7,38000,5,252700.0,199500.0,53200.0,UPI,Siddharth Rao
TX04309,2026-04-16,Smart Watch Series 7,Electronics,East,Returning,8,18500,5,140600.0,100640.0,39960.0,Cash,Neha Singh
TX04310,2026-05-28,Travel Backpack 30L,Accessories,North,Returning,5,3500,5,16625.0,7875.0,8750.0,Cash,Priya Patel
TX04311,2026-05-22,Running Jacket Pro,Clothing,South,Returning,3,4800,12,12672.0,6480.0,6192.0,UPI,Neha Singh
TX04312,2026-05-24,Laptop Pro 15,Electronics,South,New,1,68000,5,64600.0,53040.0,11560.0,Card,Siddharth Rao
TX04313,2026-04-30,Wireless Earbuds,Electronics,West,Returning,6,4500,5,25650.0,16200.0,9450.0,Card,Siddharth Rao
TX04314,2026-07-29,Noise Cancelling Headphones,Electronics,West,Returning,4,14500,8,53360.0,37700.0,15660.0,Net Banking,Amit Kumar
TX04315,2026-06-01,Standing Desk Dual Engine,Furniture,Central,Returning,2,34000,0,68000.0,46240.0,21760.0,UPI,Kavita Reddy
TX04316,2026-03-20,Wireless Earbuds,Electronics,North,New,1,4500,5,4275.0,2700.0,1575.0,UPI,Ananya Roy
TX04317,2026-07-01,Gaming Mouse 8K,Electronics,South,New,3,3200,0,9600.0,5280.0,4320.0,Card,Siddharth Rao
TX04318,2026-02-06,Laptop Pro 15,Electronics,East,Returning,1,68000,12,59840.0,53040.0,6800.0,UPI,Kavita Reddy
TX04319,2026-06-18,Standing Desk Dual Engine,Furniture,South,Returning,4,34000,0,136000.0,92480.0,43520.0,Net Banking,Vikas Verma
TX04320,2026-02-19,Monitor Arm Dual Mount,Furniture,West,New,2,4200,0,8400.0,4200.0,4200.0,Card,Siddharth Rao
TX04321,2026-06-18,Running Jacket Pro,Clothing,East,Returning,8,4800,10,34560.0,17280.0,17280.0,Cash,Rahul Sharma
TX04322,2026-06-08,Monitor 27 Ultra,Electronics,South,New,3,24000,12,63360.0,50400.0,12960.0,UPI,Vikas Verma
TX04323,2026-04-03,Monitor Arm Dual Mount,Furniture,West,New,1,4200,10,3780.0,2100.0,1680.0,Card,Priya Patel
TX04324,2026-07-20,Leather Slim Wallet,Accessories,Central,Returning,5,1400,0,7000.0,2660.0,4340.0,Card,Priya Patel
TX04325,2026-07-20,Robotic Vacuum X,Home Appliances,North,Returning,8,26000,5,197600.0,145600.0,52000.0,Cash,Ananya Roy
TX04326,2026-06-03,Leather Slim Wallet,Accessories,West,Returning,6,1400,0,8400.0,3192.0,5208.0,UPI,Siddharth Rao
TX04327,2026-05-21,Gaming Mouse 8K,Electronics,East,New,4,3200,0,12800.0,7040.0,5760.0,UPI,Kavita Reddy
TX04328,2026-06-10,Air Purifier Pro,Home Appliances,Central,Returning,5,16500,0,82500.0,54450.0,28050.0,Card,Kavita Reddy
TX04329,2026-03-17,Smart Blender 1200W,Home Appliances,North,New,2,6800,0,13600.0,7888.0,5712.0,UPI,Neha Singh
TX04330,2026-03-29,MagSafe Power Bank,Accessories,Central,Returning,3,3200,0,9600.0,4992.0,4608.0,Card,Rahul Sharma
TX04331,2026-02-04,Trail Hiking Boots,Footwear,West,New,2,8400,8,15456.0,8736.0,6720.0,UPI,Vikas Verma
TX04332,2026-06-11,Mesh Task Chair,Furniture,Central,New,4,7500,12,26400.0,18000.0,8400.0,Card,Ananya Roy
TX04333,2026-07-21,Running Jacket Pro,Clothing,North,Returning,7,4800,5,31920.0,15120.0,16800.0,UPI,Siddharth Rao
TX04334,2026-06-21,Bookshelf Wooden,Furniture,East,Returning,7,8900,8,57316.0,36134.0,21182.0,Card,Ananya Roy
TX04335,2026-05-24,Electric Kettle Stainless,Home Appliances,East,Returning,8,2400,10,17280.0,9984.0,7296.0,UPI,Ananya Roy
TX04336,2026-06-02,Pro Runner Shoes,Footwear,South,Returning,8,6500,15,44200.0,24960.0,19240.0,UPI,Ananya Roy
TX04337,2026-03-05,Laptop Pro 15,Electronics,East,Returning,6,68000,10,367200.0,318240.0,48960.0,UPI,Siddharth Rao
TX04338,2026-04-21,Formal Suit Blazer,Clothing,Central,Returning,2,11500,5,21850.0,12650.0,9200.0,UPI,Kavita Reddy
TX04339,2026-06-16,Noise Cancelling Headphones,Electronics,East,Returning,3,14500,5,41325.0,28275.0,13050.0,UPI,Vikas Verma
TX04340,2026-03-09,Portable SSD 2TB,Electronics,North,New,3,12500,8,34500.0,26250.0,8250.0,UPI,Amit Kumar
TX04341,2026-07-03,Trail Hiking Boots,Footwear,West,New,4,8400,10,30240.0,17472.0,12768.0,UPI,Rahul Sharma
TX04342,2026-05-09,Travel Backpack 30L,Accessories,North,New,4,3500,0,14000.0,6300.0,7700.0,UPI,Amit Kumar
TX04343,2026-02-23,Mesh Task Chair,Furniture,North,New,2,7500,20,12000.0,9000.0,3000.0,Cash,Neha Singh
TX04344,2026-04-03,Smartphone X,Electronics,Central,New,1,42000,10,37800.0,30240.0,7560.0,Card,Rahul Sharma
TX04345,2026-05-14,Coffee Maker Deluxe,Home Appliances,South,Returning,6,12800,5,72960.0,49152.0,23808.0,UPI,Amit Kumar
TX04346,2026-07-29,Denim Pants Premium,Clothing,South,Returning,2,2900,0,5800.0,2436.0,3364.0,UPI,Siddharth Rao
TX04347,2026-07-06,Trail Hiking Boots,Footwear,Central,New,2,8400,0,16800.0,8736.0,8064.0,Net Banking,Neha Singh
TX04348,2026-07-17,Laptop Sleeve 15,Accessories,South,Returning,4,1100,0,4400.0,1540.0,2860.0,Net Banking,Siddharth Rao
TX04349,2026-07-09,Pro Runner Shoes,Footwear,Central,New,2,6500,10,11700.0,6240.0,5460.0,Card,Ananya Roy
TX04350,2026-06-18,Pro Runner Shoes,Footwear,West,New,2,6500,0,13000.0,6240.0,6760.0,Card,Rahul Sharma
TX04351,2026-07-28,Gaming Mouse 8K,Electronics,East,Returning,2,3200,10,5760.0,3520.0,2240.0,Net Banking,Siddharth Rao
TX04352,2026-03-06,Mesh Task Chair,Furniture,West,Returning,5,7500,8,34500.0,22500.0,12000.0,UPI,Amit Kumar
TX04353,2026-07-02,Executive Desk,Furniture,South,Returning,5,28000,0,140000.0,91000.0,49000.0,Card,Ananya Roy
TX04354,2026-03-02,Leather Slim Wallet,Accessories,Central,Returning,7,1400,5,9310.0,3724.0,5586.0,Card,Rahul Sharma
TX04355,2026-02-24,Laptop Pro 15,Electronics,North,Returning,8,68000,10,489600.0,424320.0,65280.0,Card,Rahul Sharma
TX04356,2026-07-24,Windbreaker Hooded,Clothing,West,Returning,3,3800,10,10260.0,5244.0,5016.0,UPI,Kavita Reddy
TX04357,2026-03-13,Mechanical RGB Keyboard,Electronics,Central,New,3,6200,8,17112.0,10788.0,6324.0,Card,Vikas Verma
TX04358,2026-05-02,Robotic Vacuum X,Home Appliances,North,New,3,26000,5,74100.0,54600.0,19500.0,UPI,Rahul Sharma
TX04359,2026-02-25,Electric Kettle Stainless,Home Appliances,South,New,2,2400,8,4416.0,2496.0,1920.0,Net Banking,Ananya Roy
TX04360,2026-02-10,MagSafe Power Bank,Accessories,North,New,2,3200,5,6080.0,3328.0,2752.0,UPI,Priya Patel
TX04361,2026-04-12,Laptop Pro 15,Electronics,North,Returning,6,68000,0,408000.0,318240.0,89760.0,Cash,Vikas Verma
TX04362,2026-02-17,Running Jacket Pro,Clothing,Central,New,3,4800,5,13680.0,6480.0,7200.0,UPI,Ananya Roy
TX04363,2026-02-13,Leather Slim Wallet,Accessories,South,New,2,1400,8,2576.0,1064.0,1512.0,UPI,Amit Kumar
TX04364,2026-06-12,Tablet Pro 11,Electronics,West,Returning,8,38000,0,304000.0,228000.0,76000.0,UPI,Rahul Sharma
TX04365,2026-04-19,Executive Desk,Furniture,North,Returning,1,28000,5,26600.0,18200.0,8400.0,UPI,Amit Kumar
TX04366,2026-04-02,Formal Suit Blazer,Clothing,West,New,2,11500,10,20700.0,12650.0,8050.0,Card,Neha Singh
TX04367,2026-06-06,Pro Runner Shoes,Footwear,South,New,4,6500,0,26000.0,12480.0,13520.0,UPI,Ananya Roy
TX04368,2026-06-02,Bookshelf Wooden,Furniture,South,New,1,8900,0,8900.0,5162.0,3738.0,Net Banking,Amit Kumar
TX04369,2026-05-11,Smart Blender 1200W,Home Appliances,South,New,2,6800,5,12920.0,7888.0,5032.0,Card,Amit Kumar
TX04370,2026-07-06,Running Jacket Pro,Clothing,North,Returning,3,4800,15,12240.0,6480.0,5760.0,UPI,Priya Patel
TX04371,2026-03-26,Mesh Task Chair,Furniture,West,New,2,7500,5,14250.0,9000.0,5250.0,UPI,Kavita Reddy
TX04372,2026-07-09,Formal Suit Blazer,Clothing,East,Returning,8,11500,5,87400.0,50600.0,36800.0,UPI,Priya Patel
TX04373,2026-03-06,Monitor 27 Ultra,Electronics,North,Returning,2,24000,0,48000.0,33600.0,14400.0,UPI,Neha Singh
TX04374,2026-06-26,Air Purifier Pro,Home Appliances,South,Returning,2,16500,12,29040.0,21780.0,7260.0,Cash,Priya Patel
TX04375,2026-02-23,Smart Blender 1200W,Home Appliances,Central,New,2,6800,0,13600.0,7888.0,5712.0,Net Banking,Siddharth Rao
TX04376,2026-07-18,Windbreaker Hooded,Clothing,East,New,3,3800,10,10260.0,5244.0,5016.0,UPI,Vikas Verma
TX04377,2026-03-28,Electric Kettle Stainless,Home Appliances,South,New,2,2400,8,4416.0,2496.0,1920.0,Card,Siddharth Rao
TX04378,2026-07-01,Smart Watch Series 7,Electronics,South,New,1,18500,8,17020.0,12580.0,4440.0,Card,Amit Kumar
TX04379,2026-03-15,Casual Leather Loafers,Footwear,South,Returning,6,4200,0,25200.0,12600.0,12600.0,Card,Kavita Reddy
TX04380,2026-06-20,Windbreaker Hooded,Clothing,West,New,2,3800,0,7600.0,3496.0,4104.0,Card,Neha Singh
TX04381,2026-02-11,Laptop Pro 15,Electronics,North,New,1,68000,8,62560.0,53040.0,9520.0,UPI,Amit Kumar
TX04382,2026-04-29,Laptop Sleeve 15,Accessories,West,Returning,8,1100,12,7744.0,3080.0,4664.0,Cash,Vikas Verma
TX04383,2026-05-15,Air Purifier Pro,Home Appliances,East,New,2,16500,5,31350.0,21780.0,9570.0,UPI,Kavita Reddy
TX04384,2026-07-18,Smartphone X,Electronics,North,New,4,42000,8,154560.0,120960.0,33600.0,UPI,Vikas Verma
TX04385,2026-05-08,Coffee Maker Deluxe,Home Appliances,East,Returning,7,12800,10,80640.0,57344.0,23296.0,Card,Priya Patel
TX04386,2026-04-27,Denim Pants Premium,Clothing,West,Returning,6,2900,0,17400.0,7308.0,10092.0,UPI,Neha Singh
TX04387,2026-04-22,Wireless Earbuds,Electronics,West,Returning,2,4500,10,8100.0,5400.0,2700.0,Cash,Kavita Reddy
TX04388,2026-05-13,Robotic Vacuum X,Home Appliances,South,Returning,6,26000,12,137280.0,109200.0,28080.0,UPI,Siddharth Rao
TX04389,2026-02-04,Monitor 27 Ultra,Electronics,West,Returning,4,24000,8,88320.0,67200.0,21120.0,UPI,Ananya Roy
TX04390,2026-03-12,Ergonomic Office Chair,Furniture,East,New,3,14500,5,41325.0,26970.0,14355.0,Card,Priya Patel
TX04391,2026-02-03,Portable SSD 2TB,Electronics,North,Returning,6,12500,0,75000.0,52500.0,22500.0,UPI,Ananya Roy
TX04392,2026-06-03,Air Purifier Pro,Home Appliances,West,New,2,16500,0,33000.0,21780.0,11220.0,UPI,Rahul Sharma
TX04393,2026-04-11,Wireless Earbuds,Electronics,South,Returning,5,4500,0,22500.0,13500.0,9000.0,UPI,Kavita Reddy
TX04394,2026-02-12,Wireless Earbuds,Electronics,North,Returning,3,4500,5,12825.0,8100.0,4725.0,UPI,Rahul Sharma
TX04395,2026-07-09,Executive Desk,Furniture,South,Returning,5,28000,12,123200.0,91000.0,32200.0,Card,Amit Kumar
TX04396,2026-03-15,Air Purifier Pro,Home Appliances,North,Returning,5,16500,5,78375.0,54450.0,23925.0,Cash,Vikas Verma
TX04397,2026-02-07,Trail Hiking Boots,Footwear,West,Returning,6,8400,0,50400.0,26208.0,24192.0,UPI,Kavita Reddy
TX04398,2026-06-18,Standing Desk Dual Engine,Furniture,West,Returning,8,34000,5,258400.0,184960.0,73440.0,Card,Rahul Sharma
TX04399,2026-02-13,Casual Leather Loafers,Footwear,East,New,4,4200,5,15960.0,8400.0,7560.0,UPI,Vikas Verma
TX04400,2026-07-27,Bookshelf Wooden,Furniture,South,Returning,1,8900,8,8188.0,5162.0,3026.0,Card,Vikas Verma
TX04401,2026-03-26,MagSafe Power Bank,Accessories,South,New,3,3200,12,8448.0,4992.0,3456.0,UPI,Ananya Roy
TX04402,2026-04-27,Ergonomic Office Chair,Furniture,South,Returning,3,14500,5,41325.0,26970.0,14355.0,Card,Siddharth Rao
TX04403,2026-05-09,4K Streaming WebCam,Electronics,North,Returning,3,7800,0,23400.0,14508.0,8892.0,Card,Amit Kumar
TX04404,2026-06-05,Monitor Arm Dual Mount,Furniture,East,New,4,4200,12,14784.0,8400.0,6384.0,Cash,Amit Kumar
TX04405,2026-06-02,Tablet Pro 11,Electronics,West,New,2,38000,0,76000.0,57000.0,19000.0,Card,Neha Singh
TX04406,2026-04-06,Mesh Task Chair,Furniture,West,Returning,7,7500,5,49875.0,31500.0,18375.0,UPI,Priya Patel
TX04407,2026-04-18,Robotic Vacuum X,Home Appliances,North,New,4,26000,12,91520.0,72800.0,18720.0,UPI,Siddharth Rao
TX04408,2026-06-14,MagSafe Power Bank,Accessories,Central,Returning,3,3200,0,9600.0,4992.0,4608.0,UPI,Vikas Verma
TX04409,2026-02-05,Monitor Arm Dual Mount,Furniture,West,Returning,6,4200,0,25200.0,12600.0,12600.0,Net Banking,Ananya Roy
TX04410,2026-05-18,Smart Watch Series 7,Electronics,North,New,1,18500,10,16650.0,12580.0,4070.0,Net Banking,Neha Singh
TX04411,2026-07-29,Monitor Arm Dual Mount,Furniture,West,Returning,1,4200,0,4200.0,2100.0,2100.0,Card,Neha Singh
TX04412,2026-04-10,Travel Backpack 30L,Accessories,South,New,2,3500,8,6440.0,3150.0,3290.0,Card,Neha Singh
TX04413,2026-06-07,Leather Slim Wallet,Accessories,East,Returning,1,1400,0,1400.0,532.0,868.0,Card,Amit Kumar
TX04414,2026-03-13,Smartphone X,Electronics,North,New,3,42000,0,126000.0,90720.0,35280.0,UPI,Amit Kumar
TX04415,2026-04-03,Mechanical RGB Keyboard,Electronics,South,New,2,6200,0,12400.0,7192.0,5208.0,Cash,Neha Singh
TX04416,2026-07-24,Wireless Earbuds,Electronics,South,New,2,4500,0,9000.0,5400.0,3600.0,Card,Amit Kumar
TX04417,2026-04-04,Gaming Mouse 8K,Electronics,East,Returning,8,3200,0,25600.0,14080.0,11520.0,Cash,Amit Kumar
TX04418,2026-07-10,Coffee Maker Deluxe,Home Appliances,East,Returning,4,12800,0,51200.0,32768.0,18432.0,Card,Kavita Reddy
TX04419,2026-07-13,Windbreaker Hooded,Clothing,South,Returning,1,3800,0,3800.0,1748.0,2052.0,UPI,Priya Patel
TX04420,2026-07-18,Smart Watch Series 7,Electronics,Central,New,3,18500,10,49950.0,37740.0,12210.0,Cash,Amit Kumar
TX04421,2026-04-17,Cotton Polo Shirt,Clothing,East,New,2,1600,10,2880.0,1280.0,1600.0,Card,Kavita Reddy
TX04422,2026-03-02,Air Purifier Pro,Home Appliances,Central,New,4,16500,0,66000.0,43560.0,22440.0,Card,Priya Patel
TX04423,2026-05-31,Tablet Pro 11,Electronics,Central,Returning,8,38000,0,304000.0,228000.0,76000.0,Card,Amit Kumar
TX04424,2026-02-09,Mesh Task Chair,Furniture,North,Returning,1,7500,10,6750.0,4500.0,2250.0,Card,Neha Singh
TX04425,2026-04-14,Gaming Mouse 8K,Electronics,North,New,1,3200,5,3040.0,1760.0,1280.0,Card,Rahul Sharma
TX04426,2026-05-07,Standing Desk Dual Engine,Furniture,North,Returning,4,34000,0,136000.0,92480.0,43520.0,Card,Ananya Roy
TX04427,2026-03-20,Casual Leather Loafers,Footwear,South,New,1,4200,12,3696.0,2100.0,1596.0,UPI,Priya Patel
TX04428,2026-02-26,Pro Runner Shoes,Footwear,South,New,3,6500,0,19500.0,9360.0,10140.0,Net Banking,Neha Singh
TX04429,2026-03-15,Robotic Vacuum X,Home Appliances,East,New,1,26000,5,24700.0,18200.0,6500.0,Card,Priya Patel
TX04430,2026-05-22,Trail Hiking Boots,Footwear,West,Returning,7,8400,8,54096.0,30576.0,23520.0,Net Banking,Rahul Sharma
TX04431,2026-03-18,Windbreaker Hooded,Clothing,North,New,4,3800,12,13376.0,6992.0,6384.0,Card,Siddharth Rao
TX04432,2026-05-25,Bookshelf Wooden,Furniture,West,New,1,8900,8,8188.0,5162.0,3026.0,UPI,Kavita Reddy
TX04433,2026-07-26,Formal Suit Blazer,Clothing,North,Returning,5,11500,12,50600.0,31625.0,18975.0,UPI,Neha Singh
TX04434,2026-02-20,MagSafe Power Bank,Accessories,South,New,3,3200,0,9600.0,4992.0,4608.0,UPI,Ananya Roy
TX04435,2026-02-01,MagSafe Power Bank,Accessories,South,New,3,3200,5,9120.0,4992.0,4128.0,Card,Rahul Sharma
TX04436,2026-04-01,Leather Slim Wallet,Accessories,East,Returning,8,1400,0,11200.0,4256.0,6944.0,UPI,Neha Singh
TX04437,2026-02-07,Casual Leather Loafers,Footwear,South,Returning,1,4200,0,4200.0,2100.0,2100.0,Card,Ananya Roy
TX04438,2026-04-25,Laptop Pro 15,Electronics,North,Returning,8,68000,0,544000.0,424320.0,119680.0,Card,Kavita Reddy
TX04439,2026-04-04,Noise Cancelling Headphones,Electronics,East,Returning,2,14500,10,26100.0,18850.0,7250.0,Card,Neha Singh
TX04440,2026-03-06,Laptop Pro 15,Electronics,South,New,2,68000,0,136000.0,106080.0,29920.0,UPI,Rahul Sharma
TX04441,2026-05-21,Executive Desk,Furniture,West,Returning,2,28000,12,49280.0,36400.0,12880.0,Card,Ananya Roy
TX04442,2026-02-08,Ergonomic Office Chair,Furniture,South,New,1,14500,0,14500.0,8990.0,5510.0,Card,Vikas Verma
TX04443,2026-06-02,Wireless Earbuds,Electronics,West,Returning,7,4500,0,31500.0,18900.0,12600.0,UPI,Kavita Reddy
TX04444,2026-06-26,Pro Runner Shoes,Footwear,Central,Returning,4,6500,8,23920.0,12480.0,11440.0,UPI,Vikas Verma
TX04445,2026-02-15,Casual Leather Loafers,Footwear,West,Returning,5,4200,8,19320.0,10500.0,8820.0,Card,Priya Patel
TX04446,2026-04-05,MagSafe Power Bank,Accessories,North,New,1,3200,0,3200.0,1664.0,1536.0,Card,Vikas Verma
TX04447,2026-04-27,Smart Blender 1200W,Home Appliances,East,Returning,8,6800,5,51680.0,31552.0,20128.0,Net Banking,Ananya Roy
TX04448,2026-03-06,Running Jacket Pro,Clothing,East,Returning,2,4800,5,9120.0,4320.0,4800.0,Card,Priya Patel
TX04449,2026-05-27,Pro Runner Shoes,Footwear,South,New,4,6500,12,22880.0,12480.0,10400.0,Card,Rahul Sharma
TX04450,2026-03-06,4K Streaming WebCam,Electronics,West,Returning,5,7800,8,35880.0,24180.0,11700.0,UPI,Neha Singh
TX04451,2026-04-20,Casual Leather Loafers,Footwear,East,New,4,4200,8,15456.0,8400.0,7056.0,UPI,Neha Singh
TX04452,2026-03-11,Tablet Pro 11,Electronics,East,New,2,38000,5,72200.0,57000.0,15200.0,Card,Kavita Reddy
TX04453,2026-04-02,Air Purifier Pro,Home Appliances,West,Returning,8,16500,15,112200.0,87120.0,25080.0,Card,Neha Singh
TX04454,2026-03-28,Formal Suit Blazer,Clothing,West,Returning,1,11500,0,11500.0,6325.0,5175.0,Net Banking,Rahul Sharma
TX04455,2026-07-07,Monitor Arm Dual Mount,Furniture,East,New,4,4200,0,16800.0,8400.0,8400.0,Card,Vikas Verma
TX04456,2026-05-10,Denim Pants Premium,Clothing,East,New,4,2900,0,11600.0,4872.0,6728.0,Card,Ananya Roy
TX04457,2026-05-12,Coffee Maker Deluxe,Home Appliances,North,New,1,12800,5,12160.0,8192.0,3968.0,Card,Kavita Reddy
TX04458,2026-05-15,Portable SSD 2TB,Electronics,West,New,2,12500,23,19250.0,17500.0,1750.0,Net Banking,Neha Singh
TX04459,2026-04-02,Cotton Polo Shirt,Clothing,Central,Returning,3,1600,0,4800.0,1920.0,2880.0,UPI,Siddharth Rao
TX04460,2026-03-22,Monitor Arm Dual Mount,Furniture,South,New,3,4200,8,11592.0,6300.0,5292.0,UPI,Ananya Roy
TX04461,2026-05-13,Executive Desk,Furniture,South,Returning,6,28000,0,168000.0,109200.0,58800.0,Cash,Neha Singh
TX04462,2026-05-14,Portable SSD 2TB,Electronics,West,Returning,7,12500,20,70000.0,61250.0,8750.0,Cash,Neha Singh
TX04463,2026-05-05,Trail Hiking Boots,Footwear,North,New,3,8400,5,23940.0,13104.0,10836.0,Card,Vikas Verma
TX04464,2026-03-25,Running Jacket Pro,Clothing,West,Returning,2,4800,0,9600.0,4320.0,5280.0,Card,Vikas Verma
TX04465,2026-06-28,Mesh Task Chair,Furniture,South,Returning,8,7500,8,55200.0,36000.0,19200.0,UPI,Priya Patel
TX04466,2026-07-12,Cotton Polo Shirt,Clothing,North,Returning,5,1600,5,7600.0,3200.0,4400.0,Card,Ananya Roy
TX04467,2026-02-20,Portable SSD 2TB,Electronics,East,New,4,12500,0,50000.0,35000.0,15000.0,Card,Amit Kumar
TX04468,2026-04-06,Robotic Vacuum X,Home Appliances,South,Returning,8,26000,0,208000.0,145600.0,62400.0,UPI,Neha Singh
TX04469,2026-04-24,Standing Desk Dual Engine,Furniture,West,Returning,8,34000,5,258400.0,184960.0,73440.0,Card,Priya Patel
TX04470,2026-05-04,Monitor Arm Dual Mount,Furniture,West,New,3,4200,10,11340.0,6300.0,5040.0,UPI,Priya Patel
TX04471,2026-06-16,Bookshelf Wooden,Furniture,West,Returning,3,8900,12,23496.0,15486.0,8010.0,Cash,Rahul Sharma
TX04472,2026-04-28,Trail Hiking Boots,Footwear,West,Returning,5,8400,0,42000.0,21840.0,20160.0,UPI,Priya Patel
TX04473,2026-02-07,Laptop Sleeve 15,Accessories,North,New,3,1100,12,2904.0,1155.0,1749.0,UPI,Kavita Reddy
TX04474,2026-06-17,Robotic Vacuum X,Home Appliances,Central,New,1,26000,20,20800.0,18200.0,2600.0,Card,Vikas Verma
TX04475,2026-07-12,Smart Blender 1200W,Home Appliances,North,Returning,7,6800,0,47600.0,27608.0,19992.0,UPI,Siddharth Rao
TX04476,2026-04-04,Casual Leather Loafers,Footwear,Central,Returning,3,4200,10,11340.0,6300.0,5040.0,Card,Kavita Reddy
TX04477,2026-07-04,Monitor 27 Ultra,Electronics,South,New,1,24000,10,21600.0,16800.0,4800.0,UPI,Priya Patel
TX04478,2026-05-01,Laptop Pro 15,Electronics,North,Returning,6,68000,0,408000.0,318240.0,89760.0,Card,Neha Singh
TX04479,2026-02-21,Smart Blender 1200W,Home Appliances,North,Returning,1,6800,0,6800.0,3944.0,2856.0,Net Banking,Amit Kumar
TX04480,2026-06-23,Smart Blender 1200W,Home Appliances,West,Returning,4,6800,8,25024.0,15776.0,9248.0,UPI,Amit Kumar
TX04481,2026-02-16,Electric Kettle Stainless,Home Appliances,Central,New,3,2400,0,7200.0,3744.0,3456.0,UPI,Kavita Reddy
TX04482,2026-07-09,Electric Kettle Stainless,Home Appliances,West,Returning,8,2400,5,18240.0,9984.0,8256.0,UPI,Rahul Sharma
TX04483,2026-02-16,Wireless Earbuds,Electronics,South,New,3,4500,0,13500.0,8100.0,5400.0,UPI,Kavita Reddy
TX04484,2026-03-30,Leather Slim Wallet,Accessories,North,Returning,7,1400,0,9800.0,3724.0,6076.0,Net Banking,Ananya Roy
TX04485,2026-03-16,MagSafe Power Bank,Accessories,West,Returning,5,3200,5,15200.0,8320.0,6880.0,UPI,Kavita Reddy
TX04486,2026-07-29,Pro Runner Shoes,Footwear,North,Returning,8,6500,8,47840.0,24960.0,22880.0,Card,Amit Kumar
TX04487,2026-07-02,Bookshelf Wooden,Furniture,North,New,4,8900,5,33820.0,20648.0,13172.0,Card,Neha Singh
TX04488,2026-05-11,Casual Leather Loafers,Footwear,South,Returning,2,4200,0,8400.0,4200.0,4200.0,Card,Vikas Verma
TX04489,2026-07-23,Mechanical RGB Keyboard,Electronics,South,Returning,4,6200,5,23560.0,14384.0,9176.0,Net Banking,Ananya Roy
TX04490,2026-05-23,Smartphone X,Electronics,West,Returning,7,42000,27,214620.0,211680.0,2940.0,Card,Siddharth Rao
TX04491,2026-05-20,Laptop Pro 15,Electronics,West,New,3,68000,22,159120.0,159120.0,0.0,Card,Siddharth Rao
TX04492,2026-02-05,Leather Slim Wallet,Accessories,South,New,2,1400,0,2800.0,1064.0,1736.0,UPI,Vikas Verma
TX04493,2026-03-06,Robotic Vacuum X,Home Appliances,North,New,3,26000,10,70200.0,54600.0,15600.0,UPI,Priya Patel
TX04494,2026-06-15,Smartphone X,Electronics,West,New,3,42000,0,126000.0,90720.0,35280.0,UPI,Ananya Roy
TX04495,2026-07-06,Bookshelf Wooden,Furniture,South,New,3,8900,0,26700.0,15486.0,11214.0,UPI,Neha Singh
TX04496,2026-06-01,Trail Hiking Boots,Footwear,West,Returning,6,8400,0,50400.0,26208.0,24192.0,UPI,Siddharth Rao
TX04497,2026-07-25,Air Purifier Pro,Home Appliances,West,New,2,16500,5,31350.0,21780.0,9570.0,Cash,Ananya Roy
TX04498,2026-03-12,Formal Suit Blazer,Clothing,North,New,3,11500,12,30360.0,18975.0,11385.0,Card,Vikas Verma
TX04499,2026-05-19,Trail Hiking Boots,Footwear,West,Returning,1,8400,0,8400.0,4368.0,4032.0,Card,Ananya Roy
TX04500,2026-03-16,Portable SSD 2TB,Electronics,West,Returning,3,12500,8,34500.0,26250.0,8250.0,Card,Siddharth Rao
TX04501,2026-04-25,Portable SSD 2TB,Electronics,North,Returning,8,12500,0,100000.0,70000.0,30000.0,Cash,Rahul Sharma
TX04502,2026-03-09,Tablet Pro 11,Electronics,West,Returning,6,38000,0,228000.0,171000.0,57000.0,UPI,Rahul Sharma
TX04503,2026-06-24,Mesh Task Chair,Furniture,West,New,1,7500,12,6600.0,4500.0,2100.0,UPI,Siddharth Rao
TX04504,2026-06-25,Windbreaker Hooded,Clothing,South,New,3,3800,0,11400.0,5244.0,6156.0,Net Banking,Kavita Reddy
TX04505,2026-05-08,Monitor Arm Dual Mount,Furniture,South,Returning,7,4200,0,29400.0,14700.0,14700.0,UPI,Siddharth Rao
TX04506,2026-03-15,Smartphone X,Electronics,South,Returning,3,42000,0,126000.0,90720.0,35280.0,Card,Neha Singh
TX04507,2026-04-09,Smart Blender 1200W,Home Appliances,North,Returning,8,6800,5,51680.0,31552.0,20128.0,UPI,Amit Kumar
TX04508,2026-06-14,Ergonomic Office Chair,Furniture,West,Returning,4,14500,8,53360.0,35960.0,17400.0,Card,Rahul Sharma
TX04509,2026-04-15,Mechanical RGB Keyboard,Electronics,West,Returning,8,6200,0,49600.0,28768.0,20832.0,Cash,Siddharth Rao
TX04510,2026-02-13,Monitor Arm Dual Mount,Furniture,North,Returning,4,4200,0,16800.0,8400.0,8400.0,Cash,Vikas Verma
TX04511,2026-04-14,Smart Watch Series 7,Electronics,East,New,4,18500,8,68080.0,50320.0,17760.0,Cash,Rahul Sharma
TX04512,2026-07-21,Ergonomic Office Chair,Furniture,West,Returning,4,14500,0,58000.0,35960.0,22040.0,Card,Rahul Sharma
TX04513,2026-03-13,Wireless Earbuds,Electronics,North,New,4,4500,5,17100.0,10800.0,6300.0,Net Banking,Siddharth Rao
TX04514,2026-06-08,Trail Hiking Boots,Footwear,West,Returning,7,8400,0,58800.0,30576.0,28224.0,Net Banking,Siddharth Rao
TX04515,2026-04-21,Coffee Maker Deluxe,Home Appliances,South,New,1,12800,0,12800.0,8192.0,4608.0,Cash,Priya Patel
TX04516,2026-07-08,Formal Suit Blazer,Clothing,West,Returning,4,11500,5,43700.0,25300.0,18400.0,Card,Priya Patel
TX04517,2026-02-28,Tablet Pro 11,Electronics,North,Returning,6,38000,5,216600.0,171000.0,45600.0,UPI,Rahul Sharma
TX04518,2026-06-18,Noise Cancelling Headphones,Electronics,North,New,1,14500,0,14500.0,9425.0,5075.0,Card,Priya Patel
TX04519,2026-04-21,MagSafe Power Bank,Accessories,South,Returning,1,3200,5,3040.0,1664.0,1376.0,UPI,Vikas Verma
TX04520,2026-02-05,Pro Runner Shoes,Footwear,North,Returning,1,6500,5,6175.0,3120.0,3055.0,UPI,Priya Patel
TX04521,2026-04-23,Gaming Mouse 8K,Electronics,West,New,4,3200,5,12160.0,7040.0,5120.0,UPI,Siddharth Rao
TX04522,2026-04-15,Monitor Arm Dual Mount,Furniture,West,New,2,4200,5,7980.0,4200.0,3780.0,Cash,Kavita Reddy
TX04523,2026-04-05,Tablet Pro 11,Electronics,North,New,4,38000,5,144400.0,114000.0,30400.0,Cash,Amit Kumar
TX04524,2026-04-30,Portable SSD 2TB,Electronics,West,New,3,12500,5,35625.0,26250.0,9375.0,UPI,Kavita Reddy
TX04525,2026-03-01,Portable SSD 2TB,Electronics,South,New,3,12500,5,35625.0,26250.0,9375.0,Card,Priya Patel
TX04526,2026-07-02,Cotton Polo Shirt,Clothing,West,New,1,1600,5,1520.0,640.0,880.0,Card,Priya Patel
TX04527,2026-07-31,Running Jacket Pro,Clothing,South,Returning,5,4800,20,19200.0,10800.0,8400.0,UPI,Ananya Roy
TX04528,2026-03-09,Monitor Arm Dual Mount,Furniture,West,New,3,4200,0,12600.0,6300.0,6300.0,UPI,Vikas Verma
TX04529,2026-03-12,MagSafe Power Bank,Accessories,South,Returning,6,3200,0,19200.0,9984.0,9216.0,Cash,Priya Patel
TX04530,2026-06-09,Travel Backpack 30L,Accessories,West,Returning,6,3500,10,18900.0,9450.0,9450.0,UPI,Vikas Verma
TX04531,2026-05-08,Casual Leather Loafers,Footwear,Central,Returning,4,4200,5,15960.0,8400.0,7560.0,UPI,Ananya Roy
TX04532,2026-02-12,Noise Cancelling Headphones,Electronics,Central,Returning,1,14500,10,13050.0,9425.0,3625.0,UPI,Priya Patel
TX04533,2026-05-30,Travel Backpack 30L,Accessories,Central,New,4,3500,0,14000.0,6300.0,7700.0,Card,Siddharth Rao
TX04534,2026-02-11,Monitor Arm Dual Mount,Furniture,North,New,3,4200,0,12600.0,6300.0,6300.0,Card,Amit Kumar
TX04535,2026-07-26,Smart Watch Series 7,Electronics,South,New,4,18500,0,74000.0,50320.0,23680.0,UPI,Ananya Roy
TX04536,2026-04-15,Ergonomic Office Chair,Furniture,West,Returning,4,14500,10,52200.0,35960.0,16240.0,Card,Siddharth Rao
TX04537,2026-06-06,Laptop Sleeve 15,Accessories,South,New,3,1100,8,3036.0,1155.0,1881.0,UPI,Siddharth Rao
TX04538,2026-06-14,Laptop Sleeve 15,Accessories,North,New,4,1100,0,4400.0,1540.0,2860.0,UPI,Siddharth Rao
TX04539,2026-07-24,Smart Blender 1200W,Home Appliances,North,Returning,5,6800,20,27200.0,19720.0,7480.0,Card,Siddharth Rao
TX04540,2026-04-03,Robotic Vacuum X,Home Appliances,South,Returning,6,26000,5,148200.0,109200.0,39000.0,UPI,Priya Patel
TX04541,2026-07-29,Smart Blender 1200W,Home Appliances,North,Returning,4,6800,0,27200.0,15776.0,11424.0,UPI,Neha Singh
TX04542,2026-03-20,Noise Cancelling Headphones,Electronics,South,New,1,14500,5,13775.0,9425.0,4350.0,UPI,Siddharth Rao
TX04543,2026-02-18,Noise Cancelling Headphones,Electronics,North,New,4,14500,12,51040.0,37700.0,13340.0,Card,Vikas Verma
TX04544,2026-06-23,Robotic Vacuum X,Home Appliances,East,Returning,8,26000,5,197600.0,145600.0,52000.0,Cash,Siddharth Rao
TX04545,2026-03-23,Smart Watch Series 7,Electronics,East,Returning,1,18500,0,18500.0,12580.0,5920.0,Card,Rahul Sharma
TX04546,2026-04-08,Standing Desk Dual Engine,Furniture,South,Returning,3,34000,0,102000.0,69360.0,32640.0,UPI,Priya Patel
TX04547,2026-05-20,Mesh Task Chair,Furniture,North,New,1,7500,0,7500.0,4500.0,3000.0,UPI,Rahul Sharma
TX04548,2026-03-01,Leather Slim Wallet,Accessories,South,Returning,2,1400,5,2660.0,1064.0,1596.0,Card,Siddharth Rao
TX04549,2026-04-04,Trail Hiking Boots,Footwear,Central,Returning,6,8400,8,46368.0,26208.0,20160.0,UPI,Siddharth Rao
TX04550,2026-02-02,Smart Blender 1200W,Home Appliances,West,New,1,6800,5,6460.0,3944.0,2516.0,UPI,Kavita Reddy
TX04551,2026-03-25,Coffee Maker Deluxe,Home Appliances,East,New,3,12800,0,38400.0,24576.0,13824.0,Card,Vikas Verma
TX04552,2026-02-17,Laptop Pro 15,Electronics,West,Returning,1,68000,0,68000.0,53040.0,14960.0,Card,Kavita Reddy
TX04553,2026-03-25,Smartphone X,Electronics,North,New,2,42000,8,77280.0,60480.0,16800.0,UPI,Siddharth Rao
TX04554,2026-03-25,Windbreaker Hooded,Clothing,North,Returning,6,3800,10,20520.0,10488.0,10032.0,UPI,Amit Kumar
TX04555,2026-02-04,Monitor Arm Dual Mount,Furniture,West,Returning,7,4200,10,26460.0,14700.0,11760.0,Card,Ananya Roy
TX04556,2026-06-10,Smart Blender 1200W,Home Appliances,Central,Returning,6,6800,0,40800.0,23664.0,17136.0,Card,Priya Patel
TX04557,2026-02-27,Mechanical RGB Keyboard,Electronics,West,New,1,6200,5,5890.0,3596.0,2294.0,Card,Rahul Sharma
TX04558,2026-03-26,Electric Kettle Stainless,Home Appliances,South,New,4,2400,8,8832.0,4992.0,3840.0,Net Banking,Vikas Verma
TX04559,2026-06-03,Ergonomic Office Chair,Furniture,East,Returning,3,14500,5,41325.0,26970.0,14355.0,Cash,Vikas Verma
TX04560,2026-04-28,Laptop Pro 15,Electronics,North,Returning,8,68000,8,500480.0,424320.0,76160.0,Card,Vikas Verma
TX04561,2026-02-08,Bookshelf Wooden,Furniture,East,New,2,8900,8,16376.0,10324.0,6052.0,UPI,Neha Singh
TX04562,2026-03-12,Mesh Task Chair,Furniture,West,New,4,7500,15,25500.0,18000.0,7500.0,UPI,Kavita Reddy
TX04563,2026-02-26,Formal Suit Blazer,Clothing,North,Returning,4,11500,0,46000.0,25300.0,20700.0,UPI,Kavita Reddy
TX04564,2026-06-23,Tablet Pro 11,Electronics,South,New,4,38000,0,152000.0,114000.0,38000.0,UPI,Vikas Verma
TX04565,2026-06-19,Wireless Earbuds,Electronics,East,New,2,4500,5,8550.0,5400.0,3150.0,Cash,Rahul Sharma
TX04566,2026-02-19,Windbreaker Hooded,Clothing,North,Returning,8,3800,5,28880.0,13984.0,14896.0,UPI,Priya Patel
TX04567,2026-04-04,Electric Kettle Stainless,Home Appliances,West,New,3,2400,5,6840.0,3744.0,3096.0,Cash,Amit Kumar
TX04568,2026-06-11,Portable SSD 2TB,Electronics,Central,Returning,7,12500,0,87500.0,61250.0,26250.0,Card,Ananya Roy
TX04569,2026-07-19,Running Jacket Pro,Clothing,West,Returning,1,4800,12,4224.0,2160.0,2064.0,Net Banking,Vikas Verma
TX04570,2026-06-24,Mesh Task Chair,Furniture,East,New,3,7500,8,20700.0,13500.0,7200.0,UPI,Kavita Reddy
TX04571,2026-05-16,Electric Kettle Stainless,Home Appliances,North,Returning,7,2400,0,16800.0,8736.0,8064.0,UPI,Rahul Sharma
TX04572,2026-06-30,Smart Watch Series 7,Electronics,West,Returning,7,18500,8,119140.0,88060.0,31080.0,Card,Amit Kumar
TX04573,2026-03-26,Air Purifier Pro,Home Appliances,Central,Returning,4,16500,5,62700.0,43560.0,19140.0,UPI,Priya Patel
TX04574,2026-06-29,Denim Pants Premium,Clothing,North,Returning,1,2900,5,2755.0,1218.0,1537.0,UPI,Ananya Roy
TX04575,2026-07-22,Bookshelf Wooden,Furniture,South,Returning,8,8900,5,67640.0,41296.0,26344.0,Net Banking,Kavita Reddy
TX04576,2026-03-07,Laptop Pro 15,Electronics,West,New,2,68000,12,119680.0,106080.0,13600.0,Card,Priya Patel
TX04577,2026-02-18,Portable SSD 2TB,Electronics,North,Returning,7,12500,5,83125.0,61250.0,21875.0,Card,Neha Singh
TX04578,2026-05-25,Portable SSD 2TB,Electronics,Central,New,4,12500,0,50000.0,35000.0,15000.0,Card,Neha Singh
TX04579,2026-05-08,Air Purifier Pro,Home Appliances,South,New,1,16500,5,15675.0,10890.0,4785.0,Card,Ananya Roy
TX04580,2026-05-15,Windbreaker Hooded,Clothing,East,New,2,3800,5,7220.0,3496.0,3724.0,Card,Rahul Sharma
TX04581,2026-04-23,Mesh Task Chair,Furniture,South,Returning,4,7500,0,30000.0,18000.0,12000.0,UPI,Rahul Sharma
TX04582,2026-07-02,Formal Suit Blazer,Clothing,South,Returning,8,11500,8,84640.0,50600.0,34040.0,UPI,Rahul Sharma
TX04583,2026-05-02,MagSafe Power Bank,Accessories,Central,Returning,2,3200,0,6400.0,3328.0,3072.0,UPI,Neha Singh
TX04584,2026-02-25,Noise Cancelling Headphones,Electronics,Central,Returning,7,14500,10,91350.0,65975.0,25375.0,UPI,Ananya Roy
TX04585,2026-04-11,Leather Slim Wallet,Accessories,West,Returning,1,1400,5,1330.0,532.0,798.0,Card,Vikas Verma
TX04586,2026-02-04,Smart Watch Series 7,Electronics,West,New,3,18500,8,51060.0,37740.0,13320.0,Card,Rahul Sharma
TX04587,2026-02-11,Smartphone X,Electronics,North,Returning,1,42000,15,35700.0,30240.0,5460.0,Net Banking,Kavita Reddy
TX04588,2026-03-26,MagSafe Power Bank,Accessories,East,New,4,3200,5,12160.0,6656.0,5504.0,Card,Neha Singh
TX04589,2026-07-12,Cotton Polo Shirt,Clothing,West,New,4,1600,10,5760.0,2560.0,3200.0,UPI,Rahul Sharma
TX04590,2026-06-22,Running Jacket Pro,Clothing,North,New,3,4800,12,12672.0,6480.0,6192.0,UPI,Priya Patel
TX04591,2026-06-15,Bookshelf Wooden,Furniture,North,New,1,8900,5,8455.0,5162.0,3293.0,UPI,Vikas Verma
TX04592,2026-07-18,Ergonomic Office Chair,Furniture,South,New,1,14500,15,12325.0,8990.0,3335.0,Card,Rahul Sharma
TX04593,2026-03-23,Coffee Maker Deluxe,Home Appliances,East,Returning,1,12800,5,12160.0,8192.0,3968.0,UPI,Vikas Verma
TX04594,2026-02-17,Ergonomic Office Chair,Furniture,South,Returning,1,14500,8,13340.0,8990.0,4350.0,UPI,Amit Kumar
TX04595,2026-04-05,Casual Leather Loafers,Footwear,West,Returning,7,4200,10,26460.0,14700.0,11760.0,UPI,Siddharth Rao
TX04596,2026-03-15,MagSafe Power Bank,Accessories,East,New,1,3200,12,2816.0,1664.0,1152.0,Card,Vikas Verma
TX04597,2026-02-05,Standing Desk Dual Engine,Furniture,East,Returning,8,34000,5,258400.0,184960.0,73440.0,Card,Vikas Verma
TX04598,2026-04-16,Executive Desk,Furniture,North,New,2,28000,5,53200.0,36400.0,16800.0,UPI,Neha Singh
TX04599,2026-07-13,Casual Leather Loafers,Footwear,West,New,4,4200,0,16800.0,8400.0,8400.0,UPI,Rahul Sharma
TX04600,2026-06-01,Gaming Mouse 8K,Electronics,South,New,1,3200,5,3040.0,1760.0,1280.0,UPI,Neha Singh
TX04601,2026-02-27,Wireless Earbuds,Electronics,West,Returning,1,4500,0,4500.0,2700.0,1800.0,Cash,Siddharth Rao
TX04602,2026-05-27,Leather Slim Wallet,Accessories,North,New,2,1400,10,2520.0,1064.0,1456.0,Cash,Rahul Sharma
TX04603,2026-03-12,MagSafe Power Bank,Accessories,Central,Returning,6,3200,10,17280.0,9984.0,7296.0,UPI,Ananya Roy
TX04604,2026-06-09,Ergonomic Office Chair,Furniture,North,Returning,4,14500,5,55100.0,35960.0,19140.0,UPI,Kavita Reddy
TX04605,2026-06-16,Travel Backpack 30L,Accessories,North,Returning,3,3500,0,10500.0,4725.0,5775.0,Card,Amit Kumar
TX04606,2026-05-08,Windbreaker Hooded,Clothing,South,Returning,2,3800,0,7600.0,3496.0,4104.0,UPI,Siddharth Rao
TX04607,2026-06-03,Mesh Task Chair,Furniture,West,New,3,7500,0,22500.0,13500.0,9000.0,Card,Amit Kumar
TX04608,2026-05-02,Casual Leather Loafers,Footwear,West,Returning,5,4200,8,19320.0,10500.0,8820.0,Net Banking,Amit Kumar
TX04609,2026-04-24,Noise Cancelling Headphones,Electronics,West,Returning,1,14500,8,13340.0,9425.0,3915.0,Cash,Ananya Roy
TX04610,2026-02-27,Mechanical RGB Keyboard,Electronics,West,New,4,6200,5,23560.0,14384.0,9176.0,UPI,Neha Singh
TX04611,2026-06-20,Coffee Maker Deluxe,Home Appliances,North,Returning,5,12800,8,58880.0,40960.0,17920.0,Card,Rahul Sharma
TX04612,2026-07-17,Air Purifier Pro,Home Appliances,North,New,1,16500,15,14025.0,10890.0,3135.0,Card,Neha Singh
TX04613,2026-02-18,Bookshelf Wooden,Furniture,South,New,1,8900,0,8900.0,5162.0,3738.0,Card,Siddharth Rao
TX04614,2026-02-14,Monitor Arm Dual Mount,Furniture,Central,New,3,4200,5,11970.0,6300.0,5670.0,Card,Neha Singh
TX04615,2026-06-19,4K Streaming WebCam,Electronics,North,Returning,6,7800,0,46800.0,29016.0,17784.0,Card,Kavita Reddy
TX04616,2026-02-14,Formal Suit Blazer,Clothing,North,Returning,6,11500,8,63480.0,37950.0,25530.0,Cash,Amit Kumar
TX04617,2026-05-15,Executive Desk,Furniture,East,New,2,28000,10,50400.0,36400.0,14000.0,Net Banking,Amit Kumar
TX04618,2026-05-30,Smart Watch Series 7,Electronics,South,Returning,7,18500,10,116550.0,88060.0,28490.0,Card,Siddharth Rao
TX04619,2026-06-29,Trail Hiking Boots,Footwear,Central,New,4,8400,8,30912.0,17472.0,13440.0,UPI,Neha Singh
TX04620,2026-07-12,Travel Backpack 30L,Accessories,North,Returning,6,3500,8,19320.0,9450.0,9870.0,UPI,Kavita Reddy
TX04621,2026-07-28,Ergonomic Office Chair,Furniture,South,New,2,14500,12,25520.0,17980.0,7540.0,Card,Amit Kumar
TX04622,2026-03-18,Running Jacket Pro,Clothing,North,Returning,3,4800,12,12672.0,6480.0,6192.0,Card,Amit Kumar
TX04623,2026-06-11,Laptop Pro 15,Electronics,West,Returning,7,68000,0,476000.0,371280.0,104720.0,UPI,Vikas Verma
TX04624,2026-02-25,Laptop Sleeve 15,Accessories,South,New,3,1100,0,3300.0,1155.0,2145.0,Card,Amit Kumar
TX04625,2026-04-23,MagSafe Power Bank,Accessories,Central,Returning,2,3200,0,6400.0,3328.0,3072.0,UPI,Neha Singh
TX04626,2026-04-30,Electric Kettle Stainless,Home Appliances,North,New,2,2400,5,4560.0,2496.0,2064.0,UPI,Neha Singh
TX04627,2026-04-25,Cotton Polo Shirt,Clothing,West,New,4,1600,5,6080.0,2560.0,3520.0,Card,Siddharth Rao
TX04628,2026-05-04,Casual Leather Loafers,Footwear,North,Returning,7,4200,8,27048.0,14700.0,12348.0,UPI,Amit Kumar
TX04629,2026-05-05,Tablet Pro 11,Electronics,East,New,4,38000,12,133760.0,114000.0,19760.0,UPI,Vikas Verma
TX04630,2026-07-11,Standing Desk Dual Engine,Furniture,South,New,2,34000,0,68000.0,46240.0,21760.0,Card,Ananya Roy
TX04631,2026-06-20,Casual Leather Loafers,Footwear,North,Returning,5,4200,5,19950.0,10500.0,9450.0,Net Banking,Neha Singh
TX04632,2026-05-12,Standing Desk Dual Engine,Furniture,North,New,1,34000,10,30600.0,23120.0,7480.0,UPI,Rahul Sharma
TX04633,2026-02-27,Travel Backpack 30L,Accessories,North,New,2,3500,5,6650.0,3150.0,3500.0,UPI,Neha Singh
TX04634,2026-07-30,Electric Kettle Stainless,Home Appliances,South,New,3,2400,10,6480.0,3744.0,2736.0,Card,Vikas Verma
TX04635,2026-06-27,Smart Watch Series 7,Electronics,East,Returning,4,18500,0,74000.0,50320.0,23680.0,Card,Neha Singh
TX04636,2026-07-25,Monitor 27 Ultra,Electronics,North,New,1,24000,5,22800.0,16800.0,6000.0,UPI,Siddharth Rao
TX04637,2026-05-22,Ergonomic Office Chair,Furniture,Central,Returning,5,14500,5,68875.0,44950.0,23925.0,UPI,Priya Patel
TX04638,2026-04-16,Laptop Pro 15,Electronics,East,New,4,68000,0,272000.0,212160.0,59840.0,Cash,Ananya Roy
TX04639,2026-02-20,Mechanical RGB Keyboard,Electronics,East,Returning,7,6200,0,43400.0,25172.0,18228.0,UPI,Siddharth Rao
TX04640,2026-02-12,Tablet Pro 11,Electronics,North,New,1,38000,0,38000.0,28500.0,9500.0,Card,Priya Patel
TX04641,2026-05-25,Mesh Task Chair,Furniture,East,New,1,7500,12,6600.0,4500.0,2100.0,Card,Amit Kumar
TX04642,2026-04-21,Running Jacket Pro,Clothing,North,New,4,4800,8,17664.0,8640.0,9024.0,Card,Vikas Verma
TX04643,2026-04-23,Travel Backpack 30L,Accessories,West,New,2,3500,12,6160.0,3150.0,3010.0,UPI,Rahul Sharma
TX04644,2026-03-18,Running Jacket Pro,Clothing,North,New,2,4800,0,9600.0,4320.0,5280.0,Card,Rahul Sharma
TX04645,2026-05-29,Wireless Earbuds,Electronics,West,Returning,1,4500,28,3240.0,2700.0,540.0,Card,Amit Kumar
TX04646,2026-07-08,MagSafe Power Bank,Accessories,South,New,1,3200,20,2560.0,1664.0,896.0,Card,Rahul Sharma
TX04647,2026-05-20,Pro Runner Shoes,Footwear,South,New,3,6500,0,19500.0,9360.0,10140.0,UPI,Neha Singh
TX04648,2026-03-04,Leather Slim Wallet,Accessories,West,New,3,1400,5,3990.0,1596.0,2394.0,Card,Priya Patel
TX04649,2026-03-16,Portable SSD 2TB,Electronics,South,Returning,3,12500,0,37500.0,26250.0,11250.0,Cash,Amit Kumar
TX04650,2026-06-10,Wireless Earbuds,Electronics,South,Returning,1,4500,5,4275.0,2700.0,1575.0,Cash,Ananya Roy
TX04651,2026-03-08,Gaming Mouse 8K,Electronics,West,Returning,1,3200,0,3200.0,1760.0,1440.0,Cash,Siddharth Rao
TX04652,2026-07-06,Pro Runner Shoes,Footwear,North,Returning,6,6500,10,35100.0,18720.0,16380.0,Card,Neha Singh
TX04653,2026-03-07,Running Jacket Pro,Clothing,West,Returning,4,4800,12,16896.0,8640.0,8256.0,UPI,Rahul Sharma
TX04654,2026-04-05,Portable SSD 2TB,Electronics,South,Returning,3,12500,5,35625.0,26250.0,9375.0,Card,Amit Kumar
TX04655,2026-04-03,Bookshelf Wooden,Furniture,East,New,1,8900,10,8010.0,5162.0,2848.0,Net Banking,Neha Singh
TX04656,2026-06-04,Electric Kettle Stainless,Home Appliances,South,New,3,2400,0,7200.0,3744.0,3456.0,Card,Ananya Roy
TX04657,2026-06-15,Smartphone X,Electronics,North,Returning,7,42000,8,270480.0,211680.0,58800.0,Cash,Vikas Verma
TX04658,2026-06-23,Smart Blender 1200W,Home Appliances,West,Returning,1,6800,5,6460.0,3944.0,2516.0,Cash,Ananya Roy
TX04659,2026-02-15,Running Jacket Pro,Clothing,Central,Returning,8,4800,8,35328.0,17280.0,18048.0,UPI,Rahul Sharma
TX04660,2026-04-22,Gaming Mouse 8K,Electronics,East,Returning,8,3200,5,24320.0,14080.0,10240.0,UPI,Rahul Sharma
TX04661,2026-06-04,Mesh Task Chair,Furniture,South,Returning,4,7500,5,28500.0,18000.0,10500.0,Card,Kavita Reddy
TX04662,2026-03-04,Leather Slim Wallet,Accessories,Central,Returning,1,1400,0,1400.0,532.0,868.0,Card,Ananya Roy
TX04663,2026-05-12,MagSafe Power Bank,Accessories,West,Returning,5,3200,12,14080.0,8320.0,5760.0,Card,Ananya Roy
TX04664,2026-07-23,Leather Slim Wallet,Accessories,West,Returning,5,1400,5,6650.0,2660.0,3990.0,UPI,Rahul Sharma
TX04665,2026-05-25,Noise Cancelling Headphones,Electronics,North,New,1,14500,10,13050.0,9425.0,3625.0,Cash,Kavita Reddy
TX04666,2026-04-09,Mechanical RGB Keyboard,Electronics,North,Returning,1,6200,0,6200.0,3596.0,2604.0,Card,Neha Singh
TX04667,2026-06-09,4K Streaming WebCam,Electronics,South,Returning,5,7800,0,39000.0,24180.0,14820.0,UPI,Neha Singh
TX04668,2026-05-05,Gaming Mouse 8K,Electronics,South,New,3,3200,5,9120.0,5280.0,3840.0,UPI,Amit Kumar
TX04669,2026-07-27,Pro Runner Shoes,Footwear,South,New,1,6500,0,6500.0,3120.0,3380.0,Card,Siddharth Rao
TX04670,2026-03-23,Electric Kettle Stainless,Home Appliances,South,New,3,2400,0,7200.0,3744.0,3456.0,Cash,Priya Patel
TX04671,2026-04-05,Formal Suit Blazer,Clothing,North,New,3,11500,0,34500.0,18975.0,15525.0,Cash,Neha Singh
TX04672,2026-07-07,Bookshelf Wooden,Furniture,North,Returning,6,8900,0,53400.0,30972.0,22428.0,UPI,Siddharth Rao
TX04673,2026-02-11,MagSafe Power Bank,Accessories,West,Returning,4,3200,0,12800.0,6656.0,6144.0,Cash,Kavita Reddy
TX04674,2026-04-02,Denim Pants Premium,Clothing,West,New,1,2900,0,2900.0,1218.0,1682.0,Cash,Kavita Reddy
TX04675,2026-04-19,Trail Hiking Boots,Footwear,Central,New,4,8400,0,33600.0,17472.0,16128.0,Cash,Kavita Reddy
TX04676,2026-05-30,Monitor 27 Ultra,Electronics,South,Returning,1,24000,5,22800.0,16800.0,6000.0,UPI,Priya Patel
TX04677,2026-07-05,Cotton Polo Shirt,Clothing,South,Returning,6,1600,5,9120.0,3840.0,5280.0,Net Banking,Neha Singh
TX04678,2026-07-07,Robotic Vacuum X,Home Appliances,North,Returning,4,26000,10,93600.0,72800.0,20800.0,UPI,Ananya Roy
TX04679,2026-06-01,Standing Desk Dual Engine,Furniture,Central,New,1,34000,12,29920.0,23120.0,6800.0,Card,Rahul Sharma
TX04680,2026-04-17,Gaming Mouse 8K,Electronics,West,Returning,6,3200,5,18240.0,10560.0,7680.0,Card,Neha Singh
TX04681,2026-02-09,Travel Backpack 30L,Accessories,West,Returning,2,3500,12,6160.0,3150.0,3010.0,Card,Kavita Reddy
TX04682,2026-07-20,Trail Hiking Boots,Footwear,West,Returning,7,8400,15,49980.0,30576.0,19404.0,Card,Priya Patel
TX04683,2026-05-11,Windbreaker Hooded,Clothing,East,New,4,3800,0,15200.0,6992.0,8208.0,Card,Priya Patel
TX04684,2026-02-09,Mesh Task Chair,Furniture,East,New,4,7500,5,28500.0,18000.0,10500.0,Net Banking,Amit Kumar
TX04685,2026-05-10,Windbreaker Hooded,Clothing,West,Returning,2,3800,5,7220.0,3496.0,3724.0,UPI,Priya Patel
TX04686,2026-03-15,Leather Slim Wallet,Accessories,West,Returning,6,1400,12,7392.0,3192.0,4200.0,UPI,Priya Patel
TX04687,2026-07-10,Electric Kettle Stainless,Home Appliances,North,Returning,2,2400,8,4416.0,2496.0,1920.0,UPI,Ananya Roy
TX04688,2026-05-06,Executive Desk,Furniture,South,New,3,28000,0,84000.0,54600.0,29400.0,Cash,Neha Singh
TX04689,2026-03-04,MagSafe Power Bank,Accessories,South,Returning,8,3200,0,25600.0,13312.0,12288.0,Cash,Siddharth Rao
TX04690,2026-07-10,Mesh Task Chair,Furniture,South,Returning,2,7500,0,15000.0,9000.0,6000.0,UPI,Rahul Sharma
TX04691,2026-02-16,Running Jacket Pro,Clothing,North,Returning,7,4800,0,33600.0,15120.0,18480.0,UPI,Priya Patel
TX04692,2026-02-14,Pro Runner Shoes,Footwear,South,Returning,8,6500,10,46800.0,24960.0,21840.0,Card,Amit Kumar
TX04693,2026-06-30,Smart Blender 1200W,Home Appliances,East,New,3,6800,8,18768.0,11832.0,6936.0,UPI,Kavita Reddy
TX04694,2026-03-25,Running Jacket Pro,Clothing,South,Returning,8,4800,5,36480.0,17280.0,19200.0,Card,Amit Kumar
TX04695,2026-05-07,Gaming Mouse 8K,Electronics,West,Returning,8,3200,29,18176.0,14080.0,4096.0,UPI,Siddharth Rao
TX04696,2026-05-16,Windbreaker Hooded,Clothing,Central,Returning,6,3800,5,21660.0,10488.0,11172.0,Cash,Neha Singh
TX04697,2026-07-21,Travel Backpack 30L,Accessories,Central,Returning,6,3500,0,21000.0,9450.0,11550.0,Card,Amit Kumar
TX04698,2026-05-02,Tablet Pro 11,Electronics,West,Returning,8,38000,25,228000.0,228000.0,0.0,UPI,Ananya Roy
TX04699,2026-03-22,Electric Kettle Stainless,Home Appliances,North,Returning,8,2400,0,19200.0,9984.0,9216.0,UPI,Rahul Sharma
TX04700,2026-04-07,Tablet Pro 11,Electronics,Central,New,4,38000,15,129200.0,114000.0,15200.0,UPI,Vikas Verma
TX04701,2026-03-03,Executive Desk,Furniture,Central,New,4,28000,10,100800.0,72800.0,28000.0,Card,Amit Kumar
TX04702,2026-06-03,Laptop Pro 15,Electronics,South,Returning,8,68000,5,516800.0,424320.0,92480.0,Card,Kavita Reddy
TX04703,2026-02-27,Casual Leather Loafers,Footwear,South,Returning,6,4200,0,25200.0,12600.0,12600.0,Cash,Vikas Verma
TX04704,2026-03-18,Trail Hiking Boots,Footwear,North,Returning,1,8400,8,7728.0,4368.0,3360.0,UPI,Priya Patel
TX04705,2026-06-05,Smart Blender 1200W,Home Appliances,South,New,2,6800,10,12240.0,7888.0,4352.0,UPI,Amit Kumar
TX04706,2026-05-01,Cotton Polo Shirt,Clothing,North,New,2,1600,5,3040.0,1280.0,1760.0,UPI,Vikas Verma
TX04707,2026-05-19,Running Jacket Pro,Clothing,Central,New,4,4800,0,19200.0,8640.0,10560.0,UPI,Kavita Reddy
TX04708,2026-06-12,Portable SSD 2TB,Electronics,Central,New,2,12500,5,23750.0,17500.0,6250.0,UPI,Priya Patel
TX04709,2026-04-23,Coffee Maker Deluxe,Home Appliances,North,Returning,7,12800,12,78848.0,57344.0,21504.0,UPI,Rahul Sharma
TX04710,2026-07-30,Travel Backpack 30L,Accessories,North,Returning,3,3500,10,9450.0,4725.0,4725.0,Card,Siddharth Rao
TX04711,2026-05-10,Casual Leather Loafers,Footwear,South,Returning,5,4200,8,19320.0,10500.0,8820.0,UPI,Amit Kumar
TX04712,2026-04-13,Portable SSD 2TB,Electronics,East,Returning,7,12500,15,74375.0,61250.0,13125.0,UPI,Ananya Roy
TX04713,2026-03-30,Portable SSD 2TB,Electronics,Central,Returning,7,12500,12,77000.0,61250.0,15750.0,Card,Rahul Sharma
TX04714,2026-05-05,Wireless Earbuds,Electronics,North,Returning,1,4500,15,3825.0,2700.0,1125.0,Card,Amit Kumar
TX04715,2026-03-02,Bookshelf Wooden,Furniture,South,Returning,7,8900,0,62300.0,36134.0,26166.0,UPI,Ananya Roy
TX04716,2026-03-07,Smart Blender 1200W,Home Appliances,North,New,4,6800,0,27200.0,15776.0,11424.0,Card,Ananya Roy
TX04717,2026-06-08,Laptop Pro 15,Electronics,South,Returning,6,68000,0,408000.0,318240.0,89760.0,UPI,Kavita Reddy
TX04718,2026-04-10,Denim Pants Premium,Clothing,North,Returning,6,2900,12,15312.0,7308.0,8004.0,Card,Siddharth Rao
TX04719,2026-07-18,Ergonomic Office Chair,Furniture,Central,New,4,14500,5,55100.0,35960.0,19140.0,Cash,Neha Singh
TX04720,2026-04-22,Pro Runner Shoes,Footwear,North,New,2,6500,0,13000.0,6240.0,6760.0,UPI,Ananya Roy
TX04721,2026-02-23,Travel Backpack 30L,Accessories,West,Returning,8,3500,8,25760.0,12600.0,13160.0,UPI,Neha Singh
TX04722,2026-06-02,MagSafe Power Bank,Accessories,South,New,1,3200,10,2880.0,1664.0,1216.0,UPI,Neha Singh
TX04723,2026-04-10,Mesh Task Chair,Furniture,West,New,1,7500,8,6900.0,4500.0,2400.0,Card,Kavita Reddy
TX04724,2026-05-20,Portable SSD 2TB,Electronics,North,Returning,7,12500,10,78750.0,61250.0,17500.0,UPI,Siddharth Rao
TX04725,2026-02-20,Windbreaker Hooded,Clothing,North,Returning,7,3800,10,23940.0,12236.0,11704.0,UPI,Amit Kumar
TX04726,2026-03-05,Mesh Task Chair,Furniture,Central,Returning,1,7500,8,6900.0,4500.0,2400.0,Card,Rahul Sharma
TX04727,2026-02-28,Running Jacket Pro,Clothing,East,New,4,4800,0,19200.0,8640.0,10560.0,Card,Vikas Verma
TX04728,2026-02-12,Mesh Task Chair,Furniture,North,Returning,5,7500,5,35625.0,22500.0,13125.0,Card,Priya Patel
TX04729,2026-03-07,Electric Kettle Stainless,Home Appliances,East,Returning,4,2400,0,9600.0,4992.0,4608.0,UPI,Rahul Sharma
TX04730,2026-04-24,Laptop Sleeve 15,Accessories,East,Returning,1,1100,0,1100.0,385.0,715.0,Card,Rahul Sharma
TX04731,2026-06-20,Gaming Mouse 8K,Electronics,South,New,3,3200,8,8832.0,5280.0,3552.0,UPI,Rahul Sharma
TX04732,2026-06-22,Gaming Mouse 8K,Electronics,West,Returning,6,3200,5,18240.0,10560.0,7680.0,Net Banking,Neha Singh
TX04733,2026-04-29,MagSafe Power Bank,Accessories,West,Returning,1,3200,8,2944.0,1664.0,1280.0,Net Banking,Neha Singh
TX04734,2026-02-18,Mechanical RGB Keyboard,Electronics,South,New,3,6200,5,17670.0,10788.0,6882.0,Cash,Priya Patel
TX04735,2026-03-14,Denim Pants Premium,Clothing,Central,Returning,7,2900,10,18270.0,8526.0,9744.0,UPI,Priya Patel
TX04736,2026-03-11,Coffee Maker Deluxe,Home Appliances,East,Returning,7,12800,10,80640.0,57344.0,23296.0,UPI,Vikas Verma
TX04737,2026-07-10,Laptop Sleeve 15,Accessories,West,Returning,5,1100,5,5225.0,1925.0,3300.0,Card,Ananya Roy
TX04738,2026-07-04,Wireless Earbuds,Electronics,West,New,2,4500,0,9000.0,5400.0,3600.0,UPI,Vikas Verma
TX04739,2026-05-22,Air Purifier Pro,Home Appliances,South,Returning,8,16500,8,121440.0,87120.0,34320.0,Cash,Siddharth Rao
TX04740,2026-05-12,Coffee Maker Deluxe,Home Appliances,East,Returning,2,12800,0,25600.0,16384.0,9216.0,UPI,Ananya Roy
TX04741,2026-02-15,Cotton Polo Shirt,Clothing,North,Returning,7,1600,0,11200.0,4480.0,6720.0,UPI,Vikas Verma
TX04742,2026-05-02,Monitor 27 Ultra,Electronics,East,New,3,24000,0,72000.0,50400.0,21600.0,Cash,Amit Kumar
TX04743,2026-03-30,Smartphone X,Electronics,East,New,3,42000,12,110880.0,90720.0,20160.0,Net Banking,Kavita Reddy
TX04744,2026-05-10,Mesh Task Chair,Furniture,North,New,1,7500,12,6600.0,4500.0,2100.0,Card,Ananya Roy
TX04745,2026-05-04,Leather Slim Wallet,Accessories,South,Returning,2,1400,5,2660.0,1064.0,1596.0,UPI,Ananya Roy
TX04746,2026-06-10,Executive Desk,Furniture,East,New,1,28000,5,26600.0,18200.0,8400.0,UPI,Vikas Verma
TX04747,2026-03-09,Travel Backpack 30L,Accessories,East,New,1,3500,5,3325.0,1575.0,1750.0,UPI,Siddharth Rao
TX04748,2026-05-07,Robotic Vacuum X,Home Appliances,East,New,4,26000,10,93600.0,72800.0,20800.0,Net Banking,Siddharth Rao
TX04749,2026-07-27,Portable SSD 2TB,Electronics,North,New,2,12500,0,25000.0,17500.0,7500.0,UPI,Ananya Roy
TX04750,2026-04-01,Mesh Task Chair,Furniture,North,New,3,7500,15,19125.0,13500.0,5625.0,Card,Kavita Reddy
TX04751,2026-06-24,Monitor 27 Ultra,Electronics,North,Returning,3,24000,12,63360.0,50400.0,12960.0,UPI,Kavita Reddy
TX04752,2026-06-08,Smart Watch Series 7,Electronics,West,New,2,18500,5,35150.0,25160.0,9990.0,UPI,Rahul Sharma
TX04753,2026-03-07,Robotic Vacuum X,Home Appliances,West,Returning,5,26000,5,123500.0,91000.0,32500.0,Card,Neha Singh
TX04754,2026-04-13,Mechanical RGB Keyboard,Electronics,Central,Returning,5,6200,8,28520.0,17980.0,10540.0,Card,Rahul Sharma
TX04755,2026-03-28,Ergonomic Office Chair,Furniture,Central,Returning,2,14500,10,26100.0,17980.0,8120.0,UPI,Siddharth Rao
TX04756,2026-05-31,Tablet Pro 11,Electronics,Central,Returning,8,38000,15,258400.0,228000.0,30400.0,UPI,Kavita Reddy
TX04757,2026-07-16,Noise Cancelling Headphones,Electronics,West,Returning,2,14500,0,29000.0,18850.0,10150.0,Cash,Vikas Verma
TX04758,2026-02-01,Bookshelf Wooden,Furniture,East,New,4,8900,10,32040.0,20648.0,11392.0,UPI,Rahul Sharma
TX04759,2026-02-22,Casual Leather Loafers,Footwear,South,Returning,6,4200,8,23184.0,12600.0,10584.0,UPI,Vikas Verma
TX04760,2026-03-09,Noise Cancelling Headphones,Electronics,South,Returning,3,14500,0,43500.0,28275.0,15225.0,UPI,Kavita Reddy
TX04761,2026-06-03,Casual Leather Loafers,Footwear,West,Returning,5,4200,5,19950.0,10500.0,9450.0,Card,Rahul Sharma
TX04762,2026-03-15,Mechanical RGB Keyboard,Electronics,West,Returning,6,6200,0,37200.0,21576.0,15624.0,UPI,Vikas Verma
TX04763,2026-06-15,Cotton Polo Shirt,Clothing,South,New,4,1600,0,6400.0,2560.0,3840.0,UPI,Siddharth Rao
TX04764,2026-06-17,Leather Slim Wallet,Accessories,East,Returning,5,1400,0,7000.0,2660.0,4340.0,Card,Vikas Verma
TX04765,2026-05-30,Formal Suit Blazer,Clothing,Central,Returning,4,11500,5,43700.0,25300.0,18400.0,Card,Vikas Verma
TX04766,2026-05-26,Travel Backpack 30L,Accessories,North,New,2,3500,8,6440.0,3150.0,3290.0,UPI,Ananya Roy
TX04767,2026-04-03,Noise Cancelling Headphones,Electronics,East,New,3,14500,0,43500.0,28275.0,15225.0,UPI,Siddharth Rao
TX04768,2026-07-21,Travel Backpack 30L,Accessories,East,New,4,3500,8,12880.0,6300.0,6580.0,Card,Priya Patel
TX04769,2026-06-14,MagSafe Power Bank,Accessories,West,New,4,3200,8,11776.0,6656.0,5120.0,UPI,Neha Singh
TX04770,2026-06-27,Windbreaker Hooded,Clothing,East,New,3,3800,15,9690.0,5244.0,4446.0,Card,Priya Patel
TX04771,2026-03-02,Formal Suit Blazer,Clothing,West,New,3,11500,15,29325.0,18975.0,10350.0,UPI,Vikas Verma
TX04772,2026-05-29,Standing Desk Dual Engine,Furniture,East,Returning,3,34000,5,96900.0,69360.0,27540.0,UPI,Siddharth Rao
TX04773,2026-05-02,Denim Pants Premium,Clothing,West,Returning,8,2900,8,21344.0,9744.0,11600.0,Card,Kavita Reddy
TX04774,2026-06-22,4K Streaming WebCam,Electronics,West,Returning,1,7800,0,7800.0,4836.0,2964.0,Card,Priya Patel
TX04775,2026-02-06,Smartphone X,Electronics,North,New,4,42000,8,154560.0,120960.0,33600.0,Card,Siddharth Rao
TX04776,2026-03-19,Windbreaker Hooded,Clothing,North,Returning,6,3800,0,22800.0,10488.0,12312.0,Cash,Rahul Sharma
TX04777,2026-06-25,Electric Kettle Stainless,Home Appliances,South,Returning,1,2400,8,2208.0,1248.0,960.0,UPI,Vikas Verma
TX04778,2026-07-12,Coffee Maker Deluxe,Home Appliances,East,Returning,3,12800,0,38400.0,24576.0,13824.0,Card,Kavita Reddy
TX04779,2026-07-23,Denim Pants Premium,Clothing,West,Returning,7,2900,5,19285.0,8526.0,10759.0,Card,Amit Kumar
TX04780,2026-07-09,Cotton Polo Shirt,Clothing,West,New,1,1600,12,1408.0,640.0,768.0,UPI,Kavita Reddy
TX04781,2026-03-04,Trail Hiking Boots,Footwear,North,New,2,8400,8,15456.0,8736.0,6720.0,Cash,Vikas Verma
TX04782,2026-03-25,Monitor Arm Dual Mount,Furniture,South,Returning,8,4200,5,31920.0,16800.0,15120.0,UPI,Kavita Reddy
TX04783,2026-06-08,Casual Leather Loafers,Footwear,North,Returning,3,4200,5,11970.0,6300.0,5670.0,Cash,Ananya Roy
TX04784,2026-06-17,Travel Backpack 30L,Accessories,South,New,1,3500,0,3500.0,1575.0,1925.0,Card,Kavita Reddy
TX04785,2026-07-04,Smart Watch Series 7,Electronics,South,Returning,8,18500,0,148000.0,100640.0,47360.0,Cash,Amit Kumar
TX04786,2026-06-11,Smartphone X,Electronics,Central,New,1,42000,5,39900.0,30240.0,9660.0,UPI,Siddharth Rao
TX04787,2026-05-12,Smart Blender 1200W,Home Appliances,East,Returning,5,6800,5,32300.0,19720.0,12580.0,Card,Priya Patel
TX04788,2026-05-29,Gaming Mouse 8K,Electronics,West,New,2,3200,23,4928.0,3520.0,1408.0,UPI,Neha Singh
TX04789,2026-02-13,Standing Desk Dual Engine,Furniture,North,Returning,7,34000,12,209440.0,161840.0,47600.0,Cash,Ananya Roy
TX04790,2026-03-09,Air Purifier Pro,Home Appliances,South,Returning,7,16500,5,109725.0,76230.0,33495.0,UPI,Rahul Sharma
TX04791,2026-06-02,Smart Watch Series 7,Electronics,West,Returning,3,18500,5,52725.0,37740.0,14985.0,UPI,Vikas Verma
TX04792,2026-05-30,Robotic Vacuum X,Home Appliances,South,Returning,2,26000,0,52000.0,36400.0,15600.0,UPI,Vikas Verma
TX04793,2026-07-07,Standing Desk Dual Engine,Furniture,West,Returning,4,34000,0,136000.0,92480.0,43520.0,Card,Amit Kumar
TX04794,2026-05-24,Formal Suit Blazer,Clothing,South,New,2,11500,5,21850.0,12650.0,9200.0,Card,Ananya Roy
TX04795,2026-02-17,Formal Suit Blazer,Clothing,South,Returning,4,11500,20,36800.0,25300.0,11500.0,UPI,Siddharth Rao
TX04796,2026-03-24,Robotic Vacuum X,Home Appliances,North,Returning,1,26000,5,24700.0,18200.0,6500.0,UPI,Vikas Verma
TX04797,2026-02-15,Casual Leather Loafers,Footwear,East,Returning,1,4200,12,3696.0,2100.0,1596.0,Cash,Priya Patel
TX04798,2026-02-24,Standing Desk Dual Engine,Furniture,West,New,2,34000,12,59840.0,46240.0,13600.0,Card,Kavita Reddy
TX04799,2026-07-12,Monitor Arm Dual Mount,Furniture,East,New,2,4200,5,7980.0,4200.0,3780.0,Card,Amit Kumar
TX04800,2026-07-03,Windbreaker Hooded,Clothing,East,Returning,8,3800,5,28880.0,13984.0,14896.0,Card,Ananya Roy
TX04801,2026-05-04,Cotton Polo Shirt,Clothing,East,Returning,1,1600,5,1520.0,640.0,880.0,Net Banking,Siddharth Rao
TX04802,2026-07-06,Mechanical RGB Keyboard,Electronics,South,Returning,3,6200,15,15810.0,10788.0,5022.0,Net Banking,Rahul Sharma
TX04803,2026-02-13,Noise Cancelling Headphones,Electronics,East,New,1,14500,0,14500.0,9425.0,5075.0,UPI,Neha Singh
TX04804,2026-06-01,Mesh Task Chair,Furniture,South,New,2,7500,5,14250.0,9000.0,5250.0,Card,Vikas Verma
TX04805,2026-02-20,Air Purifier Pro,Home Appliances,East,New,2,16500,8,30360.0,21780.0,8580.0,Net Banking,Vikas Verma
TX04806,2026-03-17,Air Purifier Pro,Home Appliances,North,Returning,7,16500,10,103950.0,76230.0,27720.0,Card,Ananya Roy
TX04807,2026-04-28,Portable SSD 2TB,Electronics,North,Returning,6,12500,12,66000.0,52500.0,13500.0,Card,Ananya Roy
TX04808,2026-06-23,Leather Slim Wallet,Accessories,West,Returning,7,1400,0,9800.0,3724.0,6076.0,Card,Amit Kumar
TX04809,2026-03-10,Ergonomic Office Chair,Furniture,East,New,2,14500,5,27550.0,17980.0,9570.0,UPI,Kavita Reddy
TX04810,2026-06-15,Leather Slim Wallet,Accessories,North,Returning,4,1400,5,5320.0,2128.0,3192.0,Net Banking,Siddharth Rao
TX04811,2026-04-18,Leather Slim Wallet,Accessories,Central,New,3,1400,10,3780.0,1596.0,2184.0,Card,Siddharth Rao
TX04812,2026-04-12,Air Purifier Pro,Home Appliances,South,Returning,3,16500,12,43560.0,32670.0,10890.0,UPI,Rahul Sharma
TX04813,2026-03-04,Coffee Maker Deluxe,Home Appliances,West,New,1,12800,12,11264.0,8192.0,3072.0,Card,Siddharth Rao
TX04814,2026-04-21,Coffee Maker Deluxe,Home Appliances,West,Returning,6,12800,5,72960.0,49152.0,23808.0,Card,Ananya Roy
TX04815,2026-06-16,Laptop Pro 15,Electronics,North,Returning,7,68000,5,452200.0,371280.0,80920.0,Card,Vikas Verma
TX04816,2026-04-06,Leather Slim Wallet,Accessories,South,Returning,8,1400,5,10640.0,4256.0,6384.0,Card,Siddharth Rao
TX04817,2026-05-08,Executive Desk,Furniture,West,Returning,5,28000,5,133000.0,91000.0,42000.0,UPI,Neha Singh
TX04818,2026-04-01,Cotton Polo Shirt,Clothing,West,Returning,7,1600,15,9520.0,4480.0,5040.0,UPI,Kavita Reddy
TX04819,2026-06-28,4K Streaming WebCam,Electronics,North,Returning,7,7800,12,48048.0,33852.0,14196.0,UPI,Priya Patel
TX04820,2026-07-08,Wireless Earbuds,Electronics,South,New,4,4500,0,18000.0,10800.0,7200.0,Card,Kavita Reddy
TX04821,2026-04-04,Denim Pants Premium,Clothing,Central,New,2,2900,,5800.0,2436.0,3364.0,UPI,Ananya Roy
TX04822,2026-07-13,Laptop Pro 15,Electronics,South,New,4,68000,0,272000.0,212160.0,59840.0,Card,Siddharth Rao
TX04823,2026-03-14,Wireless Earbuds,Electronics,South,Returning,8,4500,5,34200.0,21600.0,12600.0,Net Banking,Siddharth Rao
TX04824,2026-05-08,Smartphone X,Electronics,East,Returning,6,42000,5,239400.0,181440.0,57960.0,Card,Priya Patel
TX04825,2026-05-24,Cotton Polo Shirt,Clothing,East,Returning,7,1600,5,10640.0,4480.0,6160.0,UPI,Kavita Reddy
TX04826,2026-07-16,MagSafe Power Bank,Accessories,East,Returning,5,3200,5,15200.0,8320.0,6880.0,Card,Ananya Roy
TX04827,2026-07-18,Air Purifier Pro,Home Appliances,South,New,3,16500,15,42075.0,32670.0,9405.0,UPI,Siddharth Rao
TX04828,2026-02-17,Pro Runner Shoes,Footwear,North,Returning,3,6500,0,19500.0,9360.0,10140.0,UPI,Kavita Reddy
TX04829,2026-06-04,Running Jacket Pro,Clothing,North,Returning,2,4800,0,9600.0,4320.0,5280.0,Card,Kavita Reddy
TX04830,2026-05-25,Air Purifier Pro,Home Appliances,South,Returning,2,16500,12,29040.0,21780.0,7260.0,Card,Kavita Reddy
TX04831,2026-04-27,Air Purifier Pro,Home Appliances,East,Returning,4,16500,0,66000.0,43560.0,22440.0,UPI,Rahul Sharma
TX04832,2026-07-14,Smartphone X,Electronics,Central,New,1,42000,0,42000.0,30240.0,11760.0,UPI,Priya Patel
TX04833,2026-05-24,Bookshelf Wooden,Furniture,South,Returning,5,8900,0,44500.0,25810.0,18690.0,Card,Priya Patel
TX04834,2026-06-27,Bookshelf Wooden,Furniture,South,Returning,5,8900,5,42275.0,25810.0,16465.0,Cash,Kavita Reddy
TX04835,2026-02-27,Noise Cancelling Headphones,Electronics,North,New,1,14500,10,13050.0,9425.0,3625.0,Card,Ananya Roy
TX04836,2026-04-02,Executive Desk,Furniture,South,Returning,6,28000,8,154560.0,109200.0,45360.0,Card,Rahul Sharma
TX04837,2026-06-27,Electric Kettle Stainless,Home Appliances,Central,New,2,2400,8,4416.0,2496.0,1920.0,UPI,Siddharth Rao
TX04838,2026-02-01,MagSafe Power Bank,Accessories,East,Returning,6,3200,8,17664.0,9984.0,7680.0,Card,Amit Kumar
TX04839,2026-07-30,Travel Backpack 30L,Accessories,Central,Returning,7,3500,0,24500.0,11025.0,13475.0,Card,Kavita Reddy
TX04840,2026-05-28,Bookshelf Wooden,Furniture,East,Returning,4,8900,10,32040.0,20648.0,11392.0,Cash,Siddharth Rao
TX04841,2026-02-07,Leather Slim Wallet,Accessories,West,Returning,6,1400,12,7392.0,3192.0,4200.0,Net Banking,Rahul Sharma
TX04842,2026-07-26,Denim Pants Premium,Clothing,South,New,1,2900,5,2755.0,1218.0,1537.0,UPI,Siddharth Rao
TX04843,2026-03-13,Smartphone X,Electronics,West,New,4,42000,8,154560.0,120960.0,33600.0,Card,Amit Kumar
TX04844,2026-05-15,Coffee Maker Deluxe,Home Appliances,North,Returning,6,12800,0,76800.0,49152.0,27648.0,UPI,Ananya Roy
TX04845,2026-07-10,Cotton Polo Shirt,Clothing,West,Returning,7,1600,5,10640.0,4480.0,6160.0,UPI,Kavita Reddy
TX04846,2026-04-23,Standing Desk Dual Engine,Furniture,East,Returning,8,34000,0,272000.0,184960.0,87040.0,Cash,Ananya Roy
TX04847,2026-06-22,Smart Watch Series 7,Electronics,West,Returning,8,18500,8,136160.0,100640.0,35520.0,Net Banking,Vikas Verma
TX04848,2026-02-02,Leather Slim Wallet,Accessories,South,New,2,1400,8,2576.0,1064.0,1512.0,Cash,Ananya Roy
TX04849,2026-03-23,Electric Kettle Stainless,Home Appliances,South,Returning,3,2400,5,6840.0,3744.0,3096.0,UPI,Ananya Roy
TX04850,2026-02-09,Trail Hiking Boots,Footwear,West,Returning,6,8400,0,50400.0,26208.0,24192.0,UPI,Rahul Sharma
TX04851,2026-05-16,Smart Blender 1200W,Home Appliances,South,New,2,6800,5,12920.0,7888.0,5032.0,UPI,Neha Singh
TX04852,2026-06-22,Casual Leather Loafers,Footwear,West,Returning,3,4200,5,11970.0,6300.0,5670.0,Net Banking,Ananya Roy
TX04853,2026-03-30,Casual Leather Loafers,Footwear,East,Returning,3,4200,0,12600.0,6300.0,6300.0,Net Banking,Amit Kumar
TX04854,2026-04-21,Smart Watch Series 7,Electronics,North,New,2,18500,0,37000.0,25160.0,11840.0,Cash,Neha Singh
TX04855,2026-06-25,Monitor 27 Ultra,Electronics,West,Returning,4,24000,0,96000.0,67200.0,28800.0,Card,Neha Singh
TX04856,2026-05-20,MagSafe Power Bank,Accessories,Central,Returning,3,3200,0,9600.0,4992.0,4608.0,UPI,Ananya Roy
TX04857,2026-07-21,Smart Blender 1200W,Home Appliances,North,New,4,6800,5,25840.0,15776.0,10064.0,Net Banking,Ananya Roy
TX04858,2026-05-26,Monitor Arm Dual Mount,Furniture,West,Returning,6,4200,0,25200.0,12600.0,12600.0,Cash,Ananya Roy
TX04859,2026-07-14,Casual Leather Loafers,Footwear,East,Returning,6,4200,15,21420.0,12600.0,8820.0,UPI,Amit Kumar
TX04860,2026-04-26,Laptop Sleeve 15,Accessories,East,New,3,1100,10,2970.0,1155.0,1815.0,Card,Amit Kumar
TX04861,2026-03-27,Formal Suit Blazer,Clothing,East,New,3,11500,10,31050.0,18975.0,12075.0,Card,Rahul Sharma
TX04862,2026-06-15,Smartphone X,Electronics,North,Returning,1,42000,10,37800.0,30240.0,7560.0,UPI,Rahul Sharma
TX04863,2026-05-31,Cotton Polo Shirt,Clothing,East,New,4,1600,0,6400.0,2560.0,3840.0,Card,Siddharth Rao
TX04864,2026-07-25,Gaming Mouse 8K,Electronics,North,Returning,7,3200,15,19040.0,12320.0,6720.0,UPI,Vikas Verma
TX04865,2026-02-05,Running Jacket Pro,Clothing,South,Returning,1,4800,0,4800.0,2160.0,2640.0,Cash,Vikas Verma
TX04866,2026-04-27,Cotton Polo Shirt,Clothing,North,Returning,3,1600,0,4800.0,1920.0,2880.0,Card,Siddharth Rao
TX04867,2026-06-27,Monitor 27 Ultra,Electronics,Central,New,3,24000,8,66240.0,50400.0,15840.0,UPI,Ananya Roy
TX04868,2026-07-29,Laptop Sleeve 15,Accessories,Central,Returning,4,1100,10,3960.0,1540.0,2420.0,UPI,Neha Singh
TX04869,2026-05-15,Denim Pants Premium,Clothing,East,Returning,5,2900,5,13775.0,6090.0,7685.0,Card,Priya Patel
TX04870,2026-06-05,Monitor 27 Ultra,Electronics,East,New,3,24000,0,72000.0,50400.0,21600.0,Card,Vikas Verma
TX04871,2026-07-15,Ergonomic Office Chair,Furniture,South,Returning,7,14500,5,96425.0,62930.0,33495.0,UPI,Rahul Sharma
TX04872,2026-02-11,Monitor 27 Ultra,Electronics,South,New,1,24000,0,24000.0,16800.0,7200.0,Net Banking,Siddharth Rao
TX04873,2026-06-07,Portable SSD 2TB,Electronics,West,New,1,12500,8,11500.0,8750.0,2750.0,UPI,Kavita Reddy
TX04874,2026-02-14,Laptop Sleeve 15,Accessories,Central,New,4,1100,10,3960.0,1540.0,2420.0,Net Banking,Priya Patel
TX04875,2026-05-13,Smart Blender 1200W,Home Appliances,Central,Returning,2,6800,0,13600.0,7888.0,5712.0,UPI,Vikas Verma
TX04876,2026-05-09,Mechanical RGB Keyboard,Electronics,West,Returning,6,6200,18,30504.0,21576.0,8928.0,UPI,Vikas Verma
TX04877,2026-04-25,Mesh Task Chair,Furniture,Central,New,2,7500,5,14250.0,9000.0,5250.0,UPI,Amit Kumar
TX04878,2026-05-01,Bookshelf Wooden,Furniture,South,New,4,8900,5,33820.0,20648.0,13172.0,Card,Amit Kumar
TX04879,2026-03-14,Coffee Maker Deluxe,Home Appliances,Central,Returning,5,12800,5,60800.0,40960.0,19840.0,UPI,Rahul Sharma
TX04880,2026-07-12,Laptop Sleeve 15,Accessories,East,Returning,8,1100,12,7744.0,3080.0,4664.0,Card,Priya Patel
TX04881,2026-04-28,Leather Slim Wallet,Accessories,North,Returning,5,1400,0,7000.0,2660.0,4340.0,Net Banking,Priya Patel
TX04882,2026-04-09,Mesh Task Chair,Furniture,South,Returning,6,7500,0,45000.0,27000.0,18000.0,UPI,Priya Patel
TX04883,2026-05-06,Ergonomic Office Chair,Furniture,South,New,3,14500,8,40020.0,26970.0,13050.0,Card,Amit Kumar
TX04884,2026-07-04,Smart Blender 1200W,Home Appliances,West,New,3,6800,0,20400.0,11832.0,8568.0,Card,Priya Patel
TX04885,2026-03-29,Trail Hiking Boots,Footwear,East,New,4,8400,10,30240.0,17472.0,12768.0,UPI,Neha Singh
TX04886,2026-06-21,Executive Desk,Furniture,South,Returning,6,28000,8,154560.0,109200.0,45360.0,UPI,Amit Kumar
TX04887,2026-06-02,Smart Blender 1200W,Home Appliances,North,Returning,5,6800,8,31280.0,19720.0,11560.0,UPI,Siddharth Rao
TX04888,2026-04-08,Running Jacket Pro,Clothing,North,New,1,4800,0,4800.0,2160.0,2640.0,UPI,Amit Kumar
TX04889,2026-04-25,Coffee Maker Deluxe,Home Appliances,South,New,2,12800,0,25600.0,16384.0,9216.0,Net Banking,Amit Kumar
TX04890,2026-02-23,Standing Desk Dual Engine,Furniture,East,Returning,6,34000,0,204000.0,138720.0,65280.0,Cash,Ananya Roy
TX04891,2026-04-11,Noise Cancelling Headphones,Electronics,West,Returning,3,14500,10,39150.0,28275.0,10875.0,UPI,Ananya Roy
TX04892,2026-05-14,Laptop Sleeve 15,Accessories,East,Returning,5,1100,8,5060.0,1925.0,3135.0,Card,Amit Kumar
TX04893,2026-07-29,Laptop Pro 15,Electronics,South,Returning,3,68000,5,193800.0,159120.0,34680.0,UPI,Rahul Sharma
TX04894,2026-07-28,Ergonomic Office Chair,Furniture,West,New,1,14500,8,13340.0,8990.0,4350.0,UPI,Siddharth Rao
TX04895,2026-06-01,Portable SSD 2TB,Electronics,South,New,4,12500,0,50000.0,35000.0,15000.0,UPI,Siddharth Rao
TX04896,2026-05-24,Denim Pants Premium,Clothing,South,Returning,2,2900,5,5510.0,2436.0,3074.0,Cash,Siddharth Rao
TX04897,2026-06-18,Casual Leather Loafers,Footwear,East,Returning,5,4200,5,19950.0,10500.0,9450.0,UPI,Vikas Verma
TX04898,2026-04-10,Executive Desk,Furniture,West,New,4,28000,0,112000.0,72800.0,39200.0,Cash,Amit Kumar
TX04899,2026-05-15,Smart Blender 1200W,Home Appliances,East,Returning,1,6800,12,5984.0,3944.0,2040.0,UPI,Siddharth Rao
TX04900,2026-07-17,Pro Runner Shoes,Footwear,Central,Returning,4,6500,10,23400.0,12480.0,10920.0,UPI,Priya Patel
TX04901,2026-05-13,Gaming Mouse 8K,Electronics,Central,Returning,4,3200,12,11264.0,7040.0,4224.0,Card,Rahul Sharma
TX04902,2026-04-29,Monitor Arm Dual Mount,Furniture,South,Returning,4,4200,0,16800.0,8400.0,8400.0,UPI,Ananya Roy
TX04903,2026-07-21,Mechanical RGB Keyboard,Electronics,East,New,4,6200,0,24800.0,14384.0,10416.0,Cash,Amit Kumar
TX04904,2026-04-05,Pro Runner Shoes,Footwear,North,New,1,6500,12,5720.0,3120.0,2600.0,UPI,Ananya Roy
TX04905,2026-03-22,Wireless Earbuds,Electronics,North,New,2,4500,5,8550.0,5400.0,3150.0,Card,Priya Patel
TX04906,2026-05-04,Leather Slim Wallet,Accessories,North,Returning,6,1400,5,7980.0,3192.0,4788.0,UPI,Siddharth Rao
TX04907,2026-05-21,Laptop Pro 15,Electronics,East,Returning,4,68000,8,250240.0,212160.0,38080.0,UPI,Vikas Verma
TX04908,2026-05-13,Monitor 27 Ultra,Electronics,Central,New,2,24000,10,43200.0,33600.0,9600.0,UPI,Kavita Reddy
TX04909,2026-06-22,Noise Cancelling Headphones,Electronics,North,Returning,6,14500,0,87000.0,56550.0,30450.0,Card,Amit Kumar
TX04910,2026-05-21,Mechanical RGB Keyboard,Electronics,Central,Returning,6,6200,0,37200.0,21576.0,15624.0,UPI,Priya Patel
TX04911,2026-02-16,MagSafe Power Bank,Accessories,South,New,4,3200,10,11520.0,6656.0,4864.0,Cash,Kavita Reddy
TX04912,2026-07-17,Smartphone X,Electronics,South,Returning,2,42000,0,84000.0,60480.0,23520.0,Net Banking,Kavita Reddy
TX04913,2026-07-15,Coffee Maker Deluxe,Home Appliances,North,Returning,7,12800,5,85120.0,57344.0,27776.0,UPI,Neha Singh
TX04914,2026-05-19,Smart Watch Series 7,Electronics,West,Returning,3,18500,19,44955.0,37740.0,7215.0,UPI,Kavita Reddy
TX04915,2026-03-30,Travel Backpack 30L,Accessories,Central,New,4,3500,0,14000.0,6300.0,7700.0,UPI,Neha Singh
TX04916,2026-06-29,Smartphone X,Electronics,North,New,2,42000,0,84000.0,60480.0,23520.0,UPI,Siddharth Rao
TX04917,2026-03-18,Electric Kettle Stainless,Home Appliances,West,Returning,3,2400,20,5760.0,3744.0,2016.0,Net Banking,Kavita Reddy
TX04918,2026-04-15,Laptop Sleeve 15,Accessories,West,Returning,8,1100,8,8096.0,3080.0,5016.0,Card,Amit Kumar
TX04919,2026-02-17,Bookshelf Wooden,Furniture,North,New,1,8900,12,7832.0,5162.0,2670.0,Net Banking,Amit Kumar
TX04920,2026-07-03,Standing Desk Dual Engine,Furniture,North,Returning,3,34000,15,86700.0,69360.0,17340.0,UPI,Rahul Sharma
TX04921,2026-03-01,Denim Pants Premium,Clothing,East,Returning,4,2900,5,11020.0,4872.0,6148.0,Net Banking,Vikas Verma
TX04922,2026-06-06,Air Purifier Pro,Home Appliances,South,Returning,7,16500,10,103950.0,76230.0,27720.0,UPI,Vikas Verma
TX04923,2026-05-28,Tablet Pro 11,Electronics,North,Returning,3,38000,8,104880.0,85500.0,19380.0,UPI,Siddharth Rao
TX04924,2026-03-28,Electric Kettle Stainless,Home Appliances,South,Returning,4,2400,5,9120.0,4992.0,4128.0,UPI,Ananya Roy
TX04925,2026-07-16,Smartphone X,Electronics,South,Returning,4,42000,5,159600.0,120960.0,38640.0,UPI,Rahul Sharma
TX04926,2026-06-08,Trail Hiking Boots,Footwear,Central,Returning,1,8400,8,7728.0,4368.0,3360.0,UPI,Amit Kumar
TX04927,2026-02-25,Wireless Earbuds,Electronics,West,Returning,1,4500,0,4500.0,2700.0,1800.0,UPI,Priya Patel
TX04928,2026-05-07,Smart Blender 1200W,Home Appliances,East,New,1,6800,0,6800.0,3944.0,2856.0,UPI,Rahul Sharma
TX04929,2026-02-24,Executive Desk,Furniture,Central,Returning,6,28000,0,168000.0,109200.0,58800.0,Cash,Siddharth Rao
TX04930,2026-03-15,Ergonomic Office Chair,Furniture,West,New,2,14500,0,29000.0,17980.0,11020.0,UPI,Vikas Verma
TX04931,2026-03-06,Robotic Vacuum X,Home Appliances,South,Returning,4,26000,0,104000.0,72800.0,31200.0,UPI,Rahul Sharma
TX04932,2026-06-21,4K Streaming WebCam,Electronics,North,New,4,7800,0,31200.0,19344.0,11856.0,UPI,Vikas Verma
TX04933,2026-04-23,Trail Hiking Boots,Footwear,Central,New,3,8400,10,22680.0,13104.0,9576.0,Card,Ananya Roy
TX04934,2026-02-08,Wireless Earbuds,Electronics,East,Returning,1,4500,10,4050.0,2700.0,1350.0,Card,Ananya Roy
TX04935,2026-05-17,Casual Leather Loafers,Footwear,West,New,3,4200,0,12600.0,6300.0,6300.0,UPI,Neha Singh
TX04936,2026-05-05,Air Purifier Pro,Home Appliances,North,Returning,4,16500,5,62700.0,43560.0,19140.0,UPI,Neha Singh
TX04937,2026-07-17,Smartphone X,Electronics,North,New,4,42000,5,159600.0,120960.0,38640.0,UPI,Siddharth Rao
TX04938,2026-05-18,Windbreaker Hooded,Clothing,West,New,3,3800,5,10830.0,5244.0,5586.0,Net Banking,Ananya Roy
TX04939,2026-05-26,Casual Leather Loafers,Footwear,South,New,3,4200,5,11970.0,6300.0,5670.0,UPI,Priya Patel
TX04940,2026-06-08,Formal Suit Blazer,Clothing,North,New,4,11500,10,41400.0,25300.0,16100.0,Card,Kavita Reddy
TX04941,2026-07-28,Coffee Maker Deluxe,Home Appliances,North,Returning,6,12800,5,72960.0,49152.0,23808.0,Net Banking,Priya Patel
TX04942,2026-05-14,Monitor Arm Dual Mount,Furniture,North,Returning,6,4200,10,22680.0,12600.0,10080.0,UPI,Priya Patel
TX04943,2026-04-08,Portable SSD 2TB,Electronics,West,New,3,12500,8,34500.0,26250.0,8250.0,Card,Ananya Roy
TX04944,2026-04-20,Smart Blender 1200W,Home Appliances,South,New,2,6800,5,12920.0,7888.0,5032.0,Net Banking,Kavita Reddy
TX04945,2026-04-09,Smart Watch Series 7,Electronics,East,Returning,7,18500,5,123025.0,88060.0,34965.0,UPI,Ananya Roy
TX04946,2026-07-18,Tablet Pro 11,Electronics,East,Returning,1,38000,0,38000.0,28500.0,9500.0,UPI,Priya Patel
TX04947,2026-07-17,Smart Watch Series 7,Electronics,Central,New,1,18500,5,17575.0,12580.0,4995.0,UPI,Neha Singh
TX04948,2026-07-17,Monitor 27 Ultra,Electronics,North,Returning,8,24000,0,192000.0,134400.0,57600.0,UPI,Priya Patel
TX04949,2026-07-21,MagSafe Power Bank,Accessories,East,Returning,8,3200,0,25600.0,13312.0,12288.0,Net Banking,Ananya Roy
TX04950,2026-06-01,Robotic Vacuum X,Home Appliances,South,Returning,5,26000,0,130000.0,91000.0,39000.0,UPI,Priya Patel
TX04951,2026-07-21,Windbreaker Hooded,Clothing,South,New,4,3800,8,13984.0,6992.0,6992.0,Card,Kavita Reddy
TX04952,2026-06-22,4K Streaming WebCam,Electronics,West,New,4,7800,12,27456.0,19344.0,8112.0,UPI,Amit Kumar
TX04953,2026-04-19,Wireless Earbuds,Electronics,West,New,4,4500,0,18000.0,10800.0,7200.0,UPI,Siddharth Rao
TX04954,2026-05-23,4K Streaming WebCam,Electronics,South,Returning,3,7800,0,23400.0,14508.0,8892.0,Net Banking,Rahul Sharma
TX04955,2026-07-15,Pro Runner Shoes,Footwear,Central,Returning,3,6500,8,17940.0,9360.0,8580.0,Card,Siddharth Rao
TX04956,2026-06-11,Mesh Task Chair,Furniture,South,New,3,7500,0,22500.0,13500.0,9000.0,Card,Amit Kumar
TX04957,2026-04-02,Running Jacket Pro,Clothing,Central,Returning,6,4800,0,28800.0,12960.0,15840.0,Cash,Kavita Reddy
TX04958,2026-04-15,Pro Runner Shoes,Footwear,South,New,2,6500,0,13000.0,6240.0,6760.0,UPI,Vikas Verma
TX04959,2026-06-29,Windbreaker Hooded,Clothing,North,New,3,3800,8,10488.0,5244.0,5244.0,UPI,Priya Patel
TX04960,2026-07-27,Standing Desk Dual Engine,Furniture,East,Returning,2,34000,12,59840.0,46240.0,13600.0,Card,Vikas Verma
TX04961,2026-07-15,Pro Runner Shoes,Footwear,West,Returning,2,6500,10,11700.0,6240.0,5460.0,UPI,Kavita Reddy
TX04962,2026-06-20,Monitor 27 Ultra,Electronics,East,Returning,6,24000,5,136800.0,100800.0,36000.0,UPI,Priya Patel
TX04963,2026-06-23,MagSafe Power Bank,Accessories,North,New,1,3200,8,2944.0,1664.0,1280.0,UPI,Vikas Verma
TX04964,2026-07-14,Denim Pants Premium,Clothing,East,Returning,4,2900,0,11600.0,4872.0,6728.0,Card,Ananya Roy
TX04965,2026-07-18,Travel Backpack 30L,Accessories,North,Returning,8,3500,0,28000.0,12600.0,15400.0,Card,Ananya Roy
TX04966,2026-03-12,Air Purifier Pro,Home Appliances,West,New,4,16500,10,59400.0,43560.0,15840.0,UPI,Vikas Verma
TX04967,2026-02-02,Standing Desk Dual Engine,Furniture,East,New,1,34000,5,32300.0,23120.0,9180.0,Card,Kavita Reddy
TX04968,2026-04-10,Smartphone X,Electronics,West,New,1,42000,0,42000.0,30240.0,11760.0,Card,Ananya Roy
TX04969,2026-02-09,Coffee Maker Deluxe,Home Appliances,East,Returning,2,12800,5,24320.0,16384.0,7936.0,UPI,Amit Kumar
TX04970,2026-05-11,Electric Kettle Stainless,Home Appliances,East,New,2,2400,8,4416.0,2496.0,1920.0,Card,Amit Kumar
TX04971,2026-04-15,Wireless Earbuds,Electronics,South,Returning,2,4500,5,8550.0,5400.0,3150.0,Cash,Rahul Sharma
TX04972,2026-07-27,Robotic Vacuum X,Home Appliances,North,Returning,1,26000,5,24700.0,18200.0,6500.0,Card,Rahul Sharma
TX04973,2026-05-12,Laptop Sleeve 15,Accessories,West,New,1,1100,0,1100.0,385.0,715.0,Card,Priya Patel
TX04974,2026-05-29,Formal Suit Blazer,Clothing,East,Returning,3,11500,10,31050.0,18975.0,12075.0,Cash,Neha Singh
TX04975,2026-04-03,Smart Watch Series 7,Electronics,North,New,4,18500,0,74000.0,50320.0,23680.0,UPI,Neha Singh
TX04976,2026-06-13,Coffee Maker Deluxe,Home Appliances,Central,Returning,2,12800,5,24320.0,16384.0,7936.0,Card,Priya Patel
TX04977,2026-04-08,Smart Watch Series 7,Electronics,North,Returning,8,18500,8,136160.0,100640.0,35520.0,Card,Amit Kumar
TX04978,2026-03-24,Windbreaker Hooded,Clothing,West,New,4,3800,10,13680.0,6992.0,6688.0,UPI,Priya Patel
TX04979,2026-07-24,Cotton Polo Shirt,Clothing,West,New,3,1600,0,4800.0,1920.0,2880.0,UPI,Neha Singh
TX04980,2026-06-04,Mesh Task Chair,Furniture,North,Returning,8,7500,0,60000.0,36000.0,24000.0,Card,Vikas Verma
TX04981,2026-03-09,Formal Suit Blazer,Clothing,North,Returning,6,11500,20,55200.0,37950.0,17250.0,UPI,Ananya Roy
TX04982,2026-03-30,Laptop Pro 15,Electronics,West,Returning,6,68000,8,375360.0,318240.0,57120.0,Card,Kavita Reddy
TX04983,2026-06-07,Bookshelf Wooden,Furniture,South,Returning,3,8900,5,25365.0,15486.0,9879.0,Card,Ananya Roy
TX04984,2026-05-28,4K Streaming WebCam,Electronics,North,Returning,2,7800,5,14820.0,9672.0,5148.0,Card,Priya Patel
TX04985,2026-03-05,4K Streaming WebCam,Electronics,North,New,1,7800,8,7176.0,4836.0,2340.0,Card,Neha Singh
TX04986,2026-07-18,Standing Desk Dual Engine,Furniture,North,New,3,34000,0,102000.0,69360.0,32640.0,Net Banking,Rahul Sharma
TX04987,2026-03-18,Mesh Task Chair,Furniture,South,Returning,5,7500,8,34500.0,22500.0,12000.0,Cash,Amit Kumar
TX04988,2026-03-27,Noise Cancelling Headphones,Electronics,West,New,2,14500,10,26100.0,18850.0,7250.0,Net Banking,Kavita Reddy
TX04989,2026-04-05,MagSafe Power Bank,Accessories,West,Returning,8,3200,0,25600.0,13312.0,12288.0,Card,Vikas Verma
TX04990,2026-03-26,Mechanical RGB Keyboard,Electronics,North,New,3,6200,5,17670.0,10788.0,6882.0,UPI,Neha Singh
TX04991,2026-06-03,Portable SSD 2TB,Electronics,North,Returning,2,12500,5,23750.0,17500.0,6250.0,Net Banking,Amit Kumar
TX04992,2026-03-08,Robotic Vacuum X,Home Appliances,East,Returning,4,26000,5,98800.0,72800.0,26000.0,UPI,Neha Singh
TX04993,2026-02-20,Casual Leather Loafers,Footwear,West,New,2,4200,5,7980.0,4200.0,3780.0,UPI,Vikas Verma
TX04994,2026-07-17,Casual Leather Loafers,Footwear,Central,Returning,2,4200,0,8400.0,4200.0,4200.0,Card,Kavita Reddy
TX04995,2026-02-16,Mesh Task Chair,Furniture,East,New,3,7500,10,20250.0,13500.0,6750.0,UPI,Rahul Sharma
TX04996,2026-05-24,Leather Slim Wallet,Accessories,Central,New,3,1400,12,3696.0,1596.0,2100.0,Net Banking,Ananya Roy
TX04997,2026-07-17,Laptop Sleeve 15,Accessories,East,Returning,5,1100,5,5225.0,1925.0,3300.0,UPI,Priya Patel
TX04998,2026-06-11,Smartphone X,Electronics,West,Returning,4,42000,5,159600.0,120960.0,38640.0,UPI,Amit Kumar
TX04999,2026-06-17,Running Jacket Pro,Clothing,East,Returning,3,4800,15,12240.0,6480.0,5760.0,Card,Ananya Roy
TX05000,2026-03-29,Trail Hiking Boots,Footwear,North,New,3,8400,0,25200.0,13104.0,12096.0,Cash,Neha Singh
TX05001,2026-03-28,Monitor 27 Ultra,Electronics,South,New,4,24000,5,91200.0,67200.0,24000.0,Cash,Rahul Sharma
TX05002,2026-07-16,Electric Kettle Stainless,Home Appliances,North,Returning,2,2400,0,4800.0,2496.0,2304.0,Card,Priya Patel
TX05003,2026-05-22,Smart Watch Series 7,Electronics,Central,Returning,6,18500,0,111000.0,75480.0,35520.0,UPI,Neha Singh
TX05004,2026-06-06,Standing Desk Dual Engine,Furniture,West,Returning,5,34000,8,156400.0,115600.0,40800.0,UPI,Kavita Reddy
TX05005,2026-07-10,Wireless Earbuds,Electronics,Central,New,2,4500,5,8550.0,5400.0,3150.0,Card,Neha Singh
TX05006,2026-02-08,Smart Blender 1200W,Home Appliances,North,Returning,3,6800,12,17952.0,11832.0,6120.0,Cash,Vikas Verma
TX05007,2026-05-06,MagSafe Power Bank,Accessories,North,Returning,2,3200,5,6080.0,3328.0,2752.0,Cash,Kavita Reddy
TX05008,2026-07-28,Cotton Polo Shirt,Clothing,North,Returning,5,1600,12,7040.0,3200.0,3840.0,UPI,Ananya Roy
TX05009,2026-04-24,Tablet Pro 11,Electronics,West,Returning,3,38000,5,108300.0,85500.0,22800.0,Card,Ananya Roy
TX05010,2026-03-29,Robotic Vacuum X,Home Appliances,West,Returning,2,26000,0,52000.0,36400.0,15600.0,Cash,Amit Kumar
TX05011,2026-02-09,Coffee Maker Deluxe,Home Appliances,East,Returning,1,12800,10,11520.0,8192.0,3328.0,UPI,Ananya Roy
TX05012,2026-02-03,Mechanical RGB Keyboard,Electronics,East,Returning,7,6200,5,41230.0,25172.0,16058.0,Cash,Vikas Verma
TX05013,2026-04-13,Windbreaker Hooded,Clothing,South,Returning,8,3800,20,24320.0,13984.0,10336.0,Card,Priya Patel
TX05014,2026-05-26,Mesh Task Chair,Furniture,South,New,3,7500,0,22500.0,13500.0,9000.0,Net Banking,Ananya Roy
TX05015,2026-02-22,Air Purifier Pro,Home Appliances,Central,Returning,7,16500,5,109725.0,76230.0,33495.0,Net Banking,Rahul Sharma
TX05016,2026-06-25,Ergonomic Office Chair,Furniture,North,Returning,8,14500,10,104400.0,71920.0,32480.0,Card,Neha Singh
TX05017,2026-02-10,Smartphone X,Electronics,North,Returning,2,42000,0,84000.0,60480.0,23520.0,UPI,Rahul Sharma
TX05018,2026-05-11,Travel Backpack 30L,Accessories,North,New,3,3500,10,9450.0,4725.0,4725.0,UPI,Siddharth Rao
TX05019,2026-05-03,Cotton Polo Shirt,Clothing,East,New,1,1600,0,1600.0,640.0,960.0,Cash,Rahul Sharma
TX05020,2026-02-06,Denim Pants Premium,Clothing,West,New,3,2900,0,8700.0,3654.0,5046.0,Card,Neha Singh
TX05021,2026-04-17,Casual Leather Loafers,Footwear,South,New,1,4200,0,4200.0,2100.0,2100.0,Cash,Amit Kumar
TX05022,2026-04-14,Electric Kettle Stainless,Home Appliances,South,New,4,2400,0,9600.0,4992.0,4608.0,Net Banking,Rahul Sharma
TX05023,2026-07-29,Travel Backpack 30L,Accessories,East,Returning,2,3500,20,5600.0,3150.0,2450.0,UPI,Priya Patel
TX05024,2026-05-10,Coffee Maker Deluxe,Home Appliances,North,Returning,1,12800,5,12160.0,8192.0,3968.0,UPI,Ananya Roy
TX05025,2026-07-05,Smartphone X,Electronics,South,New,1,42000,5,39900.0,30240.0,9660.0,Cash,Priya Patel
TX05026,2026-06-08,Mesh Task Chair,Furniture,North,Returning,5,7500,5,35625.0,22500.0,13125.0,Cash,Siddharth Rao
TX05027,2026-03-21,Mechanical RGB Keyboard,Electronics,East,Returning,4,6200,10,22320.0,14384.0,7936.0,UPI,Neha Singh
TX05028,2026-03-04,Trail Hiking Boots,Footwear,South,New,3,8400,0,25200.0,13104.0,12096.0,UPI,Siddharth Rao
TX05029,2026-06-11,Mesh Task Chair,Furniture,Central,New,4,7500,0,30000.0,18000.0,12000.0,Card,Amit Kumar
TX05030,2026-04-06,Cotton Polo Shirt,Clothing,North,Returning,4,1600,0,6400.0,2560.0,3840.0,Cash,Priya Patel
TX05031,2026-02-23,Monitor Arm Dual Mount,Furniture,West,Returning,5,4200,12,18480.0,10500.0,7980.0,Card,Vikas Verma
TX05032,2026-06-07,Portable SSD 2TB,Electronics,West,Returning,6,12500,15,63750.0,52500.0,11250.0,UPI,Vikas Verma
TX05033,2026-04-18,MagSafe Power Bank,Accessories,Central,Returning,5,3200,0,16000.0,8320.0,7680.0,UPI,Vikas Verma
TX05034,2026-05-10,Formal Suit Blazer,Clothing,West,Returning,5,11500,12,50600.0,31625.0,18975.0,UPI,Amit Kumar
TX05035,2026-07-15,Denim Pants Premium,Clothing,East,Returning,8,2900,5,22040.0,9744.0,12296.0,Card,Kavita Reddy
TX05036,2026-04-04,Travel Backpack 30L,Accessories,South,Returning,8,3500,5,26600.0,12600.0,14000.0,UPI,Kavita Reddy
TX05037,2026-03-25,Casual Leather Loafers,Footwear,East,New,3,4200,10,11340.0,6300.0,5040.0,UPI,Priya Patel
TX05038,2026-06-18,Trail Hiking Boots,Footwear,North,New,4,8400,0,33600.0,17472.0,16128.0,UPI,Kavita Reddy
TX05039,2026-05-22,Pro Runner Shoes,Footwear,West,New,1,6500,8,5980.0,3120.0,2860.0,UPI,Priya Patel
TX05040,2026-07-04,Executive Desk,Furniture,Central,New,3,28000,0,84000.0,54600.0,29400.0,Card,Neha Singh
TX05041,2026-03-01,Casual Leather Loafers,Footwear,South,Returning,1,4200,5,3990.0,2100.0,1890.0,UPI,Kavita Reddy
TX05042,2026-04-23,Gaming Mouse 8K,Electronics,North,New,4,3200,8,11776.0,7040.0,4736.0,UPI,Siddharth Rao
TX05043,2026-06-05,Monitor 27 Ultra,Electronics,West,Returning,8,24000,5,182400.0,134400.0,48000.0,Card,Priya Patel
TX05044,2026-04-11,Monitor 27 Ultra,Electronics,South,Returning,8,24000,12,168960.0,134400.0,34560.0,UPI,Ananya Roy
TX05045,2026-02-05,Smart Watch Series 7,Electronics,South,Returning,5,18500,8,85100.0,62900.0,22200.0,UPI,Ananya Roy
TX05046,2026-05-29,Windbreaker Hooded,Clothing,North,New,2,3800,5,7220.0,3496.0,3724.0,Net Banking,Vikas Verma
TX05047,2026-06-21,Running Jacket Pro,Clothing,South,Returning,8,4800,5,36480.0,17280.0,19200.0,Cash,Siddharth Rao
TX05048,2026-03-26,Monitor Arm Dual Mount,Furniture,West,Returning,3,4200,0,12600.0,6300.0,6300.0,Net Banking,Ananya Roy
TX05049,2026-02-07,Formal Suit Blazer,Clothing,Central,Returning,8,11500,0,92000.0,50600.0,41400.0,Net Banking,Kavita Reddy
TX05050,2026-03-06,MagSafe Power Bank,Accessories,East,Returning,3,3200,5,9120.0,4992.0,4128.0,Card,Kavita Reddy
TX05051,2026-02-16,Running Jacket Pro,Clothing,West,Returning,7,4800,10,30240.0,15120.0,15120.0,UPI,Siddharth Rao
TX05052,2026-05-20,Smartphone X,Electronics,West,New,4,42000,24,127680.0,120960.0,6720.0,Card,Vikas Verma
TX05053,2026-04-09,Ergonomic Office Chair,Furniture,East,Returning,5,14500,0,72500.0,44950.0,27550.0,UPI,Rahul Sharma
TX05054,2026-06-04,Electric Kettle Stainless,Home Appliances,West,Returning,4,2400,5,9120.0,4992.0,4128.0,Cash,Kavita Reddy
TX05055,2026-07-25,MagSafe Power Bank,Accessories,South,New,1,3200,5,3040.0,1664.0,1376.0,UPI,Priya Patel
TX05056,2026-07-01,Gaming Mouse 8K,Electronics,South,Returning,7,3200,5,21280.0,12320.0,8960.0,UPI,Kavita Reddy
TX05057,2026-03-17,Formal Suit Blazer,Clothing,East,New,1,11500,5,10925.0,6325.0,4600.0,UPI,Siddharth Rao
TX05058,2026-07-07,Travel Backpack 30L,Accessories,East,Returning,3,3500,0,10500.0,4725.0,5775.0,Card,Rahul Sharma
TX05059,2026-02-06,MagSafe Power Bank,Accessories,North,New,3,3200,10,8640.0,4992.0,3648.0,Card,Amit Kumar
TX05060,2026-03-26,Travel Backpack 30L,Accessories,South,New,4,3500,5,13300.0,6300.0,7000.0,Card,Vikas Verma
TX05061,2026-07-10,Denim Pants Premium,Clothing,North,New,4,2900,8,10672.0,4872.0,5800.0,Card,Priya Patel
TX05062,2026-03-03,Ergonomic Office Chair,Furniture,East,New,3,14500,0,43500.0,26970.0,16530.0,UPI,Priya Patel
TX05063,2026-06-19,4K Streaming WebCam,Electronics,East,Returning,2,7800,0,15600.0,9672.0,5928.0,Net Banking,Ananya Roy
TX05064,2026-02-25,Smart Watch Series 7,Electronics,West,New,2,18500,10,33300.0,25160.0,8140.0,Card,Rahul Sharma
TX05065,2026-05-06,Robotic Vacuum X,Home Appliances,Central,Returning,5,26000,0,130000.0,91000.0,39000.0,Card,Vikas Verma
TX05066,2026-03-21,Standing Desk Dual Engine,Furniture,West,New,3,34000,12,89760.0,69360.0,20400.0,Card,Vikas Verma
TX05067,2026-05-10,Monitor Arm Dual Mount,Furniture,East,Returning,5,4200,8,19320.0,10500.0,8820.0,Card,Ananya Roy
TX05068,2026-02-14,Monitor Arm Dual Mount,Furniture,North,Returning,3,4200,12,11088.0,6300.0,4788.0,Card,Amit Kumar
TX05069,2026-07-26,Smart Watch Series 7,Electronics,Central,Returning,2,18500,5,35150.0,25160.0,9990.0,UPI,Ananya Roy
TX05070,2026-05-02,Executive Desk,Furniture,North,Returning,3,28000,0,84000.0,54600.0,29400.0,Cash,Vikas Verma
TX05071,2026-07-23,Laptop Sleeve 15,Accessories,North,Returning,7,1100,15,6545.0,2695.0,3850.0,Card,Kavita Reddy
TX05072,2026-07-01,Monitor Arm Dual Mount,Furniture,West,Returning,5,4200,10,18900.0,10500.0,8400.0,UPI,Amit Kumar
TX05073,2026-06-15,Pro Runner Shoes,Footwear,South,Returning,8,6500,0,52000.0,24960.0,27040.0,Card,Siddharth Rao
TX05074,2026-07-08,Smart Watch Series 7,Electronics,North,New,4,18500,8,68080.0,50320.0,17760.0,Cash,Amit Kumar
TX05075,2026-07-03,Robotic Vacuum X,Home Appliances,West,Returning,7,26000,0,182000.0,127400.0,54600.0,Cash,Vikas Verma
TX05076,2026-02-26,Windbreaker Hooded,Clothing,East,New,1,3800,0,3800.0,1748.0,2052.0,UPI,Vikas Verma
TX05077,2026-02-20,Laptop Pro 15,Electronics,South,New,1,68000,0,68000.0,53040.0,14960.0,Card,Vikas Verma
TX05078,2026-04-05,Monitor Arm Dual Mount,Furniture,South,Returning,3,4200,5,11970.0,6300.0,5670.0,UPI,Priya Patel
TX05079,2026-04-16,Electric Kettle Stainless,Home Appliances,North,New,1,2400,0,2400.0,1248.0,1152.0,UPI,Neha Singh
TX05080,2026-02-17,Smart Watch Series 7,Electronics,North,New,3,18500,5,52725.0,37740.0,14985.0,UPI,Kavita Reddy
TX05081,2026-03-30,Smart Watch Series 7,Electronics,West,Returning,1,18500,8,17020.0,12580.0,4440.0,Card,Kavita Reddy
TX05082,2026-04-12,Executive Desk,Furniture,North,Returning,6,28000,5,159600.0,109200.0,50400.0,UPI,Kavita Reddy
TX05083,2026-04-01,Laptop Pro 15,Electronics,North,New,4,68000,0,272000.0,212160.0,59840.0,UPI,Kavita Reddy
TX05084,2026-07-13,Monitor 27 Ultra,Electronics,North,Returning,1,24000,0,24000.0,16800.0,7200.0,Cash,Vikas Verma
TX05085,2026-06-25,Portable SSD 2TB,Electronics,South,New,2,12500,12,22000.0,17500.0,4500.0,UPI,Vikas Verma
TX05086,2026-02-04,Laptop Pro 15,Electronics,South,New,4,68000,0,272000.0,212160.0,59840.0,Cash,Siddharth Rao
TX05087,2026-05-15,Tablet Pro 11,Electronics,North,Returning,2,38000,15,64600.0,57000.0,7600.0,UPI,Ananya Roy
TX05088,2026-06-19,Monitor 27 Ultra,Electronics,West,Returning,2,24000,0,48000.0,33600.0,14400.0,Card,Rahul Sharma
TX05089,2026-02-09,Cotton Polo Shirt,Clothing,South,New,3,1600,8,4416.0,1920.0,2496.0,Net Banking,Priya Patel
TX05090,2026-06-27,Windbreaker Hooded,Clothing,East,Returning,7,3800,0,26600.0,12236.0,14364.0,Net Banking,Kavita Reddy
TX05091,2026-05-15,Executive Desk,Furniture,West,Returning,5,28000,10,126000.0,91000.0,35000.0,Net Banking,Kavita Reddy
TX05092,2026-06-05,Pro Runner Shoes,Footwear,South,Returning,5,6500,12,28600.0,15600.0,13000.0,Cash,Ananya Roy
TX05093,2026-05-08,4K Streaming WebCam,Electronics,South,New,3,7800,0,23400.0,14508.0,8892.0,UPI,Vikas Verma
TX05094,2026-02-15,Robotic Vacuum X,Home Appliances,East,New,4,26000,10,93600.0,72800.0,20800.0,Card,Kavita Reddy
TX05095,2026-04-28,Mesh Task Chair,Furniture,West,Returning,3,7500,5,21375.0,13500.0,7875.0,Card,Priya Patel
TX05096,2026-04-18,Mechanical RGB Keyboard,Electronics,South,New,1,6200,12,5456.0,3596.0,1860.0,Card,Ananya Roy
TX05097,2026-05-02,Leather Slim Wallet,Accessories,North,New,4,1400,8,5152.0,2128.0,3024.0,UPI,Ananya Roy
TX05098,2026-02-12,Mesh Task Chair,Furniture,South,New,3,7500,12,19800.0,13500.0,6300.0,UPI,Amit Kumar
TX05099,2026-07-10,Mesh Task Chair,Furniture,West,Returning,8,7500,10,54000.0,36000.0,18000.0,UPI,Rahul Sharma
TX05100,2026-07-30,Coffee Maker Deluxe,Home Appliances,West,New,1,12800,0,12800.0,8192.0,4608.0,Card,Siddharth Rao
TX05101,2026-03-18,Smart Blender 1200W,Home Appliances,East,Returning,8,6800,0,54400.0,31552.0,22848.0,UPI,Priya Patel
TX05102,2026-05-17,Laptop Sleeve 15,Accessories,North,New,1,1100,5,1045.0,385.0,660.0,UPI,Priya Patel
TX05103,2026-05-24,Laptop Pro 15,Electronics,North,Returning,5,68000,0,340000.0,265200.0,74800.0,UPI,Kavita Reddy
TX05104,2026-03-12,Bookshelf Wooden,Furniture,East,Returning,8,8900,5,67640.0,41296.0,26344.0,Card,Rahul Sharma
TX05105,2026-04-22,Mesh Task Chair,Furniture,North,Returning,2,7500,0,15000.0,9000.0,6000.0,UPI,Kavita Reddy
TX05106,2026-05-22,Laptop Pro 15,Electronics,North,Returning,8,68000,0,544000.0,424320.0,119680.0,Net Banking,Rahul Sharma
TX05107,2026-02-02,Casual Leather Loafers,Footwear,Central,Returning,3,4200,5,11970.0,6300.0,5670.0,Net Banking,Ananya Roy
TX05108,2026-05-28,Pro Runner Shoes,Footwear,North,Returning,8,6500,5,49400.0,24960.0,24440.0,UPI,Siddharth Rao
TX05109,2026-06-05,Noise Cancelling Headphones,Electronics,West,Returning,3,14500,10,39150.0,28275.0,10875.0,UPI,Neha Singh
TX05110,2026-04-18,Gaming Mouse 8K,Electronics,South,New,2,3200,0,6400.0,3520.0,2880.0,UPI,Amit Kumar
TX05111,2026-05-05,Leather Slim Wallet,Accessories,East,New,4,1400,12,4928.0,2128.0,2800.0,UPI,Rahul Sharma
TX05112,2026-06-15,Mechanical RGB Keyboard,Electronics,North,Returning,6,6200,5,35340.0,21576.0,13764.0,Cash,Vikas Verma
TX05113,2026-07-27,Trail Hiking Boots,Footwear,East,Returning,1,8400,0,8400.0,4368.0,4032.0,Card,Amit Kumar
TX05114,2026-04-29,Electric Kettle Stainless,Home Appliances,West,New,2,2400,5,4560.0,2496.0,2064.0,Card,Rahul Sharma
TX05115,2026-03-11,Coffee Maker Deluxe,Home Appliances,East,Returning,2,12800,10,23040.0,16384.0,6656.0,Cash,Amit Kumar
TX05116,2026-02-13,Electric Kettle Stainless,Home Appliances,West,Returning,4,2400,12,8448.0,4992.0,3456.0,Net Banking,Ananya Roy
TX05117,2026-07-10,Mechanical RGB Keyboard,Electronics,South,New,4,6200,10,22320.0,14384.0,7936.0,UPI,Siddharth Rao
TX05118,2026-03-11,Electric Kettle Stainless,Home Appliances,West,Returning,7,2400,12,14784.0,8736.0,6048.0,Card,Siddharth Rao
TX05119,2026-02-14,Noise Cancelling Headphones,Electronics,West,New,4,14500,5,55100.0,37700.0,17400.0,UPI,Amit Kumar
TX05120,2026-02-16,4K Streaming WebCam,Electronics,North,Returning,6,7800,0,46800.0,29016.0,17784.0,Card,Rahul Sharma
TX05121,2026-05-11,Running Jacket Pro,Clothing,North,Returning,8,4800,10,34560.0,17280.0,17280.0,Cash,Kavita Reddy
TX05122,2026-02-25,Executive Desk,Furniture,East,New,1,28000,10,25200.0,18200.0,7000.0,Net Banking,Rahul Sharma
TX05123,2026-05-23,Robotic Vacuum X,Home Appliances,South,New,3,26000,20,62400.0,54600.0,7800.0,Net Banking,Neha Singh
TX05124,2026-06-25,Bookshelf Wooden,Furniture,Central,Returning,5,8900,5,42275.0,25810.0,16465.0,UPI,Ananya Roy
TX05125,2026-07-17,Smart Blender 1200W,Home Appliances,North,Returning,8,6800,12,47872.0,31552.0,16320.0,UPI,Neha Singh
TX05126,2026-06-01,Air Purifier Pro,Home Appliances,East,New,3,16500,5,47025.0,32670.0,14355.0,Card,Rahul Sharma
TX05127,2026-07-13,Windbreaker Hooded,Clothing,West,Returning,1,3800,0,3800.0,1748.0,2052.0,UPI,Kavita Reddy
TX05128,2026-07-18,MagSafe Power Bank,Accessories,East,New,4,3200,5,12160.0,6656.0,5504.0,UPI,Neha Singh
TX05129,2026-02-02,Tablet Pro 11,Electronics,South,Returning,1,38000,12,33440.0,28500.0,4940.0,UPI,Ananya Roy
TX05130,2026-06-06,Formal Suit Blazer,Clothing,South,New,1,11500,5,10925.0,6325.0,4600.0,UPI,Vikas Verma
TX05131,2026-02-07,Robotic Vacuum X,Home Appliances,North,New,3,26000,10,70200.0,54600.0,15600.0,UPI,Ananya Roy
TX05132,2026-04-22,Bookshelf Wooden,Furniture,North,New,2,8900,15,15130.0,10324.0,4806.0,UPI,Ananya Roy
TX05133,2026-05-06,Tablet Pro 11,Electronics,North,New,3,38000,5,108300.0,85500.0,22800.0,UPI,Kavita Reddy
TX05134,2026-06-22,Laptop Sleeve 15,Accessories,East,Returning,6,1100,0,6600.0,2310.0,4290.0,UPI,Neha Singh
TX05135,2026-07-10,Gaming Mouse 8K,Electronics,West,Returning,2,3200,5,6080.0,3520.0,2560.0,UPI,Priya Patel
TX05136,2026-04-16,Mechanical RGB Keyboard,Electronics,North,Returning,1,6200,5,5890.0,3596.0,2294.0,Card,Rahul Sharma
TX05137,2026-04-12,Air Purifier Pro,Home Appliances,North,Returning,4,16500,0,66000.0,43560.0,22440.0,Card,Kavita Reddy
TX05138,2026-05-16,4K Streaming WebCam,Electronics,West,New,3,7800,25,17550.0,14508.0,3042.0,UPI,Kavita Reddy
TX05139,2026-07-07,Executive Desk,Furniture,North,Returning,6,28000,0,168000.0,109200.0,58800.0,UPI,Rahul Sharma
TX05140,2026-05-08,Tablet Pro 11,Electronics,South,New,1,38000,5,36100.0,28500.0,7600.0,UPI,Priya Patel
TX05141,2026-03-25,Travel Backpack 30L,Accessories,North,Returning,2,3500,0,7000.0,3150.0,3850.0,UPI,Priya Patel
TX05142,2026-06-26,Bookshelf Wooden,Furniture,Central,New,3,8900,10,24030.0,15486.0,8544.0,UPI,Neha Singh
TX05143,2026-05-21,Coffee Maker Deluxe,Home Appliances,West,New,3,12800,12,33792.0,24576.0,9216.0,Net Banking,Vikas Verma
TX05144,2026-05-07,Smart Blender 1200W,Home Appliances,East,New,1,6800,10,6120.0,3944.0,2176.0,Card,Priya Patel
TX05145,2026-04-17,Robotic Vacuum X,Home Appliances,West,Returning,2,26000,5,49400.0,36400.0,13000.0,Card,Kavita Reddy
TX05146,2026-05-17,Bookshelf Wooden,Furniture,North,Returning,1,8900,0,8900.0,5162.0,3738.0,UPI,Amit Kumar
TX05147,2026-03-26,Monitor Arm Dual Mount,Furniture,West,Returning,4,4200,0,16800.0,8400.0,8400.0,Card,Rahul Sharma
TX05148,2026-03-10,Windbreaker Hooded,Clothing,North,Returning,3,3800,5,10830.0,5244.0,5586.0,UPI,Rahul Sharma
TX05149,2026-04-21,Monitor Arm Dual Mount,Furniture,West,Returning,7,4200,12,25872.0,14700.0,11172.0,UPI,Vikas Verma
TX05150,2026-05-31,Monitor 27 Ultra,Electronics,West,Returning,7,24000,18,137760.0,117600.0,20160.0,Card,Kavita Reddy
TX05151,2026-04-22,Travel Backpack 30L,Accessories,West,Returning,7,3500,0,24500.0,11025.0,13475.0,Card,Ananya Roy
TX05152,2026-03-25,Leather Slim Wallet,Accessories,North,New,2,1400,0,2800.0,1064.0,1736.0,Cash,Rahul Sharma
TX05153,2026-06-25,Trail Hiking Boots,Footwear,North,Returning,3,8400,0,25200.0,13104.0,12096.0,Card,Kavita Reddy
TX05154,2026-05-04,Mechanical RGB Keyboard,Electronics,East,Returning,3,6200,0,18600.0,10788.0,7812.0,Card,Siddharth Rao
TX05155,2026-03-21,Electric Kettle Stainless,Home Appliances,South,Returning,3,2400,5,6840.0,3744.0,3096.0,Card,Siddharth Rao
TX05156,2026-06-20,Robotic Vacuum X,Home Appliances,North,New,4,26000,10,93600.0,72800.0,20800.0,Card,Priya Patel
TX05157,2026-03-13,Leather Slim Wallet,Accessories,East,New,2,1400,5,2660.0,1064.0,1596.0,Card,Vikas Verma
TX05158,2026-05-08,Windbreaker Hooded,Clothing,East,New,1,3800,8,3496.0,1748.0,1748.0,Card,Amit Kumar
TX05159,2026-07-12,Denim Pants Premium,Clothing,North,Returning,8,2900,20,18560.0,9744.0,8816.0,UPI,Neha Singh
TX05160,2026-03-04,Monitor 27 Ultra,Electronics,East,Returning,5,24000,5,114000.0,84000.0,30000.0,UPI,Ananya Roy
TX05161,2026-04-08,Mesh Task Chair,Furniture,Central,Returning,1,7500,12,6600.0,4500.0,2100.0,Card,Vikas Verma
TX05162,2026-06-17,Monitor Arm Dual Mount,Furniture,North,New,3,4200,5,11970.0,6300.0,5670.0,Net Banking,Kavita Reddy
TX05163,2026-07-13,Noise Cancelling Headphones,Electronics,South,New,2,14500,0,29000.0,18850.0,10150.0,Net Banking,Rahul Sharma
TX05164,2026-05-20,Pro Runner Shoes,Footwear,West,New,1,6500,0,6500.0,3120.0,3380.0,Card,Kavita Reddy
TX05165,2026-07-13,Cotton Polo Shirt,Clothing,North,New,4,1600,8,5888.0,2560.0,3328.0,UPI,Neha Singh
TX05166,2026-05-25,MagSafe Power Bank,Accessories,North,Returning,6,3200,8,17664.0,9984.0,7680.0,Cash,Kavita Reddy
TX05167,2026-02-28,Noise Cancelling Headphones,Electronics,South,Returning,8,14500,0,116000.0,75400.0,40600.0,Net Banking,Priya Patel
TX05168,2026-04-27,Windbreaker Hooded,Clothing,East,Returning,2,3800,0,7600.0,3496.0,4104.0,Card,Neha Singh
TX05169,2026-02-20,Denim Pants Premium,Clothing,West,Returning,2,2900,10,5220.0,2436.0,2784.0,Card,Siddharth Rao
TX05170,2026-03-08,Running Jacket Pro,Clothing,East,Returning,5,4800,0,24000.0,10800.0,13200.0,Cash,Kavita Reddy
TX05171,2026-06-20,Portable SSD 2TB,Electronics,South,Returning,1,12500,5,11875.0,8750.0,3125.0,Cash,Kavita Reddy
TX05172,2026-05-16,Pro Runner Shoes,Footwear,North,Returning,1,6500,12,5720.0,3120.0,2600.0,UPI,Vikas Verma
TX05173,2026-05-14,Mesh Task Chair,Furniture,Central,Returning,6,7500,5,42750.0,27000.0,15750.0,UPI,Siddharth Rao
TX05174,2026-03-08,Gaming Mouse 8K,Electronics,East,Returning,6,3200,10,17280.0,10560.0,6720.0,UPI,Amit Kumar
TX05175,2026-04-22,Formal Suit Blazer,Clothing,West,New,3,11500,0,34500.0,18975.0,15525.0,Card,Siddharth Rao
TX05176,2026-05-28,Ergonomic Office Chair,Furniture,East,Returning,1,14500,20,11600.0,8990.0,2610.0,UPI,Siddharth Rao
TX05177,2026-06-01,Running Jacket Pro,Clothing,North,Returning,2,4800,0,9600.0,4320.0,5280.0,Card,Priya Patel
TX05178,2026-03-31,MagSafe Power Bank,Accessories,North,Returning,4,3200,5,12160.0,6656.0,5504.0,Card,Neha Singh
TX05179,2026-04-02,Noise Cancelling Headphones,Electronics,West,Returning,7,14500,0,101500.0,65975.0,35525.0,UPI,Vikas Verma
TX05180,2026-05-20,Laptop Sleeve 15,Accessories,West,New,4,1100,12,3872.0,1540.0,2332.0,Net Banking,Rahul Sharma
TX05181,2026-03-31,Air Purifier Pro,Home Appliances,South,Returning,1,16500,5,15675.0,10890.0,4785.0,UPI,Kavita Reddy
TX05182,2026-07-17,Smart Watch Series 7,Electronics,West,Returning,3,18500,5,52725.0,37740.0,14985.0,Card,Ananya Roy
TX05183,2026-02-02,Electric Kettle Stainless,Home Appliances,North,Returning,3,2400,10,6480.0,3744.0,2736.0,UPI,Vikas Verma
TX05184,2026-05-11,Monitor 27 Ultra,Electronics,East,Returning,5,24000,8,110400.0,84000.0,26400.0,UPI,Priya Patel
TX05185,2026-02-02,Tablet Pro 11,Electronics,East,Returning,6,38000,10,205200.0,171000.0,34200.0,Card,Ananya Roy
TX05186,2026-04-21,Formal Suit Blazer,Clothing,Central,Returning,4,11500,0,46000.0,25300.0,20700.0,UPI,Vikas Verma
TX05187,2026-05-14,Noise Cancelling Headphones,Electronics,West,Returning,5,14500,31,50025.0,47125.0,2900.0,Card,Amit Kumar
TX05188,2026-02-02,Windbreaker Hooded,Clothing,North,Returning,6,3800,8,20976.0,10488.0,10488.0,Card,Kavita Reddy
TX05189,2026-07-26,Executive Desk,Furniture,North,Returning,4,28000,0,112000.0,72800.0,39200.0,UPI,Siddharth Rao
TX05190,2026-05-07,Electric Kettle Stainless,Home Appliances,East,New,4,2400,0,9600.0,4992.0,4608.0,Card,Siddharth Rao
TX05191,2026-02-17,Gaming Mouse 8K,Electronics,West,New,3,3200,0,9600.0,5280.0,4320.0,UPI,Rahul Sharma
TX05192,2026-02-06,Smart Blender 1200W,Home Appliances,South,New,4,6800,20,21760.0,15776.0,5984.0,Net Banking,Vikas Verma
TX05193,2026-04-04,Cotton Polo Shirt,Clothing,West,Returning,7,1600,0,11200.0,4480.0,6720.0,Net Banking,Ananya Roy
TX05194,2026-02-16,Windbreaker Hooded,Clothing,Central,New,4,3800,8,13984.0,6992.0,6992.0,UPI,Priya Patel
TX05195,2026-05-17,Laptop Pro 15,Electronics,North,New,3,68000,0,204000.0,159120.0,44880.0,Cash,Kavita Reddy
TX05196,2026-04-29,Coffee Maker Deluxe,Home Appliances,East,Returning,8,12800,12,90112.0,65536.0,24576.0,Card,Amit Kumar
TX05197,2026-02-16,Mesh Task Chair,Furniture,West,Returning,6,7500,0,45000.0,27000.0,18000.0,Card,Amit Kumar
TX05198,2026-03-31,Tablet Pro 11,Electronics,West,New,3,38000,8,104880.0,85500.0,19380.0,UPI,Neha Singh
TX05199,2026-07-11,Noise Cancelling Headphones,Electronics,East,Returning,5,14500,0,72500.0,47125.0,25375.0,Card,Neha Singh
TX05200,2026-03-31,4K Streaming WebCam,Electronics,East,New,4,7800,5,29640.0,19344.0,10296.0,Net Banking,Kavita Reddy
TX05201,2026-07-28,Denim Pants Premium,Clothing,West,New,4,2900,12,10208.0,4872.0,5336.0,UPI,Siddharth Rao
TX05202,2026-04-12,Travel Backpack 30L,Accessories,North,Returning,4,3500,8,12880.0,6300.0,6580.0,UPI,Rahul Sharma
TX05203,2026-05-16,Casual Leather Loafers,Footwear,East,Returning,2,4200,0,8400.0,4200.0,4200.0,Card,Kavita Reddy
TX05204,2026-06-24,Denim Pants Premium,Clothing,South,New,2,2900,5,5510.0,2436.0,3074.0,UPI,Siddharth Rao
TX05205,2026-07-13,Mesh Task Chair,Furniture,North,New,2,7500,5,14250.0,9000.0,5250.0,Card,Kavita Reddy
TX05206,2026-02-13,Ergonomic Office Chair,Furniture,South,Returning,1,14500,0,14500.0,8990.0,5510.0,UPI,Priya Patel
TX05207,2026-05-04,MagSafe Power Bank,Accessories,West,New,3,3200,12,8448.0,4992.0,3456.0,UPI,Priya Patel
TX05208,2026-07-17,4K Streaming WebCam,Electronics,Central,New,2,7800,12,13728.0,9672.0,4056.0,UPI,Kavita Reddy
TX05209,2026-07-28,Smartphone X,Electronics,East,New,2,42000,0,84000.0,60480.0,23520.0,Card,Ananya Roy
TX05210,2026-07-07,Denim Pants Premium,Clothing,North,Returning,5,2900,10,13050.0,6090.0,6960.0,Card,Kavita Reddy
TX05211,2026-03-26,Gaming Mouse 8K,Electronics,North,New,1,3200,10,2880.0,1760.0,1120.0,UPI,Vikas Verma
TX05212,2026-07-14,4K Streaming WebCam,Electronics,North,Returning,2,7800,0,15600.0,9672.0,5928.0,UPI,Kavita Reddy
TX05213,2026-06-22,Laptop Sleeve 15,Accessories,East,Returning,8,1100,0,8800.0,3080.0,5720.0,UPI,Rahul Sharma
TX05214,2026-05-25,Smartphone X,Electronics,East,Returning,1,42000,8,38640.0,30240.0,8400.0,Net Banking,Siddharth Rao
TX05215,2026-07-22,Standing Desk Dual Engine,Furniture,North,New,3,34000,8,93840.0,69360.0,24480.0,Cash,Neha Singh
TX05216,2026-03-06,Pro Runner Shoes,Footwear,South,New,4,6500,8,23920.0,12480.0,11440.0,UPI,Kavita Reddy
TX05217,2026-02-11,Travel Backpack 30L,Accessories,East,Returning,4,3500,5,13300.0,6300.0,7000.0,Net Banking,Kavita Reddy
TX05218,2026-06-07,Formal Suit Blazer,Clothing,North,Returning,4,11500,8,42320.0,25300.0,17020.0,Card,Neha Singh
TX05219,2026-05-11,Mechanical RGB Keyboard,Electronics,West,New,3,6200,22,14508.0,10788.0,3720.0,UPI,Neha Singh
TX05220,2026-06-10,Air Purifier Pro,Home Appliances,South,Returning,3,16500,5,47025.0,32670.0,14355.0,UPI,Amit Kumar
TX05221,2026-07-05,Smartphone X,Electronics,North,Returning,6,42000,0,252000.0,181440.0,70560.0,Card,Ananya Roy
TX05222,2026-03-15,Travel Backpack 30L,Accessories,Central,Returning,8,3500,15,23800.0,12600.0,11200.0,UPI,Ananya Roy
TX05223,2026-03-30,Executive Desk,Furniture,Central,New,4,28000,5,106400.0,72800.0,33600.0,Card,Priya Patel
TX05224,2026-07-21,Standing Desk Dual Engine,Furniture,East,Returning,6,34000,12,179520.0,138720.0,40800.0,Cash,Siddharth Rao
TX05225,2026-02-25,Trail Hiking Boots,Footwear,South,Returning,3,8400,0,25200.0,13104.0,12096.0,UPI,Rahul Sharma
TX05226,2026-02-12,Portable SSD 2TB,Electronics,East,Returning,6,12500,12,66000.0,52500.0,13500.0,Cash,Kavita Reddy
TX05227,2026-02-15,Laptop Pro 15,Electronics,South,Returning,6,68000,0,408000.0,318240.0,89760.0,Cash,Rahul Sharma
TX05228,2026-07-17,Smart Blender 1200W,Home Appliances,North,Returning,1,6800,0,6800.0,3944.0,2856.0,UPI,Kavita Reddy
TX05229,2026-05-10,Standing Desk Dual Engine,Furniture,North,Returning,3,34000,8,93840.0,69360.0,24480.0,Net Banking,Kavita Reddy
TX05230,2026-04-15,Robotic Vacuum X,Home Appliances,West,New,4,26000,0,104000.0,72800.0,31200.0,UPI,Ananya Roy
TX05231,2026-03-14,Mesh Task Chair,Furniture,West,New,4,7500,0,30000.0,18000.0,12000.0,Card,Kavita Reddy
TX05232,2026-04-25,Casual Leather Loafers,Footwear,East,Returning,5,4200,10,18900.0,10500.0,8400.0,UPI,Vikas Verma
TX05233,2026-03-02,Robotic Vacuum X,Home Appliances,West,New,4,26000,0,104000.0,72800.0,31200.0,UPI,Neha Singh
TX05234,2026-06-22,Running Jacket Pro,Clothing,North,Returning,3,4800,10,12960.0,6480.0,6480.0,UPI,Priya Patel
TX05235,2026-05-02,Casual Leather Loafers,Footwear,West,New,4,4200,5,15960.0,8400.0,7560.0,UPI,Kavita Reddy
TX05236,2026-02-16,Windbreaker Hooded,Clothing,West,Returning,3,3800,0,11400.0,5244.0,6156.0,Card,Priya Patel
TX05237,2026-02-08,Executive Desk,Furniture,North,Returning,8,28000,0,224000.0,145600.0,78400.0,UPI,Ananya Roy
TX05238,2026-06-29,Mechanical RGB Keyboard,Electronics,South,Returning,6,6200,5,35340.0,21576.0,13764.0,Net Banking,Priya Patel
TX05239,2026-07-09,Smart Blender 1200W,Home Appliances,West,Returning,7,6800,10,42840.0,27608.0,15232.0,Net Banking,Ananya Roy
TX05240,2026-02-14,Running Jacket Pro,Clothing,North,Returning,2,4800,0,9600.0,4320.0,5280.0,UPI,Ananya Roy
TX05241,2026-04-29,Trail Hiking Boots,Footwear,South,New,3,8400,5,23940.0,13104.0,10836.0,Card,Siddharth Rao
TX05242,2026-05-04,Trail Hiking Boots,Footwear,Central,Returning,8,8400,5,63840.0,34944.0,28896.0,UPI,Rahul Sharma
TX05243,2026-04-28,Laptop Pro 15,Electronics,South,New,1,68000,10,61200.0,53040.0,8160.0,Cash,Amit Kumar
TX05244,2026-04-03,Monitor Arm Dual Mount,Furniture,North,Returning,7,4200,10,26460.0,14700.0,11760.0,UPI,Vikas Verma
TX05245,2026-07-30,Leather Slim Wallet,Accessories,East,Returning,2,1400,10,2520.0,1064.0,1456.0,Net Banking,Ananya Roy
TX05246,2026-03-29,Trail Hiking Boots,Footwear,North,Returning,1,8400,0,8400.0,4368.0,4032.0,Card,Vikas Verma
TX05247,2026-03-15,Laptop Pro 15,Electronics,Central,Returning,2,68000,8,125120.0,106080.0,19040.0,Cash,Amit Kumar
TX05248,2026-06-29,Executive Desk,Furniture,North,Returning,7,28000,0,196000.0,127400.0,68600.0,Cash,Kavita Reddy
TX05249,2026-03-01,Tablet Pro 11,Electronics,South,New,1,38000,0,38000.0,28500.0,9500.0,Cash,Kavita Reddy
TX05250,2026-02-15,Formal Suit Blazer,Clothing,East,New,1,11500,5,10925.0,6325.0,4600.0,Cash,Kavita Reddy
TX05251,2026-05-25,Pro Runner Shoes,Footwear,West,New,3,6500,5,18525.0,9360.0,9165.0,UPI,Siddharth Rao
TX05252,2026-07-23,Tablet Pro 11,Electronics,East,New,4,38000,10,136800.0,114000.0,22800.0,Cash,Amit Kumar
TX05253,2026-07-05,Laptop Sleeve 15,Accessories,North,Returning,8,1100,5,8360.0,3080.0,5280.0,UPI,Kavita Reddy
TX05254,2026-05-27,Laptop Sleeve 15,Accessories,Central,New,2,1100,5,2090.0,770.0,1320.0,Card,Siddharth Rao
TX05255,2026-06-18,Pro Runner Shoes,Footwear,Central,Returning,5,6500,12,28600.0,15600.0,13000.0,UPI,Neha Singh
TX05256,2026-02-04,Monitor 27 Ultra,Electronics,East,Returning,6,24000,0,144000.0,100800.0,43200.0,Cash,Ananya Roy
TX05257,2026-02-05,Gaming Mouse 8K,Electronics,West,New,2,3200,5,6080.0,3520.0,2560.0,Cash,Priya Patel
TX05258,2026-02-17,Windbreaker Hooded,Clothing,South,Returning,2,3800,0,7600.0,3496.0,4104.0,Card,Amit Kumar
TX05259,2026-04-17,Electric Kettle Stainless,Home Appliances,South,Returning,2,2400,8,4416.0,2496.0,1920.0,UPI,Siddharth Rao
TX05260,2026-04-25,Tablet Pro 11,Electronics,East,Returning,3,38000,8,104880.0,85500.0,19380.0,Card,Priya Patel
TX05261,2026-05-07,Smart Blender 1200W,Home Appliances,East,Returning,2,6800,10,12240.0,7888.0,4352.0,UPI,Priya Patel
TX05262,2026-05-05,Mechanical RGB Keyboard,Electronics,East,New,2,6200,5,11780.0,7192.0,4588.0,Card,Rahul Sharma
TX05263,2026-02-07,Running Jacket Pro,Clothing,Central,Returning,5,4800,5,22800.0,10800.0,12000.0,UPI,Vikas Verma
TX05264,2026-02-16,Coffee Maker Deluxe,Home Appliances,West,Returning,6,12800,0,76800.0,49152.0,27648.0,Card,Vikas Verma
TX05265,2026-03-12,Leather Slim Wallet,Accessories,East,Returning,2,1400,8,2576.0,1064.0,1512.0,Card,Siddharth Rao
TX05266,2026-06-17,Tablet Pro 11,Electronics,North,Returning,7,38000,15,226100.0,199500.0,26600.0,UPI,Siddharth Rao
TX05267,2026-06-14,Wireless Earbuds,Electronics,Central,Returning,5,4500,10,20250.0,13500.0,6750.0,UPI,Siddharth Rao
TX05268,2026-05-11,Mechanical RGB Keyboard,Electronics,North,Returning,3,6200,10,16740.0,10788.0,5952.0,UPI,Rahul Sharma
TX05269,2026-05-16,Travel Backpack 30L,Accessories,North,Returning,6,3500,8,19320.0,9450.0,9870.0,Card,Ananya Roy
TX05270,2026-06-22,4K Streaming WebCam,Electronics,South,Returning,5,7800,8,35880.0,24180.0,11700.0,Card,Ananya Roy
TX05271,2026-07-30,Travel Backpack 30L,Accessories,North,Returning,1,3500,0,3500.0,1575.0,1925.0,UPI,Ananya Roy
TX05272,2026-02-17,MagSafe Power Bank,Accessories,West,New,3,3200,5,9120.0,4992.0,4128.0,Card,Amit Kumar
TX05273,2026-03-11,Cotton Polo Shirt,Clothing,East,Returning,8,1600,5,12160.0,5120.0,7040.0,Card,Priya Patel
TX05274,2026-07-07,Running Jacket Pro,Clothing,East,Returning,4,4800,0,19200.0,8640.0,10560.0,UPI,Rahul Sharma
TX05275,2026-02-22,Laptop Pro 15,Electronics,North,Returning,7,68000,0,476000.0,371280.0,104720.0,UPI,Amit Kumar
TX05276,2026-03-10,Casual Leather Loafers,Footwear,Central,Returning,8,4200,0,33600.0,16800.0,16800.0,UPI,Vikas Verma
TX05277,2026-07-24,Portable SSD 2TB,Electronics,South,New,3,12500,8,34500.0,26250.0,8250.0,UPI,Vikas Verma
TX05278,2026-04-07,Ergonomic Office Chair,Furniture,North,Returning,1,14500,0,14500.0,8990.0,5510.0,UPI,Ananya Roy
TX05279,2026-06-03,Electric Kettle Stainless,Home Appliances,East,Returning,6,2400,12,12672.0,7488.0,5184.0,UPI,Ananya Roy
TX05280,2026-05-06,Monitor Arm Dual Mount,Furniture,North,Returning,8,4200,5,31920.0,16800.0,15120.0,Card,Neha Singh
TX05281,2026-07-07,Leather Slim Wallet,Accessories,North,Returning,3,1400,10,3780.0,1596.0,2184.0,UPI,Neha Singh
TX05282,2026-03-10,Running Jacket Pro,Clothing,North,Returning,2,4800,8,8832.0,4320.0,4512.0,Card,Kavita Reddy
TX05283,2026-06-28,Pro Runner Shoes,Footwear,South,Returning,1,6500,5,6175.0,3120.0,3055.0,Cash,Ananya Roy
TX05284,2026-02-05,Laptop Pro 15,Electronics,South,New,3,68000,10,183600.0,159120.0,24480.0,Card,Rahul Sharma
TX05285,2026-04-20,MagSafe Power Bank,Accessories,North,Returning,1,3200,5,3040.0,1664.0,1376.0,Card,Amit Kumar
TX05286,2026-06-13,Robotic Vacuum X,Home Appliances,North,Returning,8,26000,8,191360.0,145600.0,45760.0,Card,Kavita Reddy
TX05287,2026-02-06,Pro Runner Shoes,Footwear,West,New,3,6500,10,17550.0,9360.0,8190.0,Net Banking,Neha Singh
TX05288,2026-05-09,Smartphone X,Electronics,East,New,2,42000,10,75600.0,60480.0,15120.0,UPI,Amit Kumar
TX05289,2026-03-24,Smart Watch Series 7,Electronics,Central,Returning,6,18500,10,99900.0,75480.0,24420.0,UPI,Ananya Roy
TX05290,2026-03-23,Noise Cancelling Headphones,Electronics,East,Returning,1,14500,20,11600.0,9425.0,2175.0,UPI,Vikas Verma
TX05291,2026-02-25,Denim Pants Premium,Clothing,Central,Returning,6,2900,10,15660.0,7308.0,8352.0,Cash,Siddharth Rao
TX05292,2026-03-27,Leather Slim Wallet,Accessories,North,Returning,8,1400,0,11200.0,4256.0,6944.0,UPI,Ananya Roy
TX05293,2026-04-05,Laptop Sleeve 15,Accessories,North,Returning,2,1100,10,1980.0,770.0,1210.0,Card,Neha Singh
TX05294,2026-07-19,Robotic Vacuum X,Home Appliances,West,New,3,26000,10,70200.0,54600.0,15600.0,Card,Kavita Reddy
TX05295,2026-05-11,Running Jacket Pro,Clothing,West,New,2,4800,8,8832.0,4320.0,4512.0,Net Banking,Amit Kumar
TX05296,2026-03-16,4K Streaming WebCam,Electronics,North,Returning,4,7800,10,28080.0,19344.0,8736.0,Card,Vikas Verma
TX05297,2026-07-24,Running Jacket Pro,Clothing,West,New,4,4800,0,19200.0,8640.0,10560.0,Card,Kavita Reddy
TX05298,2026-02-20,Robotic Vacuum X,Home Appliances,North,Returning,4,26000,8,95680.0,72800.0,22880.0,UPI,Priya Patel
TX05299,2026-02-10,Robotic Vacuum X,Home Appliances,West,Returning,3,26000,8,71760.0,54600.0,17160.0,UPI,Amit Kumar
TX05300,2026-06-30,MagSafe Power Bank,Accessories,Central,New,3,3200,8,8832.0,4992.0,3840.0,Card,Ananya Roy
TX05301,2026-07-30,Leather Slim Wallet,Accessories,West,New,1,1400,0,1400.0,532.0,868.0,Card,Rahul Sharma
TX05302,2026-05-04,Robotic Vacuum X,Home Appliances,East,Returning,7,26000,12,160160.0,127400.0,32760.0,UPI,Rahul Sharma
TX05303,2026-07-26,Robotic Vacuum X,Home Appliances,East,New,2,26000,0,52000.0,36400.0,15600.0,Card,Rahul Sharma
TX05304,2026-07-24,Laptop Sleeve 15,Accessories,West,Returning,7,1100,10,6930.0,2695.0,4235.0,Card,Priya Patel
TX05305,2026-02-01,Trail Hiking Boots,Footwear,North,Returning,3,8400,,22176.0,13104.0,9072.0,UPI,Siddharth Rao
TX05306,2026-02-07,Monitor Arm Dual Mount,Furniture,West,New,1,4200,5,3990.0,2100.0,1890.0,UPI,Vikas Verma
TX05307,2026-04-08,Running Jacket Pro,Clothing,North,Returning,3,4800,10,12960.0,6480.0,6480.0,Cash,Amit Kumar
TX05308,2026-05-22,Leather Slim Wallet,Accessories,Central,Returning,4,1400,10,5040.0,2128.0,2912.0,Card,Neha Singh
TX05309,2026-02-19,Wireless Earbuds,Electronics,West,Returning,5,4500,0,22500.0,13500.0,9000.0,Cash,Neha Singh
TX05310,2026-02-12,Travel Backpack 30L,Accessories,East,Returning,7,3500,5,23275.0,11025.0,12250.0,Card,Amit Kumar
TX05311,2026-03-03,Gaming Mouse 8K,Electronics,East,Returning,2,3200,10,5760.0,3520.0,2240.0,Cash,Kavita Reddy
TX05312,2026-04-13,Trail Hiking Boots,Footwear,North,New,2,8400,0,16800.0,8736.0,8064.0,UPI,Siddharth Rao
TX05313,2026-05-03,Casual Leather Loafers,Footwear,South,New,1,4200,0,4200.0,2100.0,2100.0,UPI,Amit Kumar
TX05314,2026-02-19,Leather Slim Wallet,Accessories,East,Returning,1,1400,0,1400.0,532.0,868.0,Card,Amit Kumar
TX05315,2026-06-07,Windbreaker Hooded,Clothing,East,Returning,2,3800,5,7220.0,3496.0,3724.0,Card,Amit Kumar
TX05316,2026-02-07,Smart Blender 1200W,Home Appliances,North,Returning,2,6800,5,12920.0,7888.0,5032.0,UPI,Kavita Reddy
TX05317,2026-03-15,Electric Kettle Stainless,Home Appliances,North,Returning,2,2400,0,4800.0,2496.0,2304.0,UPI,Priya Patel
TX05318,2026-02-11,Smartphone X,Electronics,Central,Returning,8,42000,8,309120.0,241920.0,67200.0,Cash,Ananya Roy
TX05319,2026-02-17,Bookshelf Wooden,Furniture,South,Returning,3,8900,0,26700.0,15486.0,11214.0,Card,Priya Patel
TX05320,2026-03-28,Casual Leather Loafers,Footwear,Central,New,1,4200,10,3780.0,2100.0,1680.0,UPI,Priya Patel
TX05321,2026-04-12,Robotic Vacuum X,Home Appliances,East,New,2,26000,10,46800.0,36400.0,10400.0,UPI,Kavita Reddy
TX05322,2026-06-07,4K Streaming WebCam,Electronics,Central,New,3,7800,5,22230.0,14508.0,7722.0,Card,Rahul Sharma
TX05323,2026-05-23,Standing Desk Dual Engine,Furniture,West,Returning,6,34000,0,204000.0,138720.0,65280.0,Net Banking,Ananya Roy
TX05324,2026-02-07,Gaming Mouse 8K,Electronics,Central,Returning,7,3200,0,22400.0,12320.0,10080.0,Net Banking,Rahul Sharma
TX05325,2026-04-21,Running Jacket Pro,Clothing,South,New,2,4800,0,9600.0,4320.0,5280.0,Cash,Priya Patel
TX05326,2026-04-28,Mechanical RGB Keyboard,Electronics,North,Returning,1,6200,5,5890.0,3596.0,2294.0,UPI,Rahul Sharma
TX05327,2026-07-01,4K Streaming WebCam,Electronics,South,New,3,7800,0,23400.0,14508.0,8892.0,Cash,Ananya Roy
TX05328,2026-06-26,Smart Blender 1200W,Home Appliances,South,New,1,6800,0,6800.0,3944.0,2856.0,UPI,Ananya Roy
TX05329,2026-06-04,Running Jacket Pro,Clothing,North,Returning,6,4800,12,25344.0,12960.0,12384.0,UPI,Rahul Sharma
TX05330,2026-02-08,Cotton Polo Shirt,Clothing,North,New,4,1600,5,6080.0,2560.0,3520.0,UPI,Vikas Verma
TX05331,2026-05-22,MagSafe Power Bank,Accessories,North,New,4,3200,5,12160.0,6656.0,5504.0,Net Banking,Rahul Sharma
TX05332,2026-03-30,Mesh Task Chair,Furniture,West,Returning,6,7500,10,40500.0,27000.0,13500.0,UPI,Vikas Verma
TX05333,2026-05-11,Denim Pants Premium,Clothing,East,New,1,2900,10,2610.0,1218.0,1392.0,Net Banking,Rahul Sharma
TX05334,2026-03-08,Standing Desk Dual Engine,Furniture,North,New,3,34000,0,102000.0,69360.0,32640.0,Card,Rahul Sharma
TX05335,2026-05-15,Smartphone X,Electronics,West,New,4,42000,30,117600.0,120960.0,-3360.0,UPI,Kavita Reddy
TX05336,2026-04-29,Gaming Mouse 8K,Electronics,Central,Returning,3,3200,5,9120.0,5280.0,3840.0,Net Banking,Kavita Reddy
TX05337,2026-07-13,Coffee Maker Deluxe,Home Appliances,West,New,1,12800,12,11264.0,8192.0,3072.0,Card,Amit Kumar
TX05338,2026-07-23,Laptop Sleeve 15,Accessories,East,New,2,1100,8,2024.0,770.0,1254.0,Card,Ananya Roy
TX05339,2026-05-20,Leather Slim Wallet,Accessories,West,New,2,1400,12,2464.0,1064.0,1400.0,UPI,Kavita Reddy
TX05340,2026-02-21,Smartphone X,Electronics,West,New,3,42000,0,126000.0,90720.0,35280.0,Card,Vikas Verma
TX05341,2026-02-23,Mesh Task Chair,Furniture,South,New,4,7500,0,30000.0,18000.0,12000.0,Net Banking,Kavita Reddy
TX05342,2026-04-17,Formal Suit Blazer,Clothing,North,Returning,6,11500,5,65550.0,37950.0,27600.0,UPI,Rahul Sharma
TX05343,2026-02-13,4K Streaming WebCam,Electronics,East,Returning,7,7800,8,50232.0,33852.0,16380.0,UPI,Kavita Reddy
TX05344,2026-03-23,Windbreaker Hooded,Clothing,South,Returning,3,3800,10,10260.0,5244.0,5016.0,Card,Vikas Verma
TX05345,2026-03-25,Smart Blender 1200W,Home Appliances,East,New,1,6800,5,6460.0,3944.0,2516.0,Net Banking,Vikas Verma
TX05346,2026-04-24,Tablet Pro 11,Electronics,East,New,4,38000,8,139840.0,114000.0,25840.0,UPI,Amit Kumar
TX05347,2026-03-23,Smart Blender 1200W,Home Appliances,North,New,4,6800,0,27200.0,15776.0,11424.0,UPI,Amit Kumar
TX05348,2026-03-17,Air Purifier Pro,Home Appliances,North,New,2,16500,8,30360.0,21780.0,8580.0,UPI,Vikas Verma
TX05349,2026-02-24,Casual Leather Loafers,Footwear,South,Returning,1,4200,12,3696.0,2100.0,1596.0,UPI,Priya Patel
TX05350,2026-06-06,Air Purifier Pro,Home Appliances,South,New,4,16500,0,66000.0,43560.0,22440.0,Net Banking,Rahul Sharma
TX05351,2026-05-01,Running Jacket Pro,Clothing,East,Returning,8,4800,0,38400.0,17280.0,21120.0,UPI,Siddharth Rao
TX05352,2026-07-09,Mechanical RGB Keyboard,Electronics,North,Returning,3,6200,10,16740.0,10788.0,5952.0,UPI,Ananya Roy
TX05353,2026-05-23,Mechanical RGB Keyboard,Electronics,North,New,4,6200,0,24800.0,14384.0,10416.0,UPI,Siddharth Rao
TX05354,2026-06-03,Robotic Vacuum X,Home Appliances,South,Returning,6,26000,5,148200.0,109200.0,39000.0,UPI,Rahul Sharma
TX05355,2026-06-23,Mesh Task Chair,Furniture,Central,New,1,7500,8,6900.0,4500.0,2400.0,Net Banking,Vikas Verma
TX05356,2026-04-05,4K Streaming WebCam,Electronics,South,Returning,3,7800,5,22230.0,14508.0,7722.0,UPI,Amit Kumar
TX05357,2026-06-14,Coffee Maker Deluxe,Home Appliances,East,Returning,2,12800,0,25600.0,16384.0,9216.0,Card,Amit Kumar
TX05358,2026-04-24,Formal Suit Blazer,Clothing,North,New,4,11500,0,46000.0,25300.0,20700.0,Card,Priya Patel
TX05359,2026-06-25,MagSafe Power Bank,Accessories,North,New,2,3200,10,5760.0,3328.0,2432.0,Card,Rahul Sharma
TX05360,2026-04-28,Executive Desk,Furniture,North,Returning,4,28000,12,98560.0,72800.0,25760.0,Card,Neha Singh
TX05361,2026-02-14,Bookshelf Wooden,Furniture,East,Returning,1,8900,0,8900.0,5162.0,3738.0,UPI,Kavita Reddy
TX05362,2026-05-30,Electric Kettle Stainless,Home Appliances,East,Returning,2,2400,5,4560.0,2496.0,2064.0,Card,Rahul Sharma
TX05363,2026-04-26,Laptop Pro 15,Electronics,West,Returning,8,68000,0,544000.0,424320.0,119680.0,UPI,Kavita Reddy
TX05364,2026-04-17,Cotton Polo Shirt,Clothing,South,Returning,1,1600,10,1440.0,640.0,800.0,Card,Priya Patel
TX05365,2026-04-21,Monitor Arm Dual Mount,Furniture,East,Returning,8,4200,0,33600.0,16800.0,16800.0,Card,Neha Singh
TX05366,2026-03-02,Windbreaker Hooded,Clothing,West,New,4,3800,5,14440.0,6992.0,7448.0,UPI,Kavita Reddy
TX05367,2026-07-10,Portable SSD 2TB,Electronics,East,New,4,12500,0,50000.0,35000.0,15000.0,Card,Neha Singh
TX05368,2026-03-15,Mesh Task Chair,Furniture,Central,Returning,1,7500,0,7500.0,4500.0,3000.0,Cash,Priya Patel
TX05369,2026-06-27,Monitor 27 Ultra,Electronics,South,New,3,24000,8,66240.0,50400.0,15840.0,Net Banking,Vikas Verma
TX05370,2026-02-17,Bookshelf Wooden,Furniture,South,New,4,8900,5,33820.0,20648.0,13172.0,Card,Neha Singh
TX05371,2026-03-11,Laptop Sleeve 15,Accessories,South,Returning,2,1100,8,2024.0,770.0,1254.0,Card,Rahul Sharma
TX05372,2026-05-02,Smart Watch Series 7,Electronics,East,Returning,1,18500,0,18500.0,12580.0,5920.0,UPI,Neha Singh
TX05373,2026-05-21,Monitor Arm Dual Mount,Furniture,South,Returning,4,4200,5,15960.0,8400.0,7560.0,Card,Priya Patel
TX05374,2026-03-28,Wireless Earbuds,Electronics,East,New,3,4500,0,13500.0,8100.0,5400.0,UPI,Kavita Reddy
TX05375,2026-03-03,Pro Runner Shoes,Footwear,West,New,1,6500,0,6500.0,3120.0,3380.0,Card,Vikas Verma
TX05376,2026-05-30,Robotic Vacuum X,Home Appliances,Central,New,4,26000,0,104000.0,72800.0,31200.0,Card,Kavita Reddy
TX05377,2026-03-31,Coffee Maker Deluxe,Home Appliances,South,New,3,12800,12,33792.0,24576.0,9216.0,Card,Siddharth Rao
TX05378,2026-04-20,Casual Leather Loafers,Footwear,Central,Returning,2,4200,8,7728.0,4200.0,3528.0,Card,Ananya Roy
TX05379,2026-07-02,Ergonomic Office Chair,Furniture,South,New,1,14500,0,14500.0,8990.0,5510.0,Cash,Vikas Verma
TX05380,2026-03-30,Executive Desk,Furniture,North,New,3,28000,5,79800.0,54600.0,25200.0,Card,Priya Patel
TX05381,2026-05-15,Air Purifier Pro,Home Appliances,Central,New,1,16500,12,14520.0,10890.0,3630.0,Card,Vikas Verma
TX05382,2026-02-18,Laptop Sleeve 15,Accessories,West,New,2,1100,0,2200.0,770.0,1430.0,Net Banking,Amit Kumar
TX05383,2026-06-23,MagSafe Power Bank,Accessories,West,Returning,8,3200,0,25600.0,13312.0,12288.0,Card,Rahul Sharma
TX05384,2026-06-20,Trail Hiking Boots,Footwear,North,Returning,4,8400,0,33600.0,17472.0,16128.0,Card,Priya Patel
TX05385,2026-06-13,Smart Watch Series 7,Electronics,North,Returning,3,18500,5,52725.0,37740.0,14985.0,UPI,Rahul Sharma
TX05386,2026-04-20,Formal Suit Blazer,Clothing,North,New,2,11500,0,23000.0,12650.0,10350.0,UPI,Priya Patel
TX05387,2026-05-14,Denim Pants Premium,Clothing,East,New,2,2900,8,5336.0,2436.0,2900.0,UPI,Siddharth Rao
TX05388,2026-06-23,Mechanical RGB Keyboard,Electronics,North,New,4,6200,8,22816.0,14384.0,8432.0,Cash,Amit Kumar
TX05389,2026-07-13,Leather Slim Wallet,Accessories,West,Returning,2,1400,5,2660.0,1064.0,1596.0,UPI,Neha Singh
TX05390,2026-07-19,Ergonomic Office Chair,Furniture,South,Returning,4,14500,0,58000.0,35960.0,22040.0,UPI,Neha Singh
TX05391,2026-05-13,Leather Slim Wallet,Accessories,North,New,2,1400,0,2800.0,1064.0,1736.0,UPI,Kavita Reddy
TX05392,2026-06-14,Trail Hiking Boots,Footwear,South,New,4,8400,0,33600.0,17472.0,16128.0,Net Banking,Kavita Reddy
TX05393,2026-03-13,Smart Blender 1200W,Home Appliances,Central,Returning,2,6800,0,13600.0,7888.0,5712.0,Card,Neha Singh
TX05394,2026-07-01,Smart Watch Series 7,Electronics,South,Returning,3,18500,5,52725.0,37740.0,14985.0,Card,Kavita Reddy
TX05395,2026-07-07,Bookshelf Wooden,Furniture,East,Returning,4,8900,12,31328.0,20648.0,10680.0,Net Banking,Amit Kumar
TX05396,2026-03-20,Casual Leather Loafers,Footwear,East,Returning,5,4200,5,19950.0,10500.0,9450.0,UPI,Ananya Roy
TX05397,2026-04-04,Smart Blender 1200W,Home Appliances,East,Returning,4,6800,12,23936.0,15776.0,8160.0,Card,Rahul Sharma
TX05398,2026-05-24,Portable SSD 2TB,Electronics,East,Returning,7,12500,0,87500.0,61250.0,26250.0,Card,Ananya Roy
TX05399,2026-05-22,Portable SSD 2TB,Electronics,North,New,4,12500,5,47500.0,35000.0,12500.0,UPI,Vikas Verma
TX05400,2026-05-10,Leather Slim Wallet,Accessories,North,New,1,1400,10,1260.0,532.0,728.0,Card,Rahul Sharma
TX05401,2026-04-07,Denim Pants Premium,Clothing,South,Returning,3,2900,0,8700.0,3654.0,5046.0,Card,Siddharth Rao
TX05402,2026-03-05,Denim Pants Premium,Clothing,East,New,3,2900,5,8265.0,3654.0,4611.0,UPI,Kavita Reddy
TX05403,2026-06-20,Pro Runner Shoes,Footwear,West,Returning,4,6500,10,23400.0,12480.0,10920.0,UPI,Kavita Reddy
TX05404,2026-05-29,Smart Blender 1200W,Home Appliances,North,New,2,6800,8,12512.0,7888.0,4624.0,Card,Ananya Roy
TX05405,2026-07-14,Wireless Earbuds,Electronics,West,New,1,4500,5,4275.0,2700.0,1575.0,Card,Vikas Verma
TX05406,2026-02-20,Smart Blender 1200W,Home Appliances,East,New,2,6800,15,11560.0,7888.0,3672.0,UPI,Neha Singh
TX05407,2026-07-23,Monitor Arm Dual Mount,Furniture,East,Returning,6,4200,5,23940.0,12600.0,11340.0,UPI,Vikas Verma
TX05408,2026-05-02,Bookshelf Wooden,Furniture,South,Returning,8,8900,12,62656.0,41296.0,21360.0,UPI,Amit Kumar
TX05409,2026-07-27,Running Jacket Pro,Clothing,Central,Returning,7,4800,0,33600.0,15120.0,18480.0,Net Banking,Neha Singh
TX05410,2026-05-24,Denim Pants Premium,Clothing,South,Returning,3,2900,0,8700.0,3654.0,5046.0,Card,Siddharth Rao
TX05411,2026-02-10,Denim Pants Premium,Clothing,North,New,1,2900,0,2900.0,1218.0,1682.0,Cash,Siddharth Rao
TX05412,2026-06-08,Tablet Pro 11,Electronics,North,Returning,3,38000,8,104880.0,85500.0,19380.0,Card,Priya Patel
TX05413,2026-05-13,Mechanical RGB Keyboard,Electronics,West,Returning,8,6200,29,35216.0,28768.0,6448.0,UPI,Amit Kumar
TX05414,2026-07-01,Denim Pants Premium,Clothing,North,Returning,1,2900,0,2900.0,1218.0,1682.0,Card,Priya Patel
TX05415,2026-07-11,Portable SSD 2TB,Electronics,South,Returning,1,12500,5,11875.0,8750.0,3125.0,UPI,Ananya Roy
TX05416,2026-03-03,Laptop Pro 15,Electronics,East,Returning,2,68000,8,125120.0,106080.0,19040.0,Card,Rahul Sharma
TX05417,2026-06-07,Laptop Sleeve 15,Accessories,North,Returning,2,1100,0,2200.0,770.0,1430.0,Card,Rahul Sharma
TX05418,2026-03-15,Travel Backpack 30L,Accessories,West,Returning,3,3500,5,9975.0,4725.0,5250.0,UPI,Siddharth Rao
TX05419,2026-05-07,Casual Leather Loafers,Footwear,South,New,3,4200,5,11970.0,6300.0,5670.0,UPI,Amit Kumar
TX05420,2026-06-23,Wireless Earbuds,Electronics,Central,Returning,8,4500,8,33120.0,21600.0,11520.0,Card,Ananya Roy
TX05421,2026-05-12,Tablet Pro 11,Electronics,West,New,3,38000,25,85500.0,85500.0,0.0,UPI,Vikas Verma
TX05422,2026-03-02,Tablet Pro 11,Electronics,East,New,1,38000,8,34960.0,28500.0,6460.0,Net Banking,Priya Patel
TX05423,2026-05-16,Wireless Earbuds,Electronics,West,New,1,4500,25,3375.0,2700.0,675.0,UPI,Rahul Sharma
TX05424,2026-07-28,Portable SSD 2TB,Electronics,South,Returning,7,12500,8,80500.0,61250.0,19250.0,Card,Priya Patel
TX05425,2026-06-11,Smart Watch Series 7,Electronics,South,New,4,18500,10,66600.0,50320.0,16280.0,Net Banking,Ananya Roy
TX05426,2026-05-29,Formal Suit Blazer,Clothing,West,New,4,11500,10,41400.0,25300.0,16100.0,UPI,Neha Singh
TX05427,2026-04-10,Ergonomic Office Chair,Furniture,South,New,2,14500,12,25520.0,17980.0,7540.0,Card,Vikas Verma
TX05428,2026-07-06,Pro Runner Shoes,Footwear,East,New,1,6500,5,6175.0,3120.0,3055.0,Card,Priya Patel
TX05429,2026-06-12,Trail Hiking Boots,Footwear,West,Returning,1,8400,0,8400.0,4368.0,4032.0,UPI,Rahul Sharma
TX05430,2026-03-22,Smart Blender 1200W,Home Appliances,Central,Returning,8,6800,0,54400.0,31552.0,22848.0,UPI,Siddharth Rao
TX05431,2026-03-03,Monitor Arm Dual Mount,Furniture,West,Returning,3,4200,0,12600.0,6300.0,6300.0,Card,Neha Singh
TX05432,2026-02-06,Denim Pants Premium,Clothing,South,Returning,2,2900,8,5336.0,2436.0,2900.0,UPI,Neha Singh
TX05433,2026-04-12,Windbreaker Hooded,Clothing,South,Returning,1,3800,12,3344.0,1748.0,1596.0,Card,Ananya Roy
TX05434,2026-05-14,Robotic Vacuum X,Home Appliances,West,Returning,8,26000,0,208000.0,145600.0,62400.0,UPI,Siddharth Rao
TX05435,2026-07-15,Standing Desk Dual Engine,Furniture,Central,New,2,34000,5,64600.0,46240.0,18360.0,UPI,Ananya Roy
TX05436,2026-02-28,Tablet Pro 11,Electronics,South,New,4,38000,5,144400.0,114000.0,30400.0,Net Banking,Kavita Reddy
TX05437,2026-07-06,Air Purifier Pro,Home Appliances,West,Returning,4,16500,8,60720.0,43560.0,17160.0,Card,Amit Kumar
TX05438,2026-04-11,Robotic Vacuum X,Home Appliances,East,Returning,7,26000,5,172900.0,127400.0,45500.0,UPI,Kavita Reddy
TX05439,2026-06-30,Gaming Mouse 8K,Electronics,West,New,3,3200,0,9600.0,5280.0,4320.0,Card,Amit Kumar
TX05440,2026-06-18,Running Jacket Pro,Clothing,Central,New,2,4800,5,9120.0,4320.0,4800.0,Card,Siddharth Rao
TX05441,2026-06-27,Running Jacket Pro,Clothing,Central,New,4,4800,5,18240.0,8640.0,9600.0,UPI,Siddharth Rao
TX05442,2026-06-10,Electric Kettle Stainless,Home Appliances,East,New,4,2400,5,9120.0,4992.0,4128.0,UPI,Priya Patel
TX05443,2026-04-18,Gaming Mouse 8K,Electronics,East,New,1,3200,8,2944.0,1760.0,1184.0,Cash,Vikas Verma
TX05444,2026-07-07,Tablet Pro 11,Electronics,West,Returning,5,38000,5,180500.0,142500.0,38000.0,UPI,Rahul Sharma
TX05445,2026-05-27,Noise Cancelling Headphones,Electronics,South,New,2,14500,5,27550.0,18850.0,8700.0,UPI,Rahul Sharma
TX05446,2026-07-05,Formal Suit Blazer,Clothing,South,Returning,3,11500,5,32775.0,18975.0,13800.0,UPI,Rahul Sharma
TX05447,2026-05-28,Windbreaker Hooded,Clothing,Central,Returning,4,3800,8,13984.0,6992.0,6992.0,Net Banking,Siddharth Rao
TX05448,2026-02-02,Monitor Arm Dual Mount,Furniture,South,New,1,4200,0,4200.0,2100.0,2100.0,UPI,Priya Patel
TX05449,2026-07-24,Smartphone X,Electronics,East,Returning,8,42000,5,319200.0,241920.0,77280.0,UPI,Kavita Reddy
TX05450,2026-05-03,Smartphone X,Electronics,North,Returning,4,42000,10,151200.0,120960.0,30240.0,Card,Amit Kumar
TX05451,2026-04-24,Electric Kettle Stainless,Home Appliances,Central,Returning,8,2400,8,17664.0,9984.0,7680.0,UPI,Siddharth Rao
TX05452,2026-04-04,Smart Watch Series 7,Electronics,West,Returning,8,18500,0,148000.0,100640.0,47360.0,UPI,Siddharth Rao
TX05453,2026-05-16,Casual Leather Loafers,Footwear,West,Returning,7,4200,0,29400.0,14700.0,14700.0,Net Banking,Neha Singh
TX05454,2026-06-24,Electric Kettle Stainless,Home Appliances,North,Returning,4,2400,0,9600.0,4992.0,4608.0,UPI,Siddharth Rao
TX05455,2026-03-06,Cotton Polo Shirt,Clothing,West,Returning,7,1600,0,11200.0,4480.0,6720.0,Card,Siddharth Rao
TX05456,2026-05-13,Air Purifier Pro,Home Appliances,West,New,4,16500,5,62700.0,43560.0,19140.0,Card,Neha Singh
TX05457,2026-05-12,Cotton Polo Shirt,Clothing,South,Returning,4,1600,10,5760.0,2560.0,3200.0,Net Banking,Ananya Roy
TX05458,2026-04-15,Mechanical RGB Keyboard,Electronics,North,Returning,7,6200,0,43400.0,25172.0,18228.0,Net Banking,Rahul Sharma
TX05459,2026-02-20,Ergonomic Office Chair,Furniture,West,Returning,5,14500,12,63800.0,44950.0,18850.0,UPI,Rahul Sharma
TX05460,2026-02-07,Portable SSD 2TB,Electronics,West,New,4,12500,0,50000.0,35000.0,15000.0,UPI,Ananya Roy
TX05461,2026-05-14,MagSafe Power Bank,Accessories,South,New,1,3200,0,3200.0,1664.0,1536.0,UPI,Amit Kumar
TX05462,2026-03-28,Executive Desk,Furniture,North,Returning,3,28000,10,75600.0,54600.0,21000.0,UPI,Vikas Verma
TX05463,2026-03-04,Windbreaker Hooded,Clothing,East,New,3,3800,8,10488.0,5244.0,5244.0,UPI,Siddharth Rao
TX05464,2026-06-13,Smart Blender 1200W,Home Appliances,Central,New,2,6800,5,12920.0,7888.0,5032.0,Cash,Neha Singh
TX05465,2026-04-03,Bookshelf Wooden,Furniture,North,New,3,8900,12,23496.0,15486.0,8010.0,UPI,Vikas Verma
TX05466,2026-04-07,Windbreaker Hooded,Clothing,South,Returning,2,3800,5,7220.0,3496.0,3724.0,Cash,Amit Kumar
TX05467,2026-06-28,Air Purifier Pro,Home Appliances,North,New,1,16500,0,16500.0,10890.0,5610.0,UPI,Vikas Verma
TX05468,2026-02-17,Leather Slim Wallet,Accessories,Central,Returning,7,1400,5,9310.0,3724.0,5586.0,UPI,Vikas Verma
TX05469,2026-07-13,Pro Runner Shoes,Footwear,South,Returning,6,6500,0,39000.0,18720.0,20280.0,Card,Amit Kumar
TX05470,2026-07-19,Tablet Pro 11,Electronics,North,Returning,5,38000,8,174800.0,142500.0,32300.0,UPI,Amit Kumar
TX05471,2026-05-23,Mesh Task Chair,Furniture,South,New,2,7500,8,13800.0,9000.0,4800.0,Card,Priya Patel
TX05472,2026-04-18,Standing Desk Dual Engine,Furniture,West,Returning,6,34000,12,179520.0,138720.0,40800.0,Card,Amit Kumar
TX05473,2026-04-29,Pro Runner Shoes,Footwear,North,Returning,7,6500,10,40950.0,21840.0,19110.0,Card,Kavita Reddy
TX05474,2026-07-28,Laptop Sleeve 15,Accessories,North,Returning,5,1100,15,4675.0,1925.0,2750.0,Card,Ananya Roy
TX05475,2026-02-19,Monitor Arm Dual Mount,Furniture,West,New,1,4200,5,3990.0,2100.0,1890.0,UPI,Priya Patel
TX05476,2026-06-09,Windbreaker Hooded,Clothing,North,Returning,3,3800,8,10488.0,5244.0,5244.0,UPI,Ananya Roy
TX05477,2026-07-22,Windbreaker Hooded,Clothing,West,New,3,3800,0,11400.0,5244.0,6156.0,UPI,Rahul Sharma
TX05478,2026-07-20,Pro Runner Shoes,Footwear,North,Returning,6,6500,10,35100.0,18720.0,16380.0,Card,Kavita Reddy
TX05479,2026-03-12,Formal Suit Blazer,Clothing,North,New,1,11500,0,11500.0,6325.0,5175.0,UPI,Vikas Verma
TX05480,2026-03-31,Mesh Task Chair,Furniture,South,Returning,3,7500,5,21375.0,13500.0,7875.0,Card,Vikas Verma
TX05481,2026-07-23,Smartphone X,Electronics,North,Returning,4,42000,0,168000.0,120960.0,47040.0,UPI,Rahul Sharma
TX05482,2026-06-01,Leather Slim Wallet,Accessories,North,Returning,6,1400,8,7728.0,3192.0,4536.0,Card,Rahul Sharma
TX05483,2026-04-03,Running Jacket Pro,Clothing,East,Returning,4,4800,12,16896.0,8640.0,8256.0,Card,Amit Kumar
TX05484,2026-05-11,4K Streaming WebCam,Electronics,North,New,3,7800,10,21060.0,14508.0,6552.0,UPI,Ananya Roy
TX05485,2026-05-09,4K Streaming WebCam,Electronics,Central,New,4,7800,5,29640.0,19344.0,10296.0,Card,Kavita Reddy
TX05486,2026-06-20,Bookshelf Wooden,Furniture,West,Returning,4,8900,8,32752.0,20648.0,12104.0,Card,Neha Singh
TX05487,2026-02-19,Smartphone X,Electronics,East,New,3,42000,10,113400.0,90720.0,22680.0,Card,Amit Kumar
TX05488,2026-06-16,Laptop Pro 15,Electronics,West,Returning,8,68000,0,544000.0,424320.0,119680.0,Cash,Neha Singh
TX05489,2026-07-05,Casual Leather Loafers,Footwear,East,New,1,4200,5,3990.0,2100.0,1890.0,Card,Ananya Roy
TX05490,2026-07-12,MagSafe Power Bank,Accessories,South,Returning,1,3200,10,2880.0,1664.0,1216.0,Card,Ananya Roy
TX05491,2026-05-19,Portable SSD 2TB,Electronics,West,Returning,7,12500,28,63000.0,61250.0,1750.0,Card,Neha Singh
TX05492,2026-03-13,Casual Leather Loafers,Footwear,North,Returning,8,4200,5,31920.0,16800.0,15120.0,Card,Ananya Roy
TX05493,2026-02-14,Monitor 27 Ultra,Electronics,West,New,3,24000,12,63360.0,50400.0,12960.0,Card,Amit Kumar
TX05494,2026-02-12,Mesh Task Chair,Furniture,South,Returning,1,7500,12,6600.0,4500.0,2100.0,Net Banking,Neha Singh
TX05495,2026-06-29,Smartphone X,Electronics,East,Returning,5,42000,5,199500.0,151200.0,48300.0,Card,Amit Kumar
TX05496,2026-02-11,4K Streaming WebCam,Electronics,South,Returning,5,7800,0,39000.0,24180.0,14820.0,Card,Priya Patel
TX05497,2026-06-27,Travel Backpack 30L,Accessories,North,Returning,1,3500,0,3500.0,1575.0,1925.0,UPI,Neha Singh
TX05498,2026-05-13,Leather Slim Wallet,Accessories,Central,Returning,2,1400,8,2576.0,1064.0,1512.0,Card,Vikas Verma
TX05499,2026-03-05,Pro Runner Shoes,Footwear,North,Returning,7,6500,5,43225.0,21840.0,21385.0,UPI,Kavita Reddy
TX05500,2026-02-17,Smartphone X,Electronics,East,Returning,6,42000,0,252000.0,181440.0,70560.0,UPI,Ananya Roy
TX05501,2026-03-07,Smartphone X,Electronics,East,New,2,42000,0,84000.0,60480.0,23520.0,UPI,Siddharth Rao
TX05502,2026-02-21,MagSafe Power Bank,Accessories,North,New,2,3200,20,5120.0,3328.0,1792.0,Net Banking,Rahul Sharma
TX05503,2026-06-07,Denim Pants Premium,Clothing,North,Returning,7,2900,8,18676.0,8526.0,10150.0,UPI,Rahul Sharma
TX05504,2026-06-21,Robotic Vacuum X,Home Appliances,North,New,2,26000,0,52000.0,36400.0,15600.0,Card,Neha Singh
TX05505,2026-03-06,Cotton Polo Shirt,Clothing,South,Returning,5,1600,5,7600.0,3200.0,4400.0,UPI,Rahul Sharma
TX05506,2026-05-12,Tablet Pro 11,Electronics,South,Returning,4,38000,5,144400.0,114000.0,30400.0,Card,Amit Kumar
TX05507,2026-02-19,Mesh Task Chair,Furniture,North,New,1,7500,5,7125.0,4500.0,2625.0,Cash,Rahul Sharma
TX05508,2026-06-09,Mesh Task Chair,Furniture,East,Returning,1,7500,8,6900.0,4500.0,2400.0,Card,Kavita Reddy
TX05509,2026-02-16,Coffee Maker Deluxe,Home Appliances,West,New,4,12800,8,47104.0,32768.0,14336.0,Card,Ananya Roy
TX05510,2026-05-28,Air Purifier Pro,Home Appliances,South,New,2,16500,10,29700.0,21780.0,7920.0,UPI,Kavita Reddy
TX05511,2026-04-23,Running Jacket Pro,Clothing,West,Returning,2,4800,10,8640.0,4320.0,4320.0,UPI,Neha Singh
TX05512,2026-06-04,MagSafe Power Bank,Accessories,South,Returning,7,3200,0,22400.0,11648.0,10752.0,UPI,Rahul Sharma
TX05513,2026-06-18,Laptop Pro 15,Electronics,South,Returning,4,68000,0,272000.0,212160.0,59840.0,UPI,Vikas Verma
TX05514,2026-07-07,Ergonomic Office Chair,Furniture,North,Returning,1,14500,0,14500.0,8990.0,5510.0,UPI,Kavita Reddy
TX05515,2026-05-01,Formal Suit Blazer,Clothing,South,New,4,11500,10,41400.0,25300.0,16100.0,Card,Priya Patel
TX05516,2026-05-20,Standing Desk Dual Engine,Furniture,East,New,1,34000,5,32300.0,23120.0,9180.0,Cash,Neha Singh
TX05517,2026-02-14,Executive Desk,Furniture,West,New,2,28000,0,56000.0,36400.0,19600.0,Cash,Amit Kumar
TX05518,2026-05-11,Bookshelf Wooden,Furniture,West,Returning,1,8900,10,8010.0,5162.0,2848.0,Card,Vikas Verma
TX05519,2026-06-22,Laptop Pro 15,Electronics,East,Returning,7,68000,12,418880.0,371280.0,47600.0,UPI,Amit Kumar
TX05520,2026-05-06,Laptop Sleeve 15,Accessories,North,New,2,1100,0,2200.0,770.0,1430.0,Net Banking,Kavita Reddy
TX05521,2026-06-04,Noise Cancelling Headphones,Electronics,North,New,1,14500,8,13340.0,9425.0,3915.0,Card,Rahul Sharma
TX05522,2026-06-25,MagSafe Power Bank,Accessories,Central,Returning,8,3200,20,20480.0,13312.0,7168.0,Net Banking,Neha Singh
TX05523,2026-05-06,Noise Cancelling Headphones,Electronics,North,New,4,14500,5,55100.0,37700.0,17400.0,Cash,Kavita Reddy
TX05524,2026-03-02,Wireless Earbuds,Electronics,North,Returning,7,4500,5,29925.0,18900.0,11025.0,Card,Siddharth Rao
TX05525,2026-04-12,Smart Blender 1200W,Home Appliances,Central,Returning,2,6800,0,13600.0,7888.0,5712.0,Cash,Ananya Roy
TX05526,2026-07-06,Cotton Polo Shirt,Clothing,South,Returning,4,1600,8,5888.0,2560.0,3328.0,UPI,Amit Kumar
TX05527,2026-04-29,Ergonomic Office Chair,Furniture,South,Returning,7,14500,5,96425.0,62930.0,33495.0,Cash,Kavita Reddy
TX05528,2026-06-04,Bookshelf Wooden,Furniture,West,Returning,2,8900,5,16910.0,10324.0,6586.0,Net Banking,Rahul Sharma
TX05529,2026-03-30,Portable SSD 2TB,Electronics,Central,Returning,8,12500,8,92000.0,70000.0,22000.0,UPI,Vikas Verma
TX05530,2026-07-24,Smartphone X,Electronics,Central,New,1,42000,8,38640.0,30240.0,8400.0,Card,Priya Patel
TX05531,2026-05-01,Mechanical RGB Keyboard,Electronics,East,Returning,4,6200,0,24800.0,14384.0,10416.0,UPI,Vikas Verma
TX05532,2026-06-05,Leather Slim Wallet,Accessories,North,Returning,7,1400,0,9800.0,3724.0,6076.0,UPI,Ananya Roy
TX05533,2026-07-26,Bookshelf Wooden,Furniture,North,Returning,5,8900,0,44500.0,25810.0,18690.0,UPI,Rahul Sharma
TX05534,2026-05-23,Ergonomic Office Chair,Furniture,East,Returning,2,14500,0,29000.0,17980.0,11020.0,Card,Siddharth Rao
TX05535,2026-05-13,Tablet Pro 11,Electronics,West,Returning,4,38000,18,124640.0,114000.0,10640.0,Net Banking,Rahul Sharma
TX05536,2026-05-01,Smart Watch Series 7,Electronics,East,New,2,18500,0,37000.0,25160.0,11840.0,Card,Siddharth Rao
TX05537,2026-04-05,Windbreaker Hooded,Clothing,South,New,4,3800,5,14440.0,6992.0,7448.0,Card,Neha Singh
TX05538,2026-04-14,Leather Slim Wallet,Accessories,North,Returning,5,1400,0,7000.0,2660.0,4340.0,UPI,Siddharth Rao
TX05539,2026-03-09,Mechanical RGB Keyboard,Electronics,West,Returning,5,6200,0,31000.0,17980.0,13020.0,Card,Vikas Verma
TX05540,2026-06-08,Cotton Polo Shirt,Clothing,North,Returning,3,1600,5,4560.0,1920.0,2640.0,UPI,Vikas Verma
TX05541,2026-06-14,Travel Backpack 30L,Accessories,North,Returning,3,3500,5,9975.0,4725.0,5250.0,UPI,Siddharth Rao
TX05542,2026-07-23,Portable SSD 2TB,Electronics,East,Returning,5,12500,0,62500.0,43750.0,18750.0,Card,Amit Kumar
TX05543,2026-05-08,Noise Cancelling Headphones,Electronics,South,Returning,4,14500,0,58000.0,37700.0,20300.0,Net Banking,Ananya Roy
TX05544,2026-06-14,Mechanical RGB Keyboard,Electronics,North,Returning,8,6200,5,47120.0,28768.0,18352.0,UPI,Vikas Verma
TX05545,2026-02-02,Mesh Task Chair,Furniture,West,Returning,5,7500,0,37500.0,22500.0,15000.0,Net Banking,Siddharth Rao
TX05546,2026-04-29,Ergonomic Office Chair,Furniture,West,New,4,14500,10,52200.0,35960.0,16240.0,UPI,Ananya Roy
TX05547,2026-03-02,Smart Blender 1200W,Home Appliances,East,New,3,6800,0,20400.0,11832.0,8568.0,UPI,Ananya Roy
TX05548,2026-07-27,4K Streaming WebCam,Electronics,East,New,3,7800,8,21528.0,14508.0,7020.0,UPI,Ananya Roy
TX05549,2026-02-02,Smartphone X,Electronics,South,Returning,5,42000,8,193200.0,151200.0,42000.0,Card,Rahul Sharma
TX05550,2026-06-05,Smart Blender 1200W,Home Appliances,South,Returning,5,6800,0,34000.0,19720.0,14280.0,Card,Neha Singh
TX05551,2026-03-03,Ergonomic Office Chair,Furniture,South,New,2,14500,0,29000.0,17980.0,11020.0,Card,Amit Kumar
TX05552,2026-07-14,Noise Cancelling Headphones,Electronics,Central,New,3,14500,10,39150.0,28275.0,10875.0,Cash,Priya Patel
TX05553,2026-05-11,Laptop Pro 15,Electronics,West,Returning,4,68000,22,212160.0,212160.0,0.0,UPI,Siddharth Rao
TX05554,2026-07-30,Coffee Maker Deluxe,Home Appliances,South,New,3,12800,0,38400.0,24576.0,13824.0,Card,Priya Patel
TX05555,2026-02-09,Mechanical RGB Keyboard,Electronics,South,Returning,4,6200,5,23560.0,14384.0,9176.0,Card,Priya Patel
TX05556,2026-07-12,Portable SSD 2TB,Electronics,West,Returning,4,12500,12,44000.0,35000.0,9000.0,UPI,Vikas Verma
TX05557,2026-04-14,Laptop Pro 15,Electronics,West,New,4,68000,0,272000.0,212160.0,59840.0,Cash,Kavita Reddy
TX05558,2026-07-29,Mechanical RGB Keyboard,Electronics,Central,New,3,6200,0,18600.0,10788.0,7812.0,Cash,Rahul Sharma
TX05559,2026-07-02,Mechanical RGB Keyboard,Electronics,West,New,4,6200,5,23560.0,14384.0,9176.0,Net Banking,Rahul Sharma
TX05560,2026-06-15,Laptop Pro 15,Electronics,West,New,2,68000,0,136000.0,106080.0,29920.0,Card,Siddharth Rao
TX05561,2026-04-08,Mechanical RGB Keyboard,Electronics,East,Returning,6,6200,5,35340.0,21576.0,13764.0,UPI,Amit Kumar
TX05562,2026-07-28,Monitor Arm Dual Mount,Furniture,South,New,2,4200,10,7560.0,4200.0,3360.0,Card,Kavita Reddy
TX05563,2026-03-06,MagSafe Power Bank,Accessories,North,New,4,3200,0,12800.0,6656.0,6144.0,UPI,Siddharth Rao
TX05564,2026-02-12,Laptop Pro 15,Electronics,East,New,1,68000,8,62560.0,53040.0,9520.0,UPI,Rahul Sharma
TX05565,2026-02-02,Monitor Arm Dual Mount,Furniture,North,New,2,4200,5,7980.0,4200.0,3780.0,UPI,Siddharth Rao
TX05566,2026-06-15,Travel Backpack 30L,Accessories,East,Returning,3,3500,0,10500.0,4725.0,5775.0,Card,Neha Singh
TX05567,2026-02-03,Trail Hiking Boots,Footwear,North,Returning,2,8400,12,14784.0,8736.0,6048.0,UPI,Amit Kumar
TX05568,2026-03-15,Standing Desk Dual Engine,Furniture,West,Returning,7,34000,12,209440.0,161840.0,47600.0,UPI,Priya Patel
TX05569,2026-05-05,Running Jacket Pro,Clothing,North,Returning,2,4800,15,8160.0,4320.0,3840.0,Net Banking,Rahul Sharma
TX05570,2026-05-26,Laptop Pro 15,Electronics,West,Returning,3,68000,25,153000.0,159120.0,-6120.0,Card,Amit Kumar
TX05571,2026-07-28,Cotton Polo Shirt,Clothing,West,Returning,7,1600,0,11200.0,4480.0,6720.0,Card,Neha Singh
TX05572,2026-04-20,Portable SSD 2TB,Electronics,West,New,4,12500,8,46000.0,35000.0,11000.0,UPI,Ananya Roy
TX05573,2026-05-01,Smart Watch Series 7,Electronics,North,New,2,18500,12,32560.0,25160.0,7400.0,UPI,Ananya Roy
TX05574,2026-05-28,4K Streaming WebCam,Electronics,Central,Returning,5,7800,5,37050.0,24180.0,12870.0,UPI,Priya Patel
TX05575,2026-05-23,Smart Watch Series 7,Electronics,West,New,3,18500,32,37740.0,37740.0,0.0,Card,Ananya Roy
TX05576,2026-03-26,Smartphone X,Electronics,West,New,4,42000,0,168000.0,120960.0,47040.0,Card,Rahul Sharma
TX05577,2026-07-24,Cotton Polo Shirt,Clothing,North,Returning,6,1600,8,8832.0,3840.0,4992.0,UPI,Rahul Sharma
TX05578,2026-03-20,Trail Hiking Boots,Footwear,East,Returning,2,8400,0,16800.0,8736.0,8064.0,Cash,Priya Patel
TX05579,2026-02-19,Gaming Mouse 8K,Electronics,East,New,3,3200,0,9600.0,5280.0,4320.0,Card,Kavita Reddy
TX05580,2026-04-11,Mesh Task Chair,Furniture,North,New,2,7500,5,14250.0,9000.0,5250.0,Card,Siddharth Rao
TX05581,2026-04-30,Smartphone X,Electronics,Central,Returning,3,42000,20,100800.0,90720.0,10080.0,Cash,Rahul Sharma
TX05582,2026-05-03,Trail Hiking Boots,Footwear,West,New,4,8400,0,33600.0,17472.0,16128.0,UPI,Ananya Roy
TX05583,2026-05-26,Windbreaker Hooded,Clothing,West,Returning,3,3800,0,11400.0,5244.0,6156.0,Net Banking,Ananya Roy
TX05584,2026-07-13,Smart Blender 1200W,Home Appliances,East,Returning,5,6800,5,32300.0,19720.0,12580.0,Card,Rahul Sharma
TX05585,2026-02-01,Mechanical RGB Keyboard,Electronics,South,Returning,2,6200,0,12400.0,7192.0,5208.0,UPI,Amit Kumar
TX05586,2026-04-11,Ergonomic Office Chair,Furniture,South,Returning,5,14500,10,65250.0,44950.0,20300.0,Card,Rahul Sharma
TX05587,2026-03-07,Coffee Maker Deluxe,Home Appliances,North,Returning,7,12800,12,78848.0,57344.0,21504.0,UPI,Amit Kumar
TX05588,2026-04-20,Running Jacket Pro,Clothing,West,New,3,4800,10,12960.0,6480.0,6480.0,Card,Kavita Reddy
TX05589,2026-03-13,Denim Pants Premium,Clothing,East,Returning,8,2900,5,22040.0,9744.0,12296.0,Net Banking,Rahul Sharma
TX05590,2026-07-26,Standing Desk Dual Engine,Furniture,South,New,1,34000,12,29920.0,23120.0,6800.0,UPI,Rahul Sharma
TX05591,2026-02-10,Smart Blender 1200W,Home Appliances,North,Returning,5,6800,8,31280.0,19720.0,11560.0,Card,Rahul Sharma
TX05592,2026-04-09,Noise Cancelling Headphones,Electronics,North,New,2,14500,0,29000.0,18850.0,10150.0,Card,Kavita Reddy
TX05593,2026-04-30,Trail Hiking Boots,Footwear,North,Returning,7,8400,20,47040.0,30576.0,16464.0,Card,Amit Kumar
TX05594,2026-06-09,Travel Backpack 30L,Accessories,South,Returning,6,3500,8,19320.0,9450.0,9870.0,UPI,Ananya Roy
TX05595,2026-06-11,Smart Blender 1200W,Home Appliances,East,Returning,6,6800,0,40800.0,23664.0,17136.0,Net Banking,Siddharth Rao
TX05596,2026-04-10,Laptop Sleeve 15,Accessories,East,New,4,1100,0,4400.0,1540.0,2860.0,Net Banking,Kavita Reddy
TX05597,2026-03-01,Bookshelf Wooden,Furniture,North,New,3,8900,5,25365.0,15486.0,9879.0,UPI,Vikas Verma
TX05598,2026-04-29,Monitor Arm Dual Mount,Furniture,North,Returning,6,4200,0,25200.0,12600.0,12600.0,UPI,Vikas Verma
TX05599,2026-04-15,Trail Hiking Boots,Footwear,North,Returning,5,8400,5,39900.0,21840.0,18060.0,UPI,Siddharth Rao
TX05600,2026-03-27,Executive Desk,Furniture,East,Returning,6,28000,8,154560.0,109200.0,45360.0,Cash,Priya Patel
TX05601,2026-07-02,Electric Kettle Stainless,Home Appliances,East,New,4,2400,10,8640.0,4992.0,3648.0,UPI,Ananya Roy
TX05602,2026-04-25,Running Jacket Pro,Clothing,North,Returning,2,4800,8,8832.0,4320.0,4512.0,UPI,Amit Kumar
TX05603,2026-04-15,Wireless Earbuds,Electronics,East,Returning,8,4500,8,33120.0,21600.0,11520.0,UPI,Rahul Sharma
TX05604,2026-02-28,Robotic Vacuum X,Home Appliances,South,Returning,5,26000,12,114400.0,91000.0,23400.0,UPI,Rahul Sharma
TX05605,2026-04-09,Laptop Pro 15,Electronics,West,Returning,3,68000,5,193800.0,159120.0,34680.0,Net Banking,Neha Singh
TX05606,2026-07-26,Smart Blender 1200W,Home Appliances,East,New,3,6800,20,16320.0,11832.0,4488.0,UPI,Vikas Verma
TX05607,2026-06-03,Robotic Vacuum X,Home Appliances,West,Returning,4,26000,8,95680.0,72800.0,22880.0,UPI,Siddharth Rao
TX05608,2026-07-12,Smart Watch Series 7,Electronics,West,Returning,8,18500,10,133200.0,100640.0,32560.0,UPI,Ananya Roy
TX05609,2026-06-15,Tablet Pro 11,Electronics,East,New,4,38000,8,139840.0,114000.0,25840.0,UPI,Priya Patel
TX05610,2026-07-28,Casual Leather Loafers,Footwear,West,Returning,1,4200,10,3780.0,2100.0,1680.0,UPI,Priya Patel
TX05611,2026-03-07,Smart Blender 1200W,Home Appliances,North,New,4,6800,0,27200.0,15776.0,11424.0,UPI,Vikas Verma
TX05612,2026-04-28,Air Purifier Pro,Home Appliances,East,Returning,8,16500,5,125400.0,87120.0,38280.0,UPI,Priya Patel
TX05613,2026-07-14,Portable SSD 2TB,Electronics,South,New,1,12500,5,11875.0,8750.0,3125.0,UPI,Neha Singh
TX05614,2026-02-28,MagSafe Power Bank,Accessories,West,New,3,3200,0,9600.0,4992.0,4608.0,Card,Vikas Verma
TX05615,2026-04-25,Ergonomic Office Chair,Furniture,North,Returning,1,14500,15,12325.0,8990.0,3335.0,UPI,Ananya Roy
TX05616,2026-04-23,Leather Slim Wallet,Accessories,North,New,4,1400,20,4480.0,2128.0,2352.0,Cash,Kavita Reddy
TX05617,2026-04-11,Standing Desk Dual Engine,Furniture,South,Returning,5,34000,5,161500.0,115600.0,45900.0,Card,Siddharth Rao
TX05618,2026-03-24,Noise Cancelling Headphones,Electronics,East,New,2,14500,0,29000.0,18850.0,10150.0,UPI,Rahul Sharma
TX05619,2026-03-06,MagSafe Power Bank,Accessories,West,New,4,3200,0,12800.0,6656.0,6144.0,Card,Kavita Reddy
TX05620,2026-05-11,Bookshelf Wooden,Furniture,West,New,2,8900,0,17800.0,10324.0,7476.0,UPI,Amit Kumar
TX05621,2026-07-17,Robotic Vacuum X,Home Appliances,Central,New,3,26000,5,74100.0,54600.0,19500.0,UPI,Siddharth Rao
TX05622,2026-07-14,Ergonomic Office Chair,Furniture,East,Returning,8,14500,0,116000.0,71920.0,44080.0,UPI,Amit Kumar
TX05623,2026-02-25,Air Purifier Pro,Home Appliances,West,Returning,5,16500,8,75900.0,54450.0,21450.0,Net Banking,Neha Singh
TX05624,2026-05-01,Mechanical RGB Keyboard,Electronics,East,Returning,7,6200,12,38192.0,25172.0,13020.0,UPI,Vikas Verma
TX05625,2026-07-19,Cotton Polo Shirt,Clothing,East,New,1,1600,8,1472.0,640.0,832.0,Card,Neha Singh
TX05626,2026-04-27,Denim Pants Premium,Clothing,West,New,2,2900,0,5800.0,2436.0,3364.0,Cash,Ananya Roy
TX05627,2026-04-02,Monitor 27 Ultra,Electronics,West,Returning,2,24000,20,38400.0,33600.0,4800.0,Card,Rahul Sharma
TX05628,2026-04-10,Air Purifier Pro,Home Appliances,West,Returning,3,16500,5,47025.0,32670.0,14355.0,Cash,Amit Kumar
TX05629,2026-03-23,Running Jacket Pro,Clothing,North,Returning,6,4800,5,27360.0,12960.0,14400.0,Card,Neha Singh
TX05630,2026-03-29,Formal Suit Blazer,Clothing,South,New,2,11500,5,21850.0,12650.0,9200.0,Card,Priya Patel
TX05631,2026-06-15,4K Streaming WebCam,Electronics,East,Returning,8,7800,0,62400.0,38688.0,23712.0,Card,Rahul Sharma
TX05632,2026-02-12,Coffee Maker Deluxe,Home Appliances,West,Returning,4,12800,10,46080.0,32768.0,13312.0,Cash,Rahul Sharma
TX05633,2026-05-29,Noise Cancelling Headphones,Electronics,South,New,3,14500,0,43500.0,28275.0,15225.0,UPI,Ananya Roy
TX05634,2026-02-07,Mechanical RGB Keyboard,Electronics,South,New,3,6200,5,17670.0,10788.0,6882.0,Cash,Ananya Roy
TX05635,2026-04-24,MagSafe Power Bank,Accessories,East,Returning,1,3200,8,2944.0,1664.0,1280.0,UPI,Siddharth Rao
TX05636,2026-07-02,Leather Slim Wallet,Accessories,West,Returning,3,1400,0,4200.0,1596.0,2604.0,UPI,Amit Kumar
TX05637,2026-02-11,Mesh Task Chair,Furniture,North,New,2,7500,8,13800.0,9000.0,4800.0,Card,Rahul Sharma
TX05638,2026-05-21,Travel Backpack 30L,Accessories,West,New,2,3500,5,6650.0,3150.0,3500.0,UPI,Priya Patel
TX05639,2026-07-22,Smart Watch Series 7,Electronics,West,Returning,3,18500,10,49950.0,37740.0,12210.0,Net Banking,Amit Kumar
TX05640,2026-06-21,Electric Kettle Stainless,Home Appliances,North,Returning,4,2400,0,9600.0,4992.0,4608.0,UPI,Priya Patel
TX05641,2026-04-11,Laptop Pro 15,Electronics,West,New,3,68000,12,179520.0,159120.0,20400.0,UPI,Amit Kumar
TX05642,2026-04-08,4K Streaming WebCam,Electronics,North,New,2,7800,0,15600.0,9672.0,5928.0,UPI,Rahul Sharma
TX05643,2026-02-04,Smartphone X,Electronics,North,New,2,42000,5,79800.0,60480.0,19320.0,Card,Vikas Verma
TX05644,2026-07-20,Monitor Arm Dual Mount,Furniture,South,Returning,8,4200,5,31920.0,16800.0,15120.0,Card,Neha Singh
TX05645,2026-04-27,Bookshelf Wooden,Furniture,West,Returning,7,8900,0,62300.0,36134.0,26166.0,Net Banking,Siddharth Rao
TX05646,2026-03-20,Running Jacket Pro,Clothing,Central,Returning,5,4800,5,22800.0,10800.0,12000.0,Card,Siddharth Rao
TX05647,2026-04-15,Tablet Pro 11,Electronics,Central,Returning,8,38000,5,288800.0,228000.0,60800.0,Net Banking,Neha Singh
TX05648,2026-05-08,Wireless Earbuds,Electronics,Central,New,2,4500,0,9000.0,5400.0,3600.0,Card,Rahul Sharma
TX05649,2026-05-12,Monitor Arm Dual Mount,Furniture,Central,New,1,4200,0,4200.0,2100.0,2100.0,Net Banking,Priya Patel
TX05650,2026-04-27,Pro Runner Shoes,Footwear,South,Returning,7,6500,0,45500.0,21840.0,23660.0,Card,Neha Singh
TX05651,2026-05-21,Ergonomic Office Chair,Furniture,East,New,4,14500,8,53360.0,35960.0,17400.0,Cash,Neha Singh
TX05652,2026-06-20,Ergonomic Office Chair,Furniture,West,New,2,14500,0,29000.0,17980.0,11020.0,UPI,Amit Kumar
TX05653,2026-03-15,Ergonomic Office Chair,Furniture,Central,Returning,4,14500,0,58000.0,35960.0,22040.0,Card,Priya Patel
TX05654,2026-03-23,Laptop Sleeve 15,Accessories,Central,New,2,1100,0,2200.0,770.0,1430.0,Card,Rahul Sharma
TX05655,2026-05-10,4K Streaming WebCam,Electronics,East,New,3,7800,12,20592.0,14508.0,6084.0,Cash,Rahul Sharma
TX05656,2026-07-26,Mechanical RGB Keyboard,Electronics,Central,New,2,6200,0,12400.0,7192.0,5208.0,Net Banking,Amit Kumar
TX05657,2026-07-02,4K Streaming WebCam,Electronics,South,New,4,7800,8,28704.0,19344.0,9360.0,Card,Neha Singh
TX05658,2026-06-28,Bookshelf Wooden,Furniture,Central,Returning,6,8900,0,53400.0,30972.0,22428.0,UPI,Amit Kumar
TX05659,2026-07-28,Executive Desk,Furniture,North,Returning,5,28000,0,140000.0,91000.0,49000.0,Net Banking,Ananya Roy
TX05660,2026-06-22,Bookshelf Wooden,Furniture,North,Returning,6,8900,10,48060.0,30972.0,17088.0,UPI,Rahul Sharma
TX05661,2026-04-29,Monitor Arm Dual Mount,Furniture,West,Returning,5,4200,0,21000.0,10500.0,10500.0,Card,Ananya Roy
TX05662,2026-02-16,Laptop Sleeve 15,Accessories,West,New,4,1100,0,4400.0,1540.0,2860.0,UPI,Neha Singh
TX05663,2026-02-04,Laptop Pro 15,Electronics,East,Returning,2,68000,5,129200.0,106080.0,23120.0,Card,Vikas Verma
TX05664,2026-06-09,Cotton Polo Shirt,Clothing,South,Returning,8,1600,8,11776.0,5120.0,6656.0,Card,Amit Kumar
TX05665,2026-07-09,Mechanical RGB Keyboard,Electronics,South,New,3,6200,15,15810.0,10788.0,5022.0,UPI,Ananya Roy
TX05666,2026-02-11,Robotic Vacuum X,Home Appliances,East,Returning,3,26000,5,74100.0,54600.0,19500.0,Net Banking,Rahul Sharma
TX05667,2026-03-17,Formal Suit Blazer,Clothing,West,Returning,6,11500,10,62100.0,37950.0,24150.0,Card,Vikas Verma
TX05668,2026-07-11,Mechanical RGB Keyboard,Electronics,West,Returning,1,6200,12,5456.0,3596.0,1860.0,Cash,Ananya Roy
TX05669,2026-05-17,Ergonomic Office Chair,Furniture,West,Returning,3,14500,5,41325.0,26970.0,14355.0,UPI,Siddharth Rao
TX05670,2026-07-16,Laptop Sleeve 15,Accessories,North,Returning,5,1100,12,4840.0,1925.0,2915.0,Card,Siddharth Rao
TX05671,2026-04-19,Travel Backpack 30L,Accessories,North,New,3,3500,0,10500.0,4725.0,5775.0,UPI,Ananya Roy
TX05672,2026-03-23,4K Streaming WebCam,Electronics,North,New,2,7800,0,15600.0,9672.0,5928.0,UPI,Priya Patel
TX05673,2026-04-17,Bookshelf Wooden,Furniture,South,New,2,8900,5,16910.0,10324.0,6586.0,UPI,Vikas Verma
TX05674,2026-03-21,Gaming Mouse 8K,Electronics,North,New,4,3200,5,12160.0,7040.0,5120.0,Card,Rahul Sharma
TX05675,2026-07-09,Air Purifier Pro,Home Appliances,North,Returning,2,16500,8,30360.0,21780.0,8580.0,UPI,Ananya Roy
TX05676,2026-03-14,Electric Kettle Stainless,Home Appliances,South,Returning,8,2400,5,18240.0,9984.0,8256.0,UPI,Kavita Reddy
TX05677,2026-07-17,Robotic Vacuum X,Home Appliances,South,New,4,26000,8,95680.0,72800.0,22880.0,Cash,Rahul Sharma
TX05678,2026-05-31,Smartphone X,Electronics,South,New,1,42000,8,38640.0,30240.0,8400.0,Card,Priya Patel
TX05679,2026-03-07,Denim Pants Premium,Clothing,Central,Returning,1,2900,5,2755.0,1218.0,1537.0,Card,Vikas Verma
TX05680,2026-03-05,Mechanical RGB Keyboard,Electronics,North,Returning,5,6200,8,28520.0,17980.0,10540.0,Card,Rahul Sharma
TX05681,2026-04-13,Mesh Task Chair,Furniture,East,Returning,1,7500,5,7125.0,4500.0,2625.0,Card,Priya Patel
TX05682,2026-04-17,Ergonomic Office Chair,Furniture,Central,New,2,14500,0,29000.0,17980.0,11020.0,Net Banking,Vikas Verma
TX05683,2026-02-15,Mesh Task Chair,Furniture,North,New,4,7500,0,30000.0,18000.0,12000.0,Cash,Neha Singh
TX05684,2026-02-20,Smartphone X,Electronics,West,New,1,42000,0,42000.0,30240.0,11760.0,UPI,Kavita Reddy
TX05685,2026-06-21,Windbreaker Hooded,Clothing,North,New,4,3800,5,14440.0,6992.0,7448.0,Cash,Priya Patel
TX05686,2026-04-10,Gaming Mouse 8K,Electronics,South,New,1,3200,0,3200.0,1760.0,1440.0,UPI,Ananya Roy
TX05687,2026-03-03,Running Jacket Pro,Clothing,West,Returning,8,4800,0,38400.0,17280.0,21120.0,UPI,Ananya Roy
TX05688,2026-03-31,Robotic Vacuum X,Home Appliances,North,Returning,2,26000,0,52000.0,36400.0,15600.0,Net Banking,Siddharth Rao
TX05689,2026-03-17,Travel Backpack 30L,Accessories,West,New,3,3500,8,9660.0,4725.0,4935.0,UPI,Rahul Sharma
TX05690,2026-05-12,Mechanical RGB Keyboard,Electronics,East,Returning,6,6200,0,37200.0,21576.0,15624.0,UPI,Kavita Reddy
TX05691,2026-03-20,Windbreaker Hooded,Clothing,South,New,1,3800,5,3610.0,1748.0,1862.0,Card,Priya Patel
TX05692,2026-03-20,4K Streaming WebCam,Electronics,North,New,1,7800,5,7410.0,4836.0,2574.0,Net Banking,Ananya Roy
TX05693,2026-03-18,Cotton Polo Shirt,Clothing,Central,Returning,7,1600,8,10304.0,4480.0,5824.0,UPI,Siddharth Rao
TX05694,2026-07-23,Noise Cancelling Headphones,Electronics,South,Returning,4,14500,5,55100.0,37700.0,17400.0,UPI,Rahul Sharma
TX05695,2026-06-30,Monitor Arm Dual Mount,Furniture,West,Returning,2,4200,12,7392.0,4200.0,3192.0,Card,Vikas Verma
TX05696,2026-02-16,Smartphone X,Electronics,West,Returning,2,42000,0,84000.0,60480.0,23520.0,Card,Kavita Reddy
TX05697,2026-03-01,Noise Cancelling Headphones,Electronics,West,Returning,3,14500,5,41325.0,28275.0,13050.0,UPI,Vikas Verma
TX05698,2026-02-20,Formal Suit Blazer,Clothing,West,Returning,5,11500,8,52900.0,31625.0,21275.0,Cash,Vikas Verma
TX05699,2026-07-13,Executive Desk,Furniture,South,New,1,28000,0,28000.0,18200.0,9800.0,UPI,Amit Kumar
TX05700,2026-06-03,Monitor Arm Dual Mount,Furniture,East,Returning,7,4200,10,26460.0,14700.0,11760.0,Cash,Priya Patel
TX05701,2026-02-22,Monitor 27 Ultra,Electronics,South,Returning,3,24000,5,68400.0,50400.0,18000.0,Card,Kavita Reddy
TX05702,2026-03-10,Running Jacket Pro,Clothing,North,Returning,8,4800,5,36480.0,17280.0,19200.0,Card,Neha Singh
TX05703,2026-07-20,Robotic Vacuum X,Home Appliances,South,Returning,1,26000,5,24700.0,18200.0,6500.0,Card,Amit Kumar
TX05704,2026-04-06,Tablet Pro 11,Electronics,East,Returning,6,38000,0,228000.0,171000.0,57000.0,Card,Neha Singh
TX05705,2026-03-21,Mechanical RGB Keyboard,Electronics,Central,Returning,3,6200,0,18600.0,10788.0,7812.0,UPI,Neha Singh
TX05706,2026-05-22,Robotic Vacuum X,Home Appliances,North,Returning,3,26000,0,78000.0,54600.0,23400.0,UPI,Amit Kumar
TX05707,2026-07-01,Windbreaker Hooded,Clothing,West,Returning,7,3800,8,24472.0,12236.0,12236.0,Cash,Rahul Sharma
TX05708,2026-07-25,Smart Blender 1200W,Home Appliances,Central,Returning,2,6800,15,11560.0,7888.0,3672.0,Cash,Rahul Sharma
TX05709,2026-06-22,Running Jacket Pro,Clothing,North,New,1,4800,8,4416.0,2160.0,2256.0,UPI,Kavita Reddy
TX05710,2026-05-12,Travel Backpack 30L,Accessories,North,New,4,3500,0,14000.0,6300.0,7700.0,Cash,Neha Singh
TX05711,2026-06-30,Coffee Maker Deluxe,Home Appliances,North,New,4,12800,8,47104.0,32768.0,14336.0,Card,Rahul Sharma
TX05712,2026-04-29,Coffee Maker Deluxe,Home Appliances,North,Returning,1,12800,0,12800.0,8192.0,4608.0,Net Banking,Rahul Sharma
TX05713,2026-06-21,Standing Desk Dual Engine,Furniture,North,Returning,3,34000,5,96900.0,69360.0,27540.0,Card,Rahul Sharma
TX05714,2026-05-01,Air Purifier Pro,Home Appliances,Central,Returning,5,16500,10,74250.0,54450.0,19800.0,Card,Vikas Verma
TX05715,2026-02-18,Noise Cancelling Headphones,Electronics,South,New,4,14500,0,58000.0,37700.0,20300.0,UPI,Amit Kumar
TX05716,2026-07-03,Monitor 27 Ultra,Electronics,South,New,1,24000,10,21600.0,16800.0,4800.0,Card,Vikas Verma
TX05717,2026-07-07,Standing Desk Dual Engine,Furniture,South,Returning,1,34000,0,34000.0,23120.0,10880.0,Cash,Priya Patel
TX05718,2026-05-27,Casual Leather Loafers,Footwear,South,Returning,2,4200,15,7140.0,4200.0,2940.0,Card,Siddharth Rao
TX05719,2026-05-24,Formal Suit Blazer,Clothing,South,Returning,1,11500,0,11500.0,6325.0,5175.0,Cash,Ananya Roy
TX05720,2026-07-15,Executive Desk,Furniture,West,New,4,28000,5,106400.0,72800.0,33600.0,Net Banking,Amit Kumar
TX05721,2026-03-18,Windbreaker Hooded,Clothing,North,Returning,7,3800,0,26600.0,12236.0,14364.0,UPI,Rahul Sharma
TX05722,2026-03-27,Pro Runner Shoes,Footwear,East,Returning,8,6500,10,46800.0,24960.0,21840.0,Cash,Kavita Reddy
TX05723,2026-05-06,Standing Desk Dual Engine,Furniture,West,New,1,34000,12,29920.0,23120.0,6800.0,UPI,Kavita Reddy
TX05724,2026-04-14,Executive Desk,Furniture,East,New,1,28000,5,26600.0,18200.0,8400.0,UPI,Kavita Reddy
TX05725,2026-06-20,Monitor 27 Ultra,Electronics,West,Returning,4,24000,5,91200.0,67200.0,24000.0,UPI,Rahul Sharma
TX05726,2026-03-02,Laptop Pro 15,Electronics,North,New,1,68000,5,64600.0,53040.0,11560.0,Cash,Vikas Verma
TX05727,2026-02-25,Electric Kettle Stainless,Home Appliances,North,Returning,1,2400,5,2280.0,1248.0,1032.0,UPI,Ananya Roy
TX05728,2026-03-02,Electric Kettle Stainless,Home Appliances,South,Returning,8,2400,12,16896.0,9984.0,6912.0,UPI,Vikas Verma
TX05729,2026-07-04,Tablet Pro 11,Electronics,South,Returning,5,38000,8,174800.0,142500.0,32300.0,Card,Siddharth Rao
TX05730,2026-02-20,Pro Runner Shoes,Footwear,Central,New,2,6500,20,10400.0,6240.0,4160.0,Card,Kavita Reddy
TX05731,2026-03-06,Pro Runner Shoes,Footwear,North,New,1,6500,0,6500.0,3120.0,3380.0,UPI,Amit Kumar
TX05732,2026-06-14,Cotton Polo Shirt,Clothing,West,New,3,1600,5,4560.0,1920.0,2640.0,Net Banking,Ananya Roy
TX05733,2026-05-10,Laptop Sleeve 15,Accessories,West,Returning,4,1100,10,3960.0,1540.0,2420.0,Card,Kavita Reddy
TX05734,2026-04-12,Coffee Maker Deluxe,Home Appliances,North,Returning,2,12800,5,24320.0,16384.0,7936.0,UPI,Vikas Verma
TX05735,2026-06-23,Casual Leather Loafers,Footwear,South,Returning,5,4200,0,21000.0,10500.0,10500.0,UPI,Neha Singh
TX05736,2026-07-22,Casual Leather Loafers,Footwear,Central,New,1,4200,8,3864.0,2100.0,1764.0,Cash,Ananya Roy
TX05737,2026-05-24,Formal Suit Blazer,Clothing,North,Returning,5,11500,5,54625.0,31625.0,23000.0,Card,Priya Patel
TX05738,2026-06-16,Standing Desk Dual Engine,Furniture,West,New,1,34000,0,34000.0,23120.0,10880.0,UPI,Amit Kumar
TX05739,2026-07-15,Leather Slim Wallet,Accessories,East,Returning,3,1400,10,3780.0,1596.0,2184.0,UPI,Priya Patel
TX05740,2026-04-23,Wireless Earbuds,Electronics,West,Returning,3,4500,0,13500.0,8100.0,5400.0,Cash,Kavita Reddy
TX05741,2026-05-15,Laptop Pro 15,Electronics,West,Returning,7,68000,18,390320.0,371280.0,19040.0,UPI,Siddharth Rao
TX05742,2026-05-21,Windbreaker Hooded,Clothing,East,Returning,3,3800,8,10488.0,5244.0,5244.0,UPI,Ananya Roy
TX05743,2026-05-19,Air Purifier Pro,Home Appliances,East,Returning,4,16500,5,62700.0,43560.0,19140.0,UPI,Rahul Sharma
TX05744,2026-07-11,Cotton Polo Shirt,Clothing,West,Returning,1,1600,8,1472.0,640.0,832.0,Cash,Siddharth Rao
TX05745,2026-03-22,MagSafe Power Bank,Accessories,Central,New,3,3200,5,9120.0,4992.0,4128.0,Net Banking,Siddharth Rao
TX05746,2026-07-05,Smartphone X,Electronics,East,Returning,5,42000,8,193200.0,151200.0,42000.0,UPI,Rahul Sharma
TX05747,2026-03-08,Electric Kettle Stainless,Home Appliances,West,Returning,3,2400,8,6624.0,3744.0,2880.0,Card,Neha Singh
TX05748,2026-02-20,Coffee Maker Deluxe,Home Appliances,West,New,4,12800,0,51200.0,32768.0,18432.0,Cash,Priya Patel
TX05749,2026-07-09,Monitor 27 Ultra,Electronics,West,Returning,8,24000,5,182400.0,134400.0,48000.0,Net Banking,Priya Patel
TX05750,2026-05-03,Tablet Pro 11,Electronics,East,Returning,4,38000,12,133760.0,114000.0,19760.0,UPI,Vikas Verma
TX05751,2026-04-23,Wireless Earbuds,Electronics,North,Returning,5,4500,0,22500.0,13500.0,9000.0,Card,Neha Singh
TX05752,2026-03-24,Leather Slim Wallet,Accessories,East,New,4,1400,10,5040.0,2128.0,2912.0,Card,Amit Kumar
TX05753,2026-05-01,Smartphone X,Electronics,South,Returning,4,42000,5,159600.0,120960.0,38640.0,UPI,Neha Singh
TX05754,2026-07-03,Coffee Maker Deluxe,Home Appliances,West,New,1,12800,5,12160.0,8192.0,3968.0,UPI,Kavita Reddy
TX05755,2026-04-27,Formal Suit Blazer,Clothing,North,Returning,4,11500,15,39100.0,25300.0,13800.0,UPI,Siddharth Rao
TX05756,2026-02-16,Bookshelf Wooden,Furniture,South,Returning,4,8900,20,28480.0,20648.0,7832.0,UPI,Amit Kumar
TX05757,2026-04-06,Travel Backpack 30L,Accessories,South,Returning,2,3500,10,6300.0,3150.0,3150.0,Card,Amit Kumar
TX05758,2026-07-08,Windbreaker Hooded,Clothing,South,Returning,5,3800,5,18050.0,8740.0,9310.0,Card,Amit Kumar
TX05759,2026-07-30,Mesh Task Chair,Furniture,West,New,3,7500,0,22500.0,13500.0,9000.0,Card,Kavita Reddy
TX05760,2026-07-25,Air Purifier Pro,Home Appliances,West,Returning,1,16500,10,14850.0,10890.0,3960.0,UPI,Siddharth Rao
TX05761,2026-02-08,Smart Watch Series 7,Electronics,East,New,1,18500,5,17575.0,12580.0,4995.0,UPI,Rahul Sharma
TX05762,2026-02-16,4K Streaming WebCam,Electronics,South,Returning,4,7800,12,27456.0,19344.0,8112.0,Card,Siddharth Rao
TX05763,2026-03-05,Casual Leather Loafers,Footwear,East,Returning,8,4200,5,31920.0,16800.0,15120.0,UPI,Vikas Verma
TX05764,2026-02-01,Noise Cancelling Headphones,Electronics,North,Returning,8,14500,10,104400.0,75400.0,29000.0,UPI,Priya Patel
TX05765,2026-03-22,Casual Leather Loafers,Footwear,South,Returning,3,4200,5,11970.0,6300.0,5670.0,Card,Siddharth Rao
TX05766,2026-05-03,Pro Runner Shoes,Footwear,Central,New,2,6500,12,11440.0,6240.0,5200.0,UPI,Ananya Roy
TX05767,2026-05-11,Ergonomic Office Chair,Furniture,South,Returning,6,14500,8,80040.0,53940.0,26100.0,UPI,Neha Singh
TX05768,2026-04-20,Laptop Sleeve 15,Accessories,West,Returning,4,1100,8,4048.0,1540.0,2508.0,UPI,Ananya Roy
TX05769,2026-04-26,Monitor Arm Dual Mount,Furniture,South,New,2,4200,0,8400.0,4200.0,4200.0,UPI,Vikas Verma
TX05770,2026-05-24,Monitor 27 Ultra,Electronics,South,Returning,8,24000,10,172800.0,134400.0,38400.0,UPI,Neha Singh
TX05771,2026-07-07,Laptop Pro 15,Electronics,North,Returning,8,68000,5,516800.0,424320.0,92480.0,Card,Amit Kumar
TX05772,2026-05-26,Tablet Pro 11,Electronics,South,New,3,38000,12,100320.0,85500.0,14820.0,UPI,Kavita Reddy
TX05773,2026-02-17,Coffee Maker Deluxe,Home Appliances,West,Returning,5,12800,8,58880.0,40960.0,17920.0,Card,Vikas Verma
TX05774,2026-03-30,Smartphone X,Electronics,North,Returning,8,42000,12,295680.0,241920.0,53760.0,UPI,Ananya Roy
TX05775,2026-04-21,Running Jacket Pro,Clothing,West,New,3,4800,0,14400.0,6480.0,7920.0,Card,Vikas Verma
TX05776,2026-06-18,Laptop Pro 15,Electronics,South,Returning,7,68000,8,437920.0,371280.0,66640.0,Cash,Rahul Sharma
TX05777,2026-06-19,Casual Leather Loafers,Footwear,South,Returning,5,4200,12,18480.0,10500.0,7980.0,UPI,Amit Kumar
TX05778,2026-04-20,Casual Leather Loafers,Footwear,West,New,3,4200,5,11970.0,6300.0,5670.0,Card,Kavita Reddy
TX05779,2026-06-18,Smart Watch Series 7,Electronics,South,New,4,18500,0,74000.0,50320.0,23680.0,Card,Neha Singh
TX05780,2026-05-08,Travel Backpack 30L,Accessories,West,New,4,3500,0,14000.0,6300.0,7700.0,UPI,Neha Singh
TX05781,2026-02-20,Gaming Mouse 8K,Electronics,South,New,1,3200,5,3040.0,1760.0,1280.0,UPI,Siddharth Rao
TX05782,2026-07-09,MagSafe Power Bank,Accessories,West,Returning,7,3200,5,21280.0,11648.0,9632.0,Net Banking,Amit Kumar
TX05783,2026-02-20,Laptop Sleeve 15,Accessories,North,New,2,1100,0,2200.0,770.0,1430.0,Card,Siddharth Rao
TX05784,2026-05-24,Monitor 27 Ultra,Electronics,Central,Returning,7,24000,10,151200.0,117600.0,33600.0,UPI,Vikas Verma
TX05785,2026-06-13,Coffee Maker Deluxe,Home Appliances,South,New,4,12800,5,48640.0,32768.0,15872.0,Card,Neha Singh
TX05786,2026-04-22,4K Streaming WebCam,Electronics,East,New,1,7800,10,7020.0,4836.0,2184.0,UPI,Priya Patel
TX05787,2026-03-30,Casual Leather Loafers,Footwear,North,New,2,4200,20,6720.0,4200.0,2520.0,Card,Priya Patel
TX05788,2026-02-17,Coffee Maker Deluxe,Home Appliances,West,Returning,3,12800,10,34560.0,24576.0,9984.0,Net Banking,Priya Patel
TX05789,2026-06-25,Formal Suit Blazer,Clothing,North,New,1,11500,5,10925.0,6325.0,4600.0,UPI,Kavita Reddy
TX05790,2026-06-01,Pro Runner Shoes,Footwear,Central,Returning,2,6500,0,13000.0,6240.0,6760.0,Card,Siddharth Rao
TX05791,2026-04-18,Windbreaker Hooded,Clothing,North,New,4,3800,12,13376.0,6992.0,6384.0,UPI,Ananya Roy
TX05792,2026-02-03,Bookshelf Wooden,Furniture,Central,New,2,8900,10,16020.0,10324.0,5696.0,UPI,Priya Patel
TX05793,2026-03-14,Formal Suit Blazer,Clothing,Central,Returning,8,11500,0,92000.0,50600.0,41400.0,Cash,Priya Patel
TX05794,2026-04-16,Coffee Maker Deluxe,Home Appliances,West,Returning,8,12800,5,97280.0,65536.0,31744.0,UPI,Kavita Reddy
TX05795,2026-02-01,Air Purifier Pro,Home Appliances,South,Returning,3,16500,5,47025.0,32670.0,14355.0,UPI,Rahul Sharma
TX05796,2026-02-18,Running Jacket Pro,Clothing,West,New,3,4800,5,13680.0,6480.0,7200.0,Cash,Neha Singh
TX05797,2026-05-13,Travel Backpack 30L,Accessories,East,Returning,4,3500,5,13300.0,6300.0,7000.0,UPI,Siddharth Rao
TX05798,2026-07-12,Cotton Polo Shirt,Clothing,Central,New,3,1600,12,4224.0,1920.0,2304.0,Card,Priya Patel
TX05799,2026-02-08,Electric Kettle Stainless,Home Appliances,Central,New,2,2400,10,4320.0,2496.0,1824.0,Cash,Neha Singh
TX05800,2026-06-25,Noise Cancelling Headphones,Electronics,East,New,1,14500,0,14500.0,9425.0,5075.0,Cash,Vikas Verma
TX05801,2026-03-10,Noise Cancelling Headphones,Electronics,West,New,2,14500,0,29000.0,18850.0,10150.0,UPI,Neha Singh
TX05802,2026-07-15,Formal Suit Blazer,Clothing,North,Returning,8,11500,5,87400.0,50600.0,36800.0,UPI,Neha Singh
TX05803,2026-06-09,Travel Backpack 30L,Accessories,North,New,2,3500,12,6160.0,3150.0,3010.0,UPI,Amit Kumar
TX05804,2026-07-02,Laptop Sleeve 15,Accessories,North,Returning,1,1100,0,1100.0,385.0,715.0,Cash,Ananya Roy
TX05805,2026-07-10,Coffee Maker Deluxe,Home Appliances,Central,Returning,7,12800,0,89600.0,57344.0,32256.0,Card,Rahul Sharma
TX05806,2026-07-11,Robotic Vacuum X,Home Appliances,East,Returning,1,26000,0,26000.0,18200.0,7800.0,Net Banking,Rahul Sharma
TX05807,2026-02-02,Windbreaker Hooded,Clothing,West,Returning,7,3800,5,25270.0,12236.0,13034.0,UPI,Neha Singh
TX05808,2026-03-03,Running Jacket Pro,Clothing,North,New,1,4800,12,4224.0,2160.0,2064.0,Card,Neha Singh
TX05809,2026-03-20,Mechanical RGB Keyboard,Electronics,West,New,3,6200,0,18600.0,10788.0,7812.0,UPI,Amit Kumar
TX05810,2026-06-28,Smart Watch Series 7,Electronics,West,Returning,2,18500,5,35150.0,25160.0,9990.0,Cash,Rahul Sharma
TX05811,2026-07-05,Wireless Earbuds,Electronics,North,New,4,4500,8,16560.0,10800.0,5760.0,UPI,Amit Kumar
TX05812,2026-02-05,Air Purifier Pro,Home Appliances,Central,New,2,16500,10,29700.0,21780.0,7920.0,UPI,Rahul Sharma
TX05813,2026-02-20,Smart Blender 1200W,Home Appliances,West,New,1,6800,0,6800.0,3944.0,2856.0,Net Banking,Neha Singh
TX05814,2026-05-18,Smartphone X,Electronics,East,New,3,42000,5,119700.0,90720.0,28980.0,Cash,Neha Singh
TX05815,2026-07-18,Running Jacket Pro,Clothing,Central,Returning,3,4800,0,14400.0,6480.0,7920.0,Cash,Siddharth Rao
TX05816,2026-02-09,Gaming Mouse 8K,Electronics,South,New,1,3200,5,3040.0,1760.0,1280.0,UPI,Ananya Roy
TX05817,2026-05-22,Ergonomic Office Chair,Furniture,Central,Returning,1,14500,10,13050.0,8990.0,4060.0,UPI,Kavita Reddy
TX05818,2026-02-12,Mesh Task Chair,Furniture,South,Returning,6,7500,0,45000.0,27000.0,18000.0,Net Banking,Priya Patel
TX05819,2026-07-25,Electric Kettle Stainless,Home Appliances,East,New,3,2400,0,7200.0,3744.0,3456.0,UPI,Kavita Reddy
TX05820,2026-07-23,Denim Pants Premium,Clothing,North,Returning,4,2900,5,11020.0,4872.0,6148.0,Card,Rahul Sharma
TX05821,2026-04-02,Laptop Sleeve 15,Accessories,East,Returning,7,1100,10,6930.0,2695.0,4235.0,UPI,Kavita Reddy
TX05822,2026-07-26,Smartphone X,Electronics,East,Returning,6,42000,0,252000.0,181440.0,70560.0,Net Banking,Ananya Roy
TX05823,2026-07-24,Laptop Sleeve 15,Accessories,West,New,1,1100,0,1100.0,385.0,715.0,Net Banking,Vikas Verma
TX05824,2026-03-09,Laptop Pro 15,Electronics,North,Returning,3,68000,0,204000.0,159120.0,44880.0,Net Banking,Ananya Roy
TX05825,2026-06-04,Laptop Sleeve 15,Accessories,West,Returning,1,1100,0,1100.0,385.0,715.0,UPI,Kavita Reddy
TX05826,2026-06-01,Standing Desk Dual Engine,Furniture,West,New,3,34000,15,86700.0,69360.0,17340.0,Card,Siddharth Rao
TX05827,2026-06-26,Cotton Polo Shirt,Clothing,East,New,1,1600,5,1520.0,640.0,880.0,Card,Priya Patel
TX05828,2026-03-21,Mesh Task Chair,Furniture,Central,Returning,6,7500,8,41400.0,27000.0,14400.0,UPI,Vikas Verma
TX05829,2026-02-04,Windbreaker Hooded,Clothing,North,New,1,3800,0,3800.0,1748.0,2052.0,Cash,Siddharth Rao
TX05830,2026-02-20,Leather Slim Wallet,Accessories,West,New,3,1400,5,3990.0,1596.0,2394.0,UPI,Priya Patel
TX05831,2026-03-07,Executive Desk,Furniture,West,Returning,2,28000,0,56000.0,36400.0,19600.0,Card,Vikas Verma
TX05832,2026-07-24,Windbreaker Hooded,Clothing,North,New,2,3800,8,6992.0,3496.0,3496.0,UPI,Ananya Roy
TX05833,2026-05-04,Pro Runner Shoes,Footwear,North,New,2,6500,8,11960.0,6240.0,5720.0,Card,Kavita Reddy
TX05834,2026-02-16,Wireless Earbuds,Electronics,Central,New,2,4500,8,8280.0,5400.0,2880.0,UPI,Amit Kumar
TX05835,2026-07-01,Mesh Task Chair,Furniture,North,Returning,2,7500,0,15000.0,9000.0,6000.0,Cash,Vikas Verma
TX05836,2026-06-12,Bookshelf Wooden,Furniture,North,Returning,1,8900,5,8455.0,5162.0,3293.0,Card,Amit Kumar
TX05837,2026-07-24,Smart Blender 1200W,Home Appliances,West,New,4,6800,10,24480.0,15776.0,8704.0,UPI,Vikas Verma
TX05838,2026-06-13,Smart Watch Series 7,Electronics,Central,Returning,1,18500,0,18500.0,12580.0,5920.0,UPI,Neha Singh
TX05839,2026-03-29,Smartphone X,Electronics,North,Returning,7,42000,0,294000.0,211680.0,82320.0,UPI,Siddharth Rao
TX05840,2026-07-17,Trail Hiking Boots,Footwear,Central,New,2,8400,5,15960.0,8736.0,7224.0,UPI,Vikas Verma
TX05841,2026-04-03,Cotton Polo Shirt,Clothing,South,Returning,3,1600,10,4320.0,1920.0,2400.0,UPI,Kavita Reddy
TX05842,2026-04-09,Tablet Pro 11,Electronics,South,New,1,38000,0,38000.0,28500.0,9500.0,Card,Rahul Sharma
TX05843,2026-07-08,Running Jacket Pro,Clothing,North,Returning,7,4800,5,31920.0,15120.0,16800.0,UPI,Ananya Roy
TX05844,2026-05-26,Leather Slim Wallet,Accessories,North,New,4,1400,0,5600.0,2128.0,3472.0,UPI,Priya Patel
TX05845,2026-02-13,Air Purifier Pro,Home Appliances,East,Returning,6,16500,8,91080.0,65340.0,25740.0,Net Banking,Priya Patel
TX05846,2026-05-07,Formal Suit Blazer,Clothing,South,Returning,6,11500,8,63480.0,37950.0,25530.0,Card,Amit Kumar
TX05847,2026-07-10,Pro Runner Shoes,Footwear,South,Returning,3,6500,0,19500.0,9360.0,10140.0,Card,Amit Kumar
TX05848,2026-06-22,Cotton Polo Shirt,Clothing,North,Returning,8,1600,12,11264.0,5120.0,6144.0,Card,Rahul Sharma
TX05849,2026-07-20,Portable SSD 2TB,Electronics,North,New,1,12500,8,11500.0,8750.0,2750.0,Card,Amit Kumar
TX05850,2026-05-10,Windbreaker Hooded,Clothing,West,Returning,4,3800,8,13984.0,6992.0,6992.0,UPI,Vikas Verma
TX05851,2026-07-11,Formal Suit Blazer,Clothing,West,Returning,2,11500,20,18400.0,12650.0,5750.0,UPI,Vikas Verma
TX05852,2026-05-04,Robotic Vacuum X,Home Appliances,North,New,1,26000,0,26000.0,18200.0,7800.0,Cash,Vikas Verma
TX05853,2026-02-17,Bookshelf Wooden,Furniture,North,New,2,8900,0,17800.0,10324.0,7476.0,UPI,Vikas Verma
TX05854,2026-03-20,Smart Watch Series 7,Electronics,South,Returning,8,18500,5,140600.0,100640.0,39960.0,Cash,Rahul Sharma
TX05855,2026-05-07,Formal Suit Blazer,Clothing,West,Returning,3,11500,12,30360.0,18975.0,11385.0,Net Banking,Rahul Sharma
TX05856,2026-07-20,Noise Cancelling Headphones,Electronics,South,Returning,8,14500,5,110200.0,75400.0,34800.0,Net Banking,Kavita Reddy
TX05857,2026-07-07,MagSafe Power Bank,Accessories,Central,Returning,6,3200,5,18240.0,9984.0,8256.0,Card,Vikas Verma
TX05858,2026-02-20,Wireless Earbuds,Electronics,North,New,4,4500,8,16560.0,10800.0,5760.0,Card,Siddharth Rao
TX05859,2026-05-27,Portable SSD 2TB,Electronics,West,Returning,4,12500,21,39500.0,35000.0,4500.0,Card,Rahul Sharma
TX05860,2026-02-11,Casual Leather Loafers,Footwear,North,New,3,4200,5,11970.0,6300.0,5670.0,UPI,Ananya Roy
TX05861,2026-07-13,Ergonomic Office Chair,Furniture,North,New,2,14500,12,25520.0,17980.0,7540.0,Card,Kavita Reddy
TX05862,2026-02-03,Denim Pants Premium,Clothing,North,Returning,6,2900,12,15312.0,7308.0,8004.0,Card,Neha Singh
TX05863,2026-07-17,Noise Cancelling Headphones,Electronics,North,Returning,5,14500,0,72500.0,47125.0,25375.0,UPI,Priya Patel
TX05864,2026-05-22,Electric Kettle Stainless,Home Appliances,West,Returning,8,2400,0,19200.0,9984.0,9216.0,UPI,Siddharth Rao
TX05865,2026-06-30,Leather Slim Wallet,Accessories,North,New,3,1400,12,3696.0,1596.0,2100.0,Card,Priya Patel
TX05866,2026-05-06,Leather Slim Wallet,Accessories,East,Returning,4,1400,5,5320.0,2128.0,3192.0,Net Banking,Kavita Reddy
TX05867,2026-03-03,Windbreaker Hooded,Clothing,East,Returning,7,3800,0,26600.0,12236.0,14364.0,UPI,Amit Kumar
TX05868,2026-03-26,Electric Kettle Stainless,Home Appliances,West,Returning,5,2400,0,12000.0,6240.0,5760.0,Card,Vikas Verma
TX05869,2026-05-08,Standing Desk Dual Engine,Furniture,South,Returning,8,34000,8,250240.0,184960.0,65280.0,Card,Rahul Sharma
TX05870,2026-06-13,Smartphone X,Electronics,South,Returning,2,42000,0,84000.0,60480.0,23520.0,Net Banking,Kavita Reddy
TX05871,2026-06-16,Mesh Task Chair,Furniture,East,New,1,7500,0,7500.0,4500.0,3000.0,Card,Vikas Verma
TX05872,2026-06-11,Mesh Task Chair,Furniture,North,New,2,7500,5,14250.0,9000.0,5250.0,Cash,Siddharth Rao
TX05873,2026-05-11,Pro Runner Shoes,Footwear,Central,New,4,6500,10,23400.0,12480.0,10920.0,Card,Priya Patel
TX05874,2026-03-03,MagSafe Power Bank,Accessories,North,New,2,3200,8,5888.0,3328.0,2560.0,Card,Neha Singh
TX05875,2026-04-17,Casual Leather Loafers,Footwear,South,Returning,8,4200,15,28560.0,16800.0,11760.0,Card,Ananya Roy
TX05876,2026-07-30,Noise Cancelling Headphones,Electronics,South,New,2,14500,8,26680.0,18850.0,7830.0,Card,Priya Patel
TX05877,2026-04-23,Smart Blender 1200W,Home Appliances,East,Returning,2,6800,10,12240.0,7888.0,4352.0,Card,Vikas Verma
TX05878,2026-07-11,Coffee Maker Deluxe,Home Appliances,South,Returning,8,12800,8,94208.0,65536.0,28672.0,UPI,Kavita Reddy
TX05879,2026-07-04,Tablet Pro 11,Electronics,East,Returning,1,38000,10,34200.0,28500.0,5700.0,Card,Ananya Roy
TX05880,2026-04-28,Standing Desk Dual Engine,Furniture,North,New,4,34000,0,136000.0,92480.0,43520.0,Card,Vikas Verma
TX05881,2026-02-27,4K Streaming WebCam,Electronics,East,Returning,3,7800,0,23400.0,14508.0,8892.0,UPI,Ananya Roy
TX05882,2026-05-09,Casual Leather Loafers,Footwear,West,New,3,4200,5,11970.0,6300.0,5670.0,Card,Amit Kumar
TX05883,2026-04-25,Mechanical RGB Keyboard,Electronics,East,New,3,6200,5,17670.0,10788.0,6882.0,UPI,Siddharth Rao
TX05884,2026-04-20,4K Streaming WebCam,Electronics,West,Returning,4,7800,5,29640.0,19344.0,10296.0,UPI,Amit Kumar
TX05885,2026-03-12,Smartphone X,Electronics,North,New,1,42000,0,42000.0,30240.0,11760.0,UPI,Siddharth Rao
TX05886,2026-02-11,Trail Hiking Boots,Footwear,North,New,1,8400,15,7140.0,4368.0,2772.0,Cash,Priya Patel
TX05887,2026-04-13,Laptop Sleeve 15,Accessories,South,New,4,1100,5,4180.0,1540.0,2640.0,UPI,Amit Kumar
TX05888,2026-05-07,Monitor 27 Ultra,Electronics,North,New,2,24000,15,40800.0,33600.0,7200.0,Card,Ananya Roy
TX05889,2026-05-11,Executive Desk,Furniture,West,New,1,28000,5,26600.0,18200.0,8400.0,UPI,Siddharth Rao
TX05890,2026-06-26,Robotic Vacuum X,Home Appliances,Central,New,3,26000,12,68640.0,54600.0,14040.0,Card,Vikas Verma
TX05891,2026-07-22,Coffee Maker Deluxe,Home Appliances,North,New,3,12800,0,38400.0,24576.0,13824.0,Net Banking,Rahul Sharma
TX05892,2026-02-09,Portable SSD 2TB,Electronics,North,Returning,8,12500,5,95000.0,70000.0,25000.0,UPI,Rahul Sharma
TX05893,2026-05-17,4K Streaming WebCam,Electronics,North,New,3,7800,0,23400.0,14508.0,8892.0,Net Banking,Kavita Reddy
TX05894,2026-04-22,Gaming Mouse 8K,Electronics,East,Returning,3,3200,12,8448.0,5280.0,3168.0,UPI,Ananya Roy
TX05895,2026-06-14,Pro Runner Shoes,Footwear,South,New,3,6500,8,17940.0,9360.0,8580.0,UPI,Amit Kumar
TX05896,2026-03-18,Monitor 27 Ultra,Electronics,East,New,3,24000,0,72000.0,50400.0,21600.0,Card,Rahul Sharma
TX05897,2026-05-28,Trail Hiking Boots,Footwear,North,New,4,8400,0,33600.0,17472.0,16128.0,Net Banking,Ananya Roy
TX05898,2026-06-10,Executive Desk,Furniture,West,Returning,5,28000,0,140000.0,91000.0,49000.0,Card,Rahul Sharma
TX05899,2026-02-22,Leather Slim Wallet,Accessories,West,Returning,8,1400,8,10304.0,4256.0,6048.0,Card,Neha Singh
TX05900,2026-06-09,MagSafe Power Bank,Accessories,North,New,2,3200,0,6400.0,3328.0,3072.0,UPI,Amit Kumar
TX05901,2026-03-26,MagSafe Power Bank,Accessories,North,Returning,3,3200,0,9600.0,4992.0,4608.0,Card,Ananya Roy
TX05902,2026-02-12,Running Jacket Pro,Clothing,South,Returning,1,4800,5,4560.0,2160.0,2400.0,UPI,Amit Kumar
TX05903,2026-04-09,Running Jacket Pro,Clothing,East,Returning,5,4800,5,22800.0,10800.0,12000.0,UPI,Priya Patel
TX05904,2026-03-16,Smart Blender 1200W,Home Appliances,North,Returning,6,6800,0,40800.0,23664.0,17136.0,UPI,Kavita Reddy
TX05905,2026-06-30,Monitor Arm Dual Mount,Furniture,North,Returning,8,4200,0,33600.0,16800.0,16800.0,UPI,Vikas Verma
TX05906,2026-07-22,Robotic Vacuum X,Home Appliances,North,New,1,26000,0,26000.0,18200.0,7800.0,Card,Priya Patel
TX05907,2026-02-13,4K Streaming WebCam,Electronics,Central,Returning,6,7800,0,46800.0,29016.0,17784.0,UPI,Rahul Sharma
TX05908,2026-04-09,Executive Desk,Furniture,East,Returning,3,28000,8,77280.0,54600.0,22680.0,UPI,Rahul Sharma
TX05909,2026-04-26,Laptop Pro 15,Electronics,North,New,2,68000,0,136000.0,106080.0,29920.0,Card,Amit Kumar
TX05910,2026-04-12,Electric Kettle Stainless,Home Appliances,West,Returning,7,2400,0,16800.0,8736.0,8064.0,Card,Ananya Roy
TX05911,2026-02-23,Smart Watch Series 7,Electronics,East,New,4,18500,0,74000.0,50320.0,23680.0,UPI,Neha Singh
TX05912,2026-03-18,Ergonomic Office Chair,Furniture,West,Returning,2,14500,10,26100.0,17980.0,8120.0,UPI,Kavita Reddy
TX05913,2026-06-11,Formal Suit Blazer,Clothing,North,New,2,11500,8,21160.0,12650.0,8510.0,UPI,Priya Patel
TX05914,2026-05-15,Denim Pants Premium,Clothing,Central,Returning,3,2900,12,7656.0,3654.0,4002.0,Card,Ananya Roy
TX05915,2026-04-05,Mesh Task Chair,Furniture,North,Returning,8,7500,15,51000.0,36000.0,15000.0,UPI,Kavita Reddy
TX05916,2026-05-15,Air Purifier Pro,Home Appliances,West,New,3,16500,10,44550.0,32670.0,11880.0,Net Banking,Neha Singh
TX05917,2026-05-23,Pro Runner Shoes,Footwear,North,Returning,4,6500,0,26000.0,12480.0,13520.0,Card,Rahul Sharma
TX05918,2026-06-12,Executive Desk,Furniture,West,Returning,8,28000,5,212800.0,145600.0,67200.0,UPI,Priya Patel
TX05919,2026-05-02,Ergonomic Office Chair,Furniture,West,New,4,14500,5,55100.0,35960.0,19140.0,Card,Rahul Sharma
TX05920,2026-06-04,Air Purifier Pro,Home Appliances,South,New,1,16500,0,16500.0,10890.0,5610.0,Cash,Kavita Reddy
TX05921,2026-05-05,Laptop Pro 15,Electronics,East,Returning,1,68000,0,68000.0,53040.0,14960.0,Cash,Amit Kumar
TX05922,2026-06-24,Monitor 27 Ultra,Electronics,North,New,1,24000,0,24000.0,16800.0,7200.0,Card,Neha Singh
TX05923,2026-06-01,Denim Pants Premium,Clothing,South,New,2,2900,5,5510.0,2436.0,3074.0,Card,Siddharth Rao
TX05924,2026-07-31,Laptop Sleeve 15,Accessories,East,Returning,6,1100,0,6600.0,2310.0,4290.0,Card,Siddharth Rao
TX05925,2026-03-05,Monitor Arm Dual Mount,Furniture,West,Returning,7,4200,8,27048.0,14700.0,12348.0,Cash,Neha Singh
TX05926,2026-03-09,Cotton Polo Shirt,Clothing,North,Returning,2,1600,10,2880.0,1280.0,1600.0,Card,Ananya Roy
TX05927,2026-07-07,Laptop Sleeve 15,Accessories,North,Returning,7,1100,12,6776.0,2695.0,4081.0,Card,Rahul Sharma
TX05928,2026-07-01,Laptop Sleeve 15,Accessories,West,New,1,1100,0,1100.0,385.0,715.0,Card,Neha Singh
TX05929,2026-05-12,Ergonomic Office Chair,Furniture,South,Returning,5,14500,0,72500.0,44950.0,27550.0,UPI,Kavita Reddy
TX05930,2026-05-04,Mesh Task Chair,Furniture,North,Returning,3,7500,8,20700.0,13500.0,7200.0,Card,Kavita Reddy
TX05931,2026-03-18,Ergonomic Office Chair,Furniture,Central,New,3,14500,20,34800.0,26970.0,7830.0,UPI,Ananya Roy
TX05932,2026-02-13,Mechanical RGB Keyboard,Electronics,South,Returning,4,6200,10,22320.0,14384.0,7936.0,UPI,Kavita Reddy
TX05933,2026-04-06,Air Purifier Pro,Home Appliances,North,Returning,7,16500,0,115500.0,76230.0,39270.0,Card,Priya Patel
TX05934,2026-05-20,Laptop Pro 15,Electronics,East,New,3,68000,10,183600.0,159120.0,24480.0,Card,Priya Patel
TX05935,2026-03-30,Executive Desk,Furniture,East,Returning,1,28000,12,24640.0,18200.0,6440.0,Net Banking,Kavita Reddy
TX05936,2026-04-24,4K Streaming WebCam,Electronics,East,New,3,7800,12,20592.0,14508.0,6084.0,Card,Priya Patel
TX05937,2026-06-12,Smart Watch Series 7,Electronics,North,Returning,1,18500,5,17575.0,12580.0,4995.0,UPI,Priya Patel
TX05938,2026-06-30,Smart Watch Series 7,Electronics,East,Returning,6,18500,12,97680.0,75480.0,22200.0,Cash,Siddharth Rao
TX05939,2026-03-28,Pro Runner Shoes,Footwear,East,Returning,6,6500,20,31200.0,18720.0,12480.0,Card,Siddharth Rao
TX05940,2026-05-29,Smart Blender 1200W,Home Appliances,East,New,1,6800,12,5984.0,3944.0,2040.0,Card,Siddharth Rao
TX05941,2026-06-30,Casual Leather Loafers,Footwear,South,Returning,3,4200,0,12600.0,6300.0,6300.0,UPI,Vikas Verma
TX05942,2026-06-27,Coffee Maker Deluxe,Home Appliances,West,Returning,4,12800,5,48640.0,32768.0,15872.0,UPI,Vikas Verma
TX05943,2026-03-23,Mesh Task Chair,Furniture,Central,New,1,7500,10,6750.0,4500.0,2250.0,UPI,Neha Singh
TX05944,2026-03-03,Leather Slim Wallet,Accessories,South,Returning,5,1400,0,7000.0,2660.0,4340.0,UPI,Amit Kumar
TX05945,2026-07-25,Cotton Polo Shirt,Clothing,North,Returning,8,1600,0,12800.0,5120.0,7680.0,Card,Rahul Sharma
TX05946,2026-04-01,Mesh Task Chair,Furniture,South,New,3,7500,0,22500.0,13500.0,9000.0,Card,Ananya Roy
TX05947,2026-06-19,Monitor Arm Dual Mount,Furniture,West,New,2,4200,0,8400.0,4200.0,4200.0,Card,Rahul Sharma
TX05948,2026-04-18,Windbreaker Hooded,Clothing,North,Returning,2,3800,15,6460.0,3496.0,2964.0,UPI,Siddharth Rao
TX05949,2026-03-24,Denim Pants Premium,Clothing,Central,New,4,2900,15,9860.0,4872.0,4988.0,Card,Priya Patel
TX05950,2026-05-09,Bookshelf Wooden,Furniture,Central,New,3,8900,0,26700.0,15486.0,11214.0,Card,Ananya Roy
TX05951,2026-04-08,Standing Desk Dual Engine,Furniture,North,Returning,3,34000,0,102000.0,69360.0,32640.0,UPI,Siddharth Rao
TX05952,2026-06-20,4K Streaming WebCam,Electronics,West,New,4,7800,12,27456.0,19344.0,8112.0,UPI,Vikas Verma
TX05953,2026-04-29,Monitor 27 Ultra,Electronics,North,Returning,5,24000,0,120000.0,84000.0,36000.0,UPI,Siddharth Rao
TX05954,2026-06-27,Mechanical RGB Keyboard,Electronics,West,Returning,2,6200,5,11780.0,7192.0,4588.0,UPI,Vikas Verma
TX05955,2026-07-03,Executive Desk,Furniture,North,New,2,28000,8,51520.0,36400.0,15120.0,UPI,Neha Singh
TX05956,2026-03-28,MagSafe Power Bank,Accessories,Central,New,2,3200,5,6080.0,3328.0,2752.0,Card,Siddharth Rao
TX05957,2026-02-21,Pro Runner Shoes,Footwear,North,Returning,6,6500,0,39000.0,18720.0,20280.0,UPI,Rahul Sharma
TX05958,2026-06-04,Monitor Arm Dual Mount,Furniture,South,New,4,4200,8,15456.0,8400.0,7056.0,Card,Siddharth Rao
TX05959,2026-07-06,Air Purifier Pro,Home Appliances,Central,Returning,3,16500,0,49500.0,32670.0,16830.0,Card,Vikas Verma
TX05960,2026-02-01,Robotic Vacuum X,Home Appliances,East,Returning,7,26000,5,172900.0,127400.0,45500.0,UPI,Rahul Sharma
TX05961,2026-04-11,Smart Watch Series 7,Electronics,East,New,2,18500,0,37000.0,25160.0,11840.0,Card,Priya Patel
TX05962,2026-07-16,Robotic Vacuum X,Home Appliances,Central,Returning,8,26000,0,208000.0,145600.0,62400.0,Card,Siddharth Rao
TX05963,2026-07-27,Mesh Task Chair,Furniture,East,New,1,7500,8,6900.0,4500.0,2400.0,UPI,Ananya Roy
TX05964,2026-04-30,Monitor Arm Dual Mount,Furniture,West,Returning,6,4200,0,25200.0,12600.0,12600.0,UPI,Siddharth Rao
TX05965,2026-02-27,Pro Runner Shoes,Footwear,North,Returning,5,6500,0,32500.0,15600.0,16900.0,Card,Kavita Reddy
TX05966,2026-03-05,Robotic Vacuum X,Home Appliances,East,New,4,26000,5,98800.0,72800.0,26000.0,Card,Rahul Sharma
TX05967,2026-06-29,Denim Pants Premium,Clothing,North,New,1,2900,8,2668.0,1218.0,1450.0,UPI,Siddharth Rao
TX05968,2026-07-24,Tablet Pro 11,Electronics,North,New,3,38000,0,114000.0,85500.0,28500.0,Card,Amit Kumar
TX05969,2026-03-21,Gaming Mouse 8K,Electronics,Central,New,4,3200,5,12160.0,7040.0,5120.0,UPI,Vikas Verma
TX05970,2026-03-24,Coffee Maker Deluxe,Home Appliances,East,Returning,6,12800,8,70656.0,49152.0,21504.0,UPI,Kavita Reddy
TX05971,2026-05-31,Smart Blender 1200W,Home Appliances,North,New,4,6800,8,25024.0,15776.0,9248.0,Card,Amit Kumar
TX05972,2026-03-09,Formal Suit Blazer,Clothing,West,Returning,5,11500,0,57500.0,31625.0,25875.0,Card,Neha Singh
TX05973,2026-05-19,Electric Kettle Stainless,Home Appliances,North,Returning,2,2400,5,4560.0,2496.0,2064.0,UPI,Siddharth Rao
TX05974,2026-05-06,Standing Desk Dual Engine,Furniture,Central,New,3,34000,0,102000.0,69360.0,32640.0,UPI,Vikas Verma
TX05975,2026-05-06,Tablet Pro 11,Electronics,South,Returning,6,38000,5,216600.0,171000.0,45600.0,Card,Vikas Verma
TX05976,2026-06-18,Smart Blender 1200W,Home Appliances,North,Returning,8,6800,8,50048.0,31552.0,18496.0,Card,Ananya Roy
TX05977,2026-07-28,Running Jacket Pro,Clothing,North,Returning,5,4800,12,21120.0,10800.0,10320.0,UPI,Priya Patel
TX05978,2026-04-09,Portable SSD 2TB,Electronics,Central,New,3,12500,8,34500.0,26250.0,8250.0,Net Banking,Rahul Sharma
TX05979,2026-06-29,Electric Kettle Stainless,Home Appliances,South,New,3,2400,12,6336.0,3744.0,2592.0,Card,Ananya Roy
TX05980,2026-06-07,Mesh Task Chair,Furniture,North,New,3,7500,0,22500.0,13500.0,9000.0,Card,Kavita Reddy
TX05981,2026-07-13,Trail Hiking Boots,Footwear,Central,Returning,4,8400,5,31920.0,17472.0,14448.0,Net Banking,Siddharth Rao
TX05982,2026-05-09,Bookshelf Wooden,Furniture,North,Returning,8,8900,5,67640.0,41296.0,26344.0,Card,Ananya Roy
TX05983,2026-02-20,Laptop Pro 15,Electronics,East,New,3,68000,10,183600.0,159120.0,24480.0,Net Banking,Priya Patel
TX05984,2026-07-10,Denim Pants Premium,Clothing,North,New,2,2900,0,5800.0,2436.0,3364.0,Cash,Priya Patel
TX05985,2026-05-04,Monitor 27 Ultra,Electronics,South,Returning,2,24000,5,45600.0,33600.0,12000.0,Card,Amit Kumar
TX05986,2026-03-08,Tablet Pro 11,Electronics,East,Returning,2,38000,10,68400.0,57000.0,11400.0,UPI,Rahul Sharma
TX05987,2026-02-02,Ergonomic Office Chair,Furniture,East,New,1,14500,10,13050.0,8990.0,4060.0,UPI,Kavita Reddy
TX05988,2026-04-07,Casual Leather Loafers,Footwear,North,Returning,6,4200,20,20160.0,12600.0,7560.0,UPI,Neha Singh
TX05989,2026-06-04,Laptop Sleeve 15,Accessories,North,Returning,5,1100,8,5060.0,1925.0,3135.0,Net Banking,Ananya Roy
TX05990,2026-06-03,Denim Pants Premium,Clothing,South,Returning,5,2900,0,14500.0,6090.0,8410.0,Cash,Neha Singh
TX05991,2026-03-23,Standing Desk Dual Engine,Furniture,West,New,3,34000,12,89760.0,69360.0,20400.0,Cash,Ananya Roy
TX05992,2026-02-17,Monitor 27 Ultra,Electronics,North,New,2,24000,10,43200.0,33600.0,9600.0,Card,Vikas Verma
TX05993,2026-02-23,Standing Desk Dual Engine,Furniture,North,Returning,1,34000,5,32300.0,23120.0,9180.0,Card,Vikas Verma
TX05994,2026-07-20,Mesh Task Chair,Furniture,West,New,3,7500,8,20700.0,13500.0,7200.0,Card,Vikas Verma
TX05995,2026-03-03,Leather Slim Wallet,Accessories,West,Returning,4,1400,0,5600.0,2128.0,3472.0,Card,Neha Singh
TX05996,2026-07-12,Monitor 27 Ultra,Electronics,Central,Returning,8,24000,0,192000.0,134400.0,57600.0,Card,Amit Kumar
TX05997,2026-02-26,Portable SSD 2TB,Electronics,North,New,1,12500,12,11000.0,8750.0,2250.0,Card,Amit Kumar
TX05998,2026-03-29,Wireless Earbuds,Electronics,East,New,1,4500,8,4140.0,2700.0,1440.0,Card,Rahul Sharma
TX05999,2026-06-20,Tablet Pro 11,Electronics,North,Returning,4,38000,12,133760.0,114000.0,19760.0,Net Banking,Kavita Reddy
TX06000,2026-02-02,Noise Cancelling Headphones,Electronics,West,Returning,6,14500,5,82650.0,56550.0,26100.0,Cash,Neha Singh
TX06001,2026-05-03,Pro Runner Shoes,Footwear,South,Returning,2,6500,8,11960.0,6240.0,5720.0,Card,Ananya Roy
TX06002,2026-04-16,Casual Leather Loafers,Footwear,West,Returning,4,4200,5,15960.0,8400.0,7560.0,Card,Siddharth Rao
TX06003,2026-03-14,Cotton Polo Shirt,Clothing,West,Returning,4,1600,5,6080.0,2560.0,3520.0,UPI,Amit Kumar
TX06004,2026-02-15,Bookshelf Wooden,Furniture,North,Returning,2,8900,0,17800.0,10324.0,7476.0,UPI,Rahul Sharma
TX06005,2026-07-04,Smartphone X,Electronics,West,Returning,6,42000,10,226800.0,181440.0,45360.0,UPI,Siddharth Rao
TX06006,2026-07-08,Monitor Arm Dual Mount,Furniture,East,New,1,4200,0,4200.0,2100.0,2100.0,Cash,Kavita Reddy
TX06007,2026-03-30,Bookshelf Wooden,Furniture,North,Returning,8,8900,5,67640.0,41296.0,26344.0,Net Banking,Neha Singh
TX06008,2026-04-17,Tablet Pro 11,Electronics,West,Returning,7,38000,5,252700.0,199500.0,53200.0,Card,Amit Kumar
TX06009,2026-04-02,Air Purifier Pro,Home Appliances,East,Returning,3,16500,0,49500.0,32670.0,16830.0,UPI,Priya Patel
TX06010,2026-07-13,Air Purifier Pro,Home Appliances,West,New,3,16500,5,47025.0,32670.0,14355.0,UPI,Amit Kumar
TX06011,2026-02-02,Casual Leather Loafers,Footwear,South,New,4,4200,0,16800.0,8400.0,8400.0,UPI,Amit Kumar
TX06012,2026-03-16,Mechanical RGB Keyboard,Electronics,West,Returning,6,6200,8,34224.0,21576.0,12648.0,UPI,Ananya Roy
TX06013,2026-04-06,MagSafe Power Bank,Accessories,North,New,2,3200,0,6400.0,3328.0,3072.0,Card,Priya Patel
TX06014,2026-02-14,Bookshelf Wooden,Furniture,East,New,1,8900,0,8900.0,5162.0,3738.0,UPI,Kavita Reddy
TX06015,2026-03-17,Formal Suit Blazer,Clothing,West,Returning,6,11500,12,60720.0,37950.0,22770.0,UPI,Siddharth Rao
TX06016,2026-03-27,Trail Hiking Boots,Footwear,North,New,4,8400,10,30240.0,17472.0,12768.0,Net Banking,Neha Singh
TX06017,2026-03-26,Smartphone X,Electronics,West,New,1,42000,5,39900.0,30240.0,9660.0,UPI,Amit Kumar
TX06018,2026-03-03,Portable SSD 2TB,Electronics,East,New,1,12500,10,11250.0,8750.0,2500.0,UPI,Ananya Roy
TX06019,2026-06-28,Coffee Maker Deluxe,Home Appliances,East,Returning,6,12800,15,65280.0,49152.0,16128.0,Net Banking,Siddharth Rao
TX06020,2026-03-13,Wireless Earbuds,Electronics,East,New,3,4500,10,12150.0,8100.0,4050.0,UPI,Vikas Verma
TX06021,2026-04-18,Wireless Earbuds,Electronics,West,Returning,4,4500,10,16200.0,10800.0,5400.0,UPI,Neha Singh
TX06022,2026-05-27,Ergonomic Office Chair,Furniture,South,New,3,14500,10,39150.0,26970.0,12180.0,UPI,Siddharth Rao
TX06023,2026-04-21,Leather Slim Wallet,Accessories,South,Returning,6,1400,8,7728.0,3192.0,4536.0,Card,Rahul Sharma
TX06024,2026-04-24,Gaming Mouse 8K,Electronics,East,Returning,1,3200,5,3040.0,1760.0,1280.0,Card,Siddharth Rao
TX06025,2026-04-13,Formal Suit Blazer,Clothing,North,New,1,11500,0,11500.0,6325.0,5175.0,UPI,Ananya Roy
TX06026,2026-05-17,Laptop Sleeve 15,Accessories,South,New,2,1100,5,2090.0,770.0,1320.0,UPI,Kavita Reddy
TX06027,2026-07-09,Coffee Maker Deluxe,Home Appliances,North,Returning,1,12800,10,11520.0,8192.0,3328.0,UPI,Siddharth Rao
TX06028,2026-05-16,Laptop Pro 15,Electronics,West,Returning,4,68000,26,201280.0,212160.0,-10880.0,Card,Amit Kumar
TX06029,2026-06-10,Air Purifier Pro,Home Appliances,North,New,4,16500,0,66000.0,43560.0,22440.0,Card,Rahul Sharma
TX06030,2026-07-12,Portable SSD 2TB,Electronics,North,Returning,3,12500,0,37500.0,26250.0,11250.0,UPI,Neha Singh
TX06031,2026-06-24,Laptop Pro 15,Electronics,North,Returning,5,68000,0,340000.0,265200.0,74800.0,Cash,Amit Kumar
TX06032,2026-06-07,Robotic Vacuum X,Home Appliances,North,Returning,2,26000,12,45760.0,36400.0,9360.0,UPI,Kavita Reddy
TX06033,2026-04-09,Travel Backpack 30L,Accessories,East,New,1,3500,0,3500.0,1575.0,1925.0,Card,Ananya Roy
TX06034,2026-04-12,Air Purifier Pro,Home Appliances,West,Returning,4,16500,8,60720.0,43560.0,17160.0,Card,Neha Singh
TX06035,2026-07-12,Bookshelf Wooden,Furniture,South,Returning,5,8900,5,42275.0,25810.0,16465.0,Card,Priya Patel
TX06036,2026-05-22,Coffee Maker Deluxe,Home Appliances,North,New,3,12800,0,38400.0,24576.0,13824.0,Card,Kavita Reddy
TX06037,2026-07-17,Windbreaker Hooded,Clothing,North,Returning,1,3800,0,3800.0,1748.0,2052.0,UPI,Vikas Verma
TX06038,2026-06-28,Trail Hiking Boots,Footwear,North,New,1,8400,0,8400.0,4368.0,4032.0,Card,Neha Singh
TX06039,2026-03-26,Pro Runner Shoes,Footwear,West,Returning,2,6500,12,11440.0,6240.0,5200.0,UPI,Rahul Sharma
TX06040,2026-04-14,Windbreaker Hooded,Clothing,East,New,1,3800,8,3496.0,1748.0,1748.0,Card,Vikas Verma
TX06041,2026-02-16,Smartphone X,Electronics,West,New,4,42000,5,159600.0,120960.0,38640.0,Card,Vikas Verma
TX06042,2026-07-23,Denim Pants Premium,Clothing,South,Returning,3,2900,0,8700.0,3654.0,5046.0,Card,Amit Kumar
TX06043,2026-02-05,Laptop Sleeve 15,Accessories,Central,Returning,3,1100,5,3135.0,1155.0,1980.0,Net Banking,Siddharth Rao
TX06044,2026-04-24,Running Jacket Pro,Clothing,East,Returning,8,4800,0,38400.0,17280.0,21120.0,UPI,Ananya Roy
TX06045,2026-04-21,Gaming Mouse 8K,Electronics,South,Returning,1,3200,5,3040.0,1760.0,1280.0,Card,Kavita Reddy
TX06046,2026-05-31,Laptop Pro 15,Electronics,Central,Returning,7,68000,8,437920.0,371280.0,66640.0,UPI,Siddharth Rao
TX06047,2026-02-24,Pro Runner Shoes,Footwear,East,New,3,6500,10,17550.0,9360.0,8190.0,UPI,Vikas Verma
TX06048,2026-06-23,Standing Desk Dual Engine,Furniture,South,Returning,6,34000,5,193800.0,138720.0,55080.0,UPI,Amit Kumar
TX06049,2026-06-05,Trail Hiking Boots,Footwear,West,Returning,3,8400,12,22176.0,13104.0,9072.0,UPI,Priya Patel
TX06050,2026-05-07,Robotic Vacuum X,Home Appliances,East,Returning,5,26000,5,123500.0,91000.0,32500.0,UPI,Rahul Sharma
TX06051,2026-06-15,Ergonomic Office Chair,Furniture,East,New,1,14500,0,14500.0,8990.0,5510.0,UPI,Priya Patel
TX06052,2026-07-19,Noise Cancelling Headphones,Electronics,North,Returning,5,14500,5,68875.0,47125.0,21750.0,Card,Siddharth Rao
TX06053,2026-06-30,Gaming Mouse 8K,Electronics,South,Returning,4,3200,8,11776.0,7040.0,4736.0,Card,Neha Singh
TX06054,2026-06-24,Coffee Maker Deluxe,Home Appliances,Central,Returning,4,12800,0,51200.0,32768.0,18432.0,UPI,Vikas Verma
TX06055,2026-07-02,Smart Watch Series 7,Electronics,North,Returning,8,18500,12,130240.0,100640.0,29600.0,Card,Rahul Sharma
TX06056,2026-03-01,MagSafe Power Bank,Accessories,North,Returning,2,3200,0,6400.0,3328.0,3072.0,UPI,Kavita Reddy
TX06057,2026-07-07,Windbreaker Hooded,Clothing,West,Returning,4,3800,0,15200.0,6992.0,8208.0,UPI,Amit Kumar
TX06058,2026-04-12,Smart Watch Series 7,Electronics,East,Returning,8,18500,12,130240.0,100640.0,29600.0,Card,Amit Kumar
TX06059,2026-06-06,Laptop Sleeve 15,Accessories,East,Returning,4,1100,0,4400.0,1540.0,2860.0,Card,Rahul Sharma
TX06060,2026-06-12,Wireless Earbuds,Electronics,North,Returning,3,4500,8,12420.0,8100.0,4320.0,Cash,Amit Kumar
TX06061,2026-03-19,Tablet Pro 11,Electronics,South,Returning,4,38000,10,136800.0,114000.0,22800.0,UPI,Kavita Reddy
TX06062,2026-06-12,Mechanical RGB Keyboard,Electronics,South,New,3,6200,5,17670.0,10788.0,6882.0,Cash,Rahul Sharma
TX06063,2026-04-16,4K Streaming WebCam,Electronics,West,New,1,7800,0,7800.0,4836.0,2964.0,Card,Amit Kumar
TX06064,2026-06-11,Denim Pants Premium,Clothing,North,New,1,2900,5,2755.0,1218.0,1537.0,Card,Neha Singh
TX06065,2026-07-11,Mechanical RGB Keyboard,Electronics,North,Returning,5,6200,0,31000.0,17980.0,13020.0,UPI,Rahul Sharma
TX06066,2026-04-29,Travel Backpack 30L,Accessories,East,New,1,3500,5,3325.0,1575.0,1750.0,UPI,Ananya Roy
TX06067,2026-06-14,Gaming Mouse 8K,Electronics,North,Returning,3,3200,0,9600.0,5280.0,4320.0,Card,Ananya Roy
TX06068,2026-03-12,Leather Slim Wallet,Accessories,East,Returning,5,1400,5,6650.0,2660.0,3990.0,UPI,Siddharth Rao
TX06069,2026-05-27,Laptop Pro 15,Electronics,East,New,1,68000,5,64600.0,53040.0,11560.0,Net Banking,Amit Kumar
TX06070,2026-04-10,Laptop Pro 15,Electronics,South,Returning,7,68000,5,452200.0,371280.0,80920.0,Card,Ananya Roy
TX06071,2026-07-21,Standing Desk Dual Engine,Furniture,South,Returning,3,34000,0,102000.0,69360.0,32640.0,Card,Ananya Roy
TX06072,2026-02-12,Mechanical RGB Keyboard,Electronics,North,New,4,6200,5,23560.0,14384.0,9176.0,Card,Ananya Roy
TX06073,2026-02-07,Noise Cancelling Headphones,Electronics,West,New,3,14500,5,41325.0,28275.0,13050.0,Card,Vikas Verma
TX06074,2026-05-03,Running Jacket Pro,Clothing,West,Returning,5,4800,8,22080.0,10800.0,11280.0,UPI,Ananya Roy
TX06075,2026-04-17,Trail Hiking Boots,Footwear,West,Returning,1,8400,0,8400.0,4368.0,4032.0,UPI,Vikas Verma
TX06076,2026-03-05,Mechanical RGB Keyboard,Electronics,South,New,2,6200,5,11780.0,7192.0,4588.0,Card,Vikas Verma
TX06077,2026-05-10,Windbreaker Hooded,Clothing,North,New,3,3800,0,11400.0,5244.0,6156.0,Card,Ananya Roy
TX06078,2026-06-05,Cotton Polo Shirt,Clothing,East,Returning,6,1600,0,9600.0,3840.0,5760.0,UPI,Siddharth Rao
TX06079,2026-04-18,Robotic Vacuum X,Home Appliances,South,New,2,26000,12,45760.0,36400.0,9360.0,UPI,Priya Patel
TX06080,2026-06-02,Denim Pants Premium,Clothing,North,New,1,2900,0,2900.0,1218.0,1682.0,UPI,Kavita Reddy
TX06081,2026-04-29,Mesh Task Chair,Furniture,East,Returning,8,7500,5,57000.0,36000.0,21000.0,Cash,Amit Kumar
TX06082,2026-05-24,Gaming Mouse 8K,Electronics,Central,New,2,3200,0,6400.0,3520.0,2880.0,UPI,Ananya Roy
TX06083,2026-02-01,Standing Desk Dual Engine,Furniture,West,Returning,5,34000,10,153000.0,115600.0,37400.0,UPI,Kavita Reddy
TX06084,2026-03-08,Ergonomic Office Chair,Furniture,North,Returning,8,14500,12,102080.0,71920.0,30160.0,UPI,Vikas Verma
TX06085,2026-02-18,Travel Backpack 30L,Accessories,South,Returning,1,3500,12,3080.0,1575.0,1505.0,UPI,Siddharth Rao
TX06086,2026-04-02,Portable SSD 2TB,Electronics,North,Returning,8,12500,12,88000.0,70000.0,18000.0,UPI,Ananya Roy
TX06087,2026-03-13,Mechanical RGB Keyboard,Electronics,Central,Returning,4,6200,15,21080.0,14384.0,6696.0,Card,Ananya Roy
TX06088,2026-07-25,Ergonomic Office Chair,Furniture,Central,Returning,3,14500,12,38280.0,26970.0,11310.0,Card,Vikas Verma
TX06089,2026-05-06,Mechanical RGB Keyboard,Electronics,West,Returning,6,6200,30,26040.0,21576.0,4464.0,Card,Priya Patel
TX06090,2026-06-16,Gaming Mouse 8K,Electronics,Central,Returning,5,3200,0,16000.0,8800.0,7200.0,UPI,Neha Singh
TX06091,2026-04-15,Noise Cancelling Headphones,Electronics,West,New,3,14500,0,43500.0,28275.0,15225.0,Card,Ananya Roy
TX06092,2026-04-28,Executive Desk,Furniture,West,New,3,28000,5,79800.0,54600.0,25200.0,Card,Priya Patel
TX06093,2026-07-03,Casual Leather Loafers,Footwear,North,New,1,4200,10,3780.0,2100.0,1680.0,Cash,Neha Singh
TX06094,2026-03-20,Denim Pants Premium,Clothing,North,Returning,1,2900,10,2610.0,1218.0,1392.0,Card,Priya Patel
TX06095,2026-07-25,Trail Hiking Boots,Footwear,North,New,2,8400,0,16800.0,8736.0,8064.0,Card,Rahul Sharma
TX06096,2026-07-19,MagSafe Power Bank,Accessories,West,Returning,3,3200,0,9600.0,4992.0,4608.0,Card,Neha Singh
TX06097,2026-06-27,Smartphone X,Electronics,Central,New,2,42000,0,84000.0,60480.0,23520.0,Net Banking,Ananya Roy
TX06098,2026-06-07,Pro Runner Shoes,Footwear,Central,Returning,1,6500,0,6500.0,3120.0,3380.0,Cash,Amit Kumar
TX06099,2026-06-01,Portable SSD 2TB,Electronics,Central,New,3,12500,0,37500.0,26250.0,11250.0,UPI,Siddharth Rao
TX06100,2026-06-27,Wireless Earbuds,Electronics,South,Returning,4,4500,0,18000.0,10800.0,7200.0,Net Banking,Kavita Reddy
TX06101,2026-06-07,Laptop Sleeve 15,Accessories,East,New,4,1100,5,4180.0,1540.0,2640.0,Net Banking,Priya Patel
TX06102,2026-06-17,Tablet Pro 11,Electronics,North,New,1,38000,10,34200.0,28500.0,5700.0,Card,Siddharth Rao
TX06103,2026-02-16,Gaming Mouse 8K,Electronics,West,New,1,3200,5,3040.0,1760.0,1280.0,UPI,Kavita Reddy
TX06104,2026-05-06,Smart Watch Series 7,Electronics,North,New,2,18500,5,35150.0,25160.0,9990.0,UPI,Ananya Roy
TX06105,2026-06-01,Cotton Polo Shirt,Clothing,North,Returning,8,1600,20,10240.0,5120.0,5120.0,UPI,Vikas Verma
TX06106,2026-05-27,Smart Watch Series 7,Electronics,West,Returning,6,18500,26,82140.0,75480.0,6660.0,UPI,Siddharth Rao
TX06107,2026-03-31,Tablet Pro 11,Electronics,Central,New,1,38000,5,36100.0,28500.0,7600.0,UPI,Neha Singh
TX06108,2026-06-02,Noise Cancelling Headphones,Electronics,South,New,2,14500,5,27550.0,18850.0,8700.0,Card,Rahul Sharma
TX06109,2026-03-25,Smart Watch Series 7,Electronics,North,New,2,18500,5,35150.0,25160.0,9990.0,UPI,Siddharth Rao
TX06110,2026-05-28,Denim Pants Premium,Clothing,East,Returning,6,2900,0,17400.0,7308.0,10092.0,Net Banking,Amit Kumar
TX06111,2026-04-25,Denim Pants Premium,Clothing,West,Returning,6,2900,15,14790.0,7308.0,7482.0,Card,Vikas Verma
TX06112,2026-06-07,Robotic Vacuum X,Home Appliances,North,New,1,26000,0,26000.0,18200.0,7800.0,UPI,Rahul Sharma
TX06113,2026-03-25,Robotic Vacuum X,Home Appliances,South,New,3,26000,,78000.0,54600.0,23400.0,Net Banking,Kavita Reddy
TX06114,2026-03-13,Mesh Task Chair,Furniture,South,Returning,7,7500,8,48300.0,31500.0,16800.0,UPI,Siddharth Rao
TX06115,2026-07-29,Travel Backpack 30L,Accessories,South,Returning,8,3500,5,26600.0,12600.0,14000.0,UPI,Ananya Roy
TX06116,2026-04-27,Portable SSD 2TB,Electronics,West,New,2,12500,8,23000.0,17500.0,5500.0,UPI,Siddharth Rao
TX06117,2026-04-08,4K Streaming WebCam,Electronics,South,Returning,1,7800,5,7410.0,4836.0,2574.0,UPI,Priya Patel
TX06118,2026-07-09,Electric Kettle Stainless,Home Appliances,North,Returning,5,2400,10,10800.0,6240.0,4560.0,Cash,Kavita Reddy
TX06119,2026-03-29,Wireless Earbuds,Electronics,North,New,3,4500,5,12825.0,8100.0,4725.0,UPI,Ananya Roy
TX06120,2026-03-20,Smart Watch Series 7,Electronics,North,Returning,6,18500,0,111000.0,75480.0,35520.0,UPI,Rahul Sharma
TX06121,2026-02-24,Coffee Maker Deluxe,Home Appliances,North,Returning,4,12800,10,46080.0,32768.0,13312.0,Card,Rahul Sharma
TX06122,2026-07-31,MagSafe Power Bank,Accessories,South,Returning,4,3200,0,12800.0,6656.0,6144.0,Card,Ananya Roy
TX06123,2026-05-02,Laptop Sleeve 15,Accessories,East,Returning,7,1100,0,7700.0,2695.0,5005.0,UPI,Kavita Reddy
TX06124,2026-05-07,Casual Leather Loafers,Footwear,East,Returning,8,4200,0,33600.0,16800.0,16800.0,UPI,Vikas Verma
TX06125,2026-03-14,Tablet Pro 11,Electronics,West,Returning,4,38000,5,144400.0,114000.0,30400.0,UPI,Kavita Reddy
TX06126,2026-04-25,Electric Kettle Stainless,Home Appliances,East,Returning,8,2400,12,16896.0,9984.0,6912.0,Card,Rahul Sharma
TX06127,2026-07-28,Casual Leather Loafers,Footwear,East,Returning,7,4200,12,25872.0,14700.0,11172.0,Card,Amit Kumar
TX06128,2026-04-23,Bookshelf Wooden,Furniture,North,Returning,6,8900,5,50730.0,30972.0,19758.0,Card,Siddharth Rao
TX06129,2026-05-24,MagSafe Power Bank,Accessories,West,Returning,5,3200,5,15200.0,8320.0,6880.0,UPI,Neha Singh
TX06130,2026-07-24,Portable SSD 2TB,Electronics,West,New,1,12500,8,11500.0,8750.0,2750.0,Card,Amit Kumar
TX06131,2026-05-30,Formal Suit Blazer,Clothing,North,Returning,2,11500,0,23000.0,12650.0,10350.0,UPI,Amit Kumar
TX06132,2026-07-10,Air Purifier Pro,Home Appliances,West,Returning,4,16500,0,66000.0,43560.0,22440.0,Cash,Kavita Reddy
TX06133,2026-05-01,Casual Leather Loafers,Footwear,North,New,2,4200,0,8400.0,4200.0,4200.0,Card,Siddharth Rao
TX06134,2026-02-20,Bookshelf Wooden,Furniture,West,New,3,8900,0,26700.0,15486.0,11214.0,UPI,Priya Patel
TX06135,2026-07-10,Travel Backpack 30L,Accessories,North,Returning,5,3500,0,17500.0,7875.0,9625.0,UPI,Siddharth Rao
TX06136,2026-06-07,Windbreaker Hooded,Clothing,East,New,2,3800,0,7600.0,3496.0,4104.0,Card,Vikas Verma
TX06137,2026-02-11,Wireless Earbuds,Electronics,Central,Returning,4,4500,12,15840.0,10800.0,5040.0,Card,Kavita Reddy
TX06138,2026-02-08,Trail Hiking Boots,Footwear,North,New,4,8400,5,31920.0,17472.0,14448.0,Card,Kavita Reddy
TX06139,2026-07-29,Bookshelf Wooden,Furniture,East,Returning,2,8900,15,15130.0,10324.0,4806.0,Cash,Amit Kumar
TX06140,2026-05-26,Coffee Maker Deluxe,Home Appliances,East,Returning,7,12800,12,78848.0,57344.0,21504.0,UPI,Rahul Sharma
TX06141,2026-05-14,Casual Leather Loafers,Footwear,East,New,4,4200,0,16800.0,8400.0,8400.0,Card,Amit Kumar
TX06142,2026-05-06,Electric Kettle Stainless,Home Appliances,South,Returning,1,2400,5,2280.0,1248.0,1032.0,UPI,Ananya Roy
TX06143,2026-04-04,Trail Hiking Boots,Footwear,North,Returning,1,8400,0,8400.0,4368.0,4032.0,Net Banking,Amit Kumar
TX06144,2026-03-06,Gaming Mouse 8K,Electronics,North,New,2,3200,12,5632.0,3520.0,2112.0,Net Banking,Rahul Sharma
TX06145,2026-04-23,Mechanical RGB Keyboard,Electronics,West,New,1,6200,10,5580.0,3596.0,1984.0,Cash,Priya Patel
TX06146,2026-05-08,Executive Desk,Furniture,West,Returning,2,28000,0,56000.0,36400.0,19600.0,UPI,Kavita Reddy
TX06147,2026-05-23,MagSafe Power Bank,Accessories,Central,Returning,1,3200,10,2880.0,1664.0,1216.0,UPI,Vikas Verma
TX06148,2026-02-21,Smart Watch Series 7,Electronics,West,Returning,7,18500,0,129500.0,88060.0,41440.0,UPI,Amit Kumar
TX06149,2026-03-11,Air Purifier Pro,Home Appliances,North,New,2,16500,12,29040.0,21780.0,7260.0,Net Banking,Ananya Roy
TX06150,2026-06-10,Robotic Vacuum X,Home Appliances,North,Returning,2,26000,0,52000.0,36400.0,15600.0,Cash,Rahul Sharma
TX06151,2026-03-12,Windbreaker Hooded,Clothing,South,New,4,3800,0,15200.0,6992.0,8208.0,UPI,Amit Kumar
TX06152,2026-07-31,Running Jacket Pro,Clothing,Central,New,1,4800,10,4320.0,2160.0,2160.0,Card,Amit Kumar
TX06153,2026-04-25,Mesh Task Chair,Furniture,East,New,4,7500,12,26400.0,18000.0,8400.0,Card,Ananya Roy
TX06154,2026-02-01,Portable SSD 2TB,Electronics,South,Returning,3,12500,5,35625.0,26250.0,9375.0,UPI,Ananya Roy
TX06155,2026-03-18,Bookshelf Wooden,Furniture,North,Returning,6,8900,0,53400.0,30972.0,22428.0,UPI,Priya Patel
TX06156,2026-07-26,Executive Desk,Furniture,North,New,4,28000,0,112000.0,72800.0,39200.0,UPI,Amit Kumar
TX06157,2026-02-04,Monitor Arm Dual Mount,Furniture,North,Returning,8,4200,5,31920.0,16800.0,15120.0,Card,Kavita Reddy
TX06158,2026-04-13,Cotton Polo Shirt,Clothing,East,New,4,1600,5,6080.0,2560.0,3520.0,Card,Neha Singh
TX06159,2026-07-08,Tablet Pro 11,Electronics,North,Returning,5,38000,8,174800.0,142500.0,32300.0,UPI,Siddharth Rao
TX06160,2026-05-18,Electric Kettle Stainless,Home Appliances,West,Returning,7,2400,0,16800.0,8736.0,8064.0,UPI,Amit Kumar
TX06161,2026-07-06,Pro Runner Shoes,Footwear,Central,New,1,6500,12,5720.0,3120.0,2600.0,Card,Vikas Verma
TX06162,2026-06-07,Gaming Mouse 8K,Electronics,Central,New,3,3200,10,8640.0,5280.0,3360.0,Net Banking,Ananya Roy
TX06163,2026-07-14,Laptop Sleeve 15,Accessories,West,Returning,7,1100,0,7700.0,2695.0,5005.0,Card,Priya Patel
TX06164,2026-04-04,Casual Leather Loafers,Footwear,North,New,2,4200,5,7980.0,4200.0,3780.0,Card,Neha Singh
TX06165,2026-07-13,Ergonomic Office Chair,Furniture,East,Returning,4,14500,0,58000.0,35960.0,22040.0,Card,Amit Kumar
TX06166,2026-05-31,Robotic Vacuum X,Home Appliances,South,New,3,26000,0,78000.0,54600.0,23400.0,Cash,Vikas Verma
TX06167,2026-05-21,Cotton Polo Shirt,Clothing,South,New,1,1600,0,1600.0,640.0,960.0,Card,Rahul Sharma
TX06168,2026-03-12,Mechanical RGB Keyboard,Electronics,West,New,4,6200,0,24800.0,14384.0,10416.0,Cash,Vikas Verma
TX06169,2026-05-03,Executive Desk,Furniture,East,Returning,4,28000,0,112000.0,72800.0,39200.0,UPI,Ananya Roy
TX06170,2026-04-04,Standing Desk Dual Engine,Furniture,South,New,2,34000,20,54400.0,46240.0,8160.0,Card,Siddharth Rao
TX06171,2026-05-05,Travel Backpack 30L,Accessories,West,New,2,3500,8,6440.0,3150.0,3290.0,Net Banking,Neha Singh
TX06172,2026-07-30,Laptop Pro 15,Electronics,North,New,4,68000,8,250240.0,212160.0,38080.0,UPI,Priya Patel
TX06173,2026-05-05,Trail Hiking Boots,Footwear,East,New,3,8400,12,22176.0,13104.0,9072.0,UPI,Priya Patel
TX06174,2026-05-03,MagSafe Power Bank,Accessories,North,New,2,3200,0,6400.0,3328.0,3072.0,UPI,Vikas Verma
TX06175,2026-03-14,Wireless Earbuds,Electronics,North,Returning,7,4500,0,31500.0,18900.0,12600.0,Card,Priya Patel
TX06176,2026-05-08,Executive Desk,Furniture,Central,Returning,6,28000,0,168000.0,109200.0,58800.0,Cash,Amit Kumar
TX06177,2026-03-03,Air Purifier Pro,Home Appliances,North,Returning,2,16500,0,33000.0,21780.0,11220.0,Card,Vikas Verma
TX06178,2026-04-17,Bookshelf Wooden,Furniture,North,New,4,8900,0,35600.0,20648.0,14952.0,Card,Siddharth Rao
TX06179,2026-04-27,Electric Kettle Stainless,Home Appliances,East,New,4,2400,8,8832.0,4992.0,3840.0,Card,Amit Kumar
TX06180,2026-05-09,Executive Desk,Furniture,Central,Returning,8,28000,5,212800.0,145600.0,67200.0,UPI,Priya Patel
TX06181,2026-02-23,Cotton Polo Shirt,Clothing,North,Returning,8,1600,0,12800.0,5120.0,7680.0,Cash,Kavita Reddy
TX06182,2026-02-21,Running Jacket Pro,Clothing,North,Returning,3,4800,5,13680.0,6480.0,7200.0,Cash,Amit Kumar
TX06183,2026-07-02,Bookshelf Wooden,Furniture,North,New,3,8900,8,24564.0,15486.0,9078.0,Cash,Vikas Verma
TX06184,2026-03-23,Laptop Sleeve 15,Accessories,West,Returning,2,1100,5,2090.0,770.0,1320.0,UPI,Amit Kumar
TX06185,2026-07-27,Windbreaker Hooded,Clothing,Central,Returning,6,3800,5,21660.0,10488.0,11172.0,Card,Vikas Verma
TX06186,2026-04-05,Denim Pants Premium,Clothing,East,New,4,2900,10,10440.0,4872.0,5568.0,UPI,Vikas Verma
TX06187,2026-04-27,Trail Hiking Boots,Footwear,Central,Returning,3,8400,0,25200.0,13104.0,12096.0,Card,Ananya Roy
TX06188,2026-04-30,Denim Pants Premium,Clothing,North,Returning,5,2900,0,14500.0,6090.0,8410.0,UPI,Priya Patel
TX06189,2026-04-18,Electric Kettle Stainless,Home Appliances,North,Returning,8,2400,5,18240.0,9984.0,8256.0,UPI,Vikas Verma
TX06190,2026-05-07,Standing Desk Dual Engine,Furniture,East,Returning,1,34000,8,31280.0,23120.0,8160.0,UPI,Siddharth Rao
TX06191,2026-05-10,Noise Cancelling Headphones,Electronics,Central,Returning,3,14500,10,39150.0,28275.0,10875.0,UPI,Ananya Roy
TX06192,2026-04-03,Laptop Pro 15,Electronics,North,Returning,3,68000,8,187680.0,159120.0,28560.0,Card,Neha Singh
TX06193,2026-07-03,Formal Suit Blazer,Clothing,West,New,3,11500,5,32775.0,18975.0,13800.0,UPI,Kavita Reddy
TX06194,2026-07-22,Standing Desk Dual Engine,Furniture,North,Returning,3,34000,0,102000.0,69360.0,32640.0,Card,Kavita Reddy
TX06195,2026-02-09,Gaming Mouse 8K,Electronics,North,New,1,3200,0,3200.0,1760.0,1440.0,UPI,Kavita Reddy
TX06196,2026-04-02,Standing Desk Dual Engine,Furniture,South,New,2,34000,12,59840.0,46240.0,13600.0,Cash,Amit Kumar
TX06197,2026-03-04,Formal Suit Blazer,Clothing,North,Returning,5,11500,0,57500.0,31625.0,25875.0,Card,Kavita Reddy
TX06198,2026-02-18,Trail Hiking Boots,Footwear,Central,New,2,8400,0,16800.0,8736.0,8064.0,Card,Priya Patel
TX06199,2026-02-15,Coffee Maker Deluxe,Home Appliances,West,New,2,12800,0,25600.0,16384.0,9216.0,UPI,Kavita Reddy
TX06200,2026-03-27,Pro Runner Shoes,Footwear,West,New,2,6500,10,11700.0,6240.0,5460.0,UPI,Amit Kumar
TX06201,2026-02-01,4K Streaming WebCam,Electronics,Central,Returning,8,7800,5,59280.0,38688.0,20592.0,UPI,Kavita Reddy
TX06202,2026-06-04,Formal Suit Blazer,Clothing,North,New,4,11500,10,41400.0,25300.0,16100.0,UPI,Kavita Reddy
TX06203,2026-05-02,Monitor 27 Ultra,Electronics,West,New,1,24000,28,17280.0,16800.0,480.0,Net Banking,Amit Kumar
TX06204,2026-06-20,Windbreaker Hooded,Clothing,Central,Returning,6,3800,5,21660.0,10488.0,11172.0,UPI,Priya Patel
TX06205,2026-05-19,Denim Pants Premium,Clothing,West,New,1,2900,10,2610.0,1218.0,1392.0,UPI,Ananya Roy
TX06206,2026-05-09,Windbreaker Hooded,Clothing,South,New,4,3800,8,13984.0,6992.0,6992.0,UPI,Rahul Sharma
TX06207,2026-05-12,Laptop Pro 15,Electronics,West,Returning,7,68000,21,376040.0,371280.0,4760.0,UPI,Ananya Roy
TX06208,2026-03-04,Windbreaker Hooded,Clothing,West,New,1,3800,5,3610.0,1748.0,1862.0,UPI,Priya Patel
TX06209,2026-03-24,Tablet Pro 11,Electronics,West,Returning,4,38000,10,136800.0,114000.0,22800.0,Card,Kavita Reddy
TX06210,2026-02-21,Denim Pants Premium,Clothing,East,Returning,5,2900,0,14500.0,6090.0,8410.0,Cash,Rahul Sharma
TX06211,2026-02-02,Trail Hiking Boots,Footwear,East,Returning,8,8400,8,61824.0,34944.0,26880.0,Card,Vikas Verma
TX06212,2026-03-04,Denim Pants Premium,Clothing,Central,Returning,6,2900,10,15660.0,7308.0,8352.0,Card,Priya Patel
TX06213,2026-05-14,Monitor Arm Dual Mount,Furniture,North,New,3,4200,0,12600.0,6300.0,6300.0,Card,Neha Singh
TX06214,2026-07-31,Pro Runner Shoes,Footwear,North,New,3,6500,5,18525.0,9360.0,9165.0,Card,Siddharth Rao
TX06215,2026-05-15,Tablet Pro 11,Electronics,South,New,3,38000,0,114000.0,85500.0,28500.0,Card,Siddharth Rao
TX06216,2026-05-21,Pro Runner Shoes,Footwear,North,New,3,6500,0,19500.0,9360.0,10140.0,Net Banking,Amit Kumar
TX06217,2026-05-21,Smart Watch Series 7,Electronics,Central,Returning,7,18500,5,123025.0,88060.0,34965.0,Cash,Neha Singh
TX06218,2026-03-07,Robotic Vacuum X,Home Appliances,West,New,3,26000,10,70200.0,54600.0,15600.0,Card,Vikas Verma
TX06219,2026-02-17,Ergonomic Office Chair,Furniture,West,New,3,14500,0,43500.0,26970.0,16530.0,UPI,Vikas Verma
TX06220,2026-06-12,Standing Desk Dual Engine,Furniture,South,Returning,7,34000,0,238000.0,161840.0,76160.0,UPI,Priya Patel
TX06221,2026-06-22,4K Streaming WebCam,Electronics,North,Returning,2,7800,5,14820.0,9672.0,5148.0,UPI,Priya Patel
TX06222,2026-07-02,Standing Desk Dual Engine,Furniture,West,Returning,3,34000,5,96900.0,69360.0,27540.0,Card,Neha Singh
TX06223,2026-06-24,Mechanical RGB Keyboard,Electronics,Central,Returning,3,6200,0,18600.0,10788.0,7812.0,UPI,Priya Patel
TX06224,2026-06-15,Wireless Earbuds,Electronics,South,New,4,4500,8,16560.0,10800.0,5760.0,UPI,Rahul Sharma
TX06225,2026-06-14,Pro Runner Shoes,Footwear,West,Returning,6,6500,8,35880.0,18720.0,17160.0,UPI,Amit Kumar
TX06226,2026-04-20,Smart Watch Series 7,Electronics,South,Returning,4,18500,0,74000.0,50320.0,23680.0,UPI,Siddharth Rao
TX06227,2026-05-23,Formal Suit Blazer,Clothing,West,New,4,11500,0,46000.0,25300.0,20700.0,UPI,Kavita Reddy
TX06228,2026-04-16,Monitor Arm Dual Mount,Furniture,North,New,4,4200,8,15456.0,8400.0,7056.0,UPI,Amit Kumar
TX06229,2026-04-30,Formal Suit Blazer,Clothing,East,Returning,7,11500,8,74060.0,44275.0,29785.0,UPI,Amit Kumar
TX06230,2026-04-24,Pro Runner Shoes,Footwear,West,Returning,6,6500,0,39000.0,18720.0,20280.0,UPI,Priya Patel
TX06231,2026-05-28,Portable SSD 2TB,Electronics,South,Returning,5,12500,5,59375.0,43750.0,15625.0,UPI,Amit Kumar
TX06232,2026-06-17,Smart Watch Series 7,Electronics,West,Returning,4,18500,0,74000.0,50320.0,23680.0,UPI,Ananya Roy
TX06233,2026-02-07,Executive Desk,Furniture,North,New,4,28000,0,112000.0,72800.0,39200.0,Card,Kavita Reddy
TX06234,2026-04-25,Casual Leather Loafers,Footwear,South,Returning,7,4200,8,27048.0,14700.0,12348.0,UPI,Vikas Verma
TX06235,2026-06-18,4K Streaming WebCam,Electronics,North,Returning,8,7800,0,62400.0,38688.0,23712.0,Net Banking,Amit Kumar
TX06236,2026-02-28,Noise Cancelling Headphones,Electronics,Central,Returning,8,14500,15,98600.0,75400.0,23200.0,UPI,Rahul Sharma
TX06237,2026-05-01,Tablet Pro 11,Electronics,North,New,1,38000,0,38000.0,28500.0,9500.0,Card,Siddharth Rao
TX06238,2026-05-07,Tablet Pro 11,Electronics,East,Returning,6,38000,8,209760.0,171000.0,38760.0,Card,Siddharth Rao
TX06239,2026-07-27,Bookshelf Wooden,Furniture,East,Returning,5,8900,5,42275.0,25810.0,16465.0,Card,Neha Singh
TX06240,2026-04-20,Smart Watch Series 7,Electronics,North,Returning,4,18500,0,74000.0,50320.0,23680.0,Cash,Rahul Sharma
TX06241,2026-05-20,Air Purifier Pro,Home Appliances,West,Returning,3,16500,8,45540.0,32670.0,12870.0,Card,Kavita Reddy
TX06242,2026-05-19,Robotic Vacuum X,Home Appliances,South,Returning,1,26000,12,22880.0,18200.0,4680.0,Cash,Rahul Sharma
TX06243,2026-04-02,Bookshelf Wooden,Furniture,North,New,4,8900,5,33820.0,20648.0,13172.0,UPI,Priya Patel
TX06244,2026-02-09,Mesh Task Chair,Furniture,North,Returning,2,7500,8,13800.0,9000.0,4800.0,Card,Amit Kumar
TX06245,2026-07-31,Tablet Pro 11,Electronics,Central,New,3,38000,0,114000.0,85500.0,28500.0,Card,Ananya Roy
TX06246,2026-06-11,Ergonomic Office Chair,Furniture,East,Returning,8,14500,0,116000.0,71920.0,44080.0,Card,Amit Kumar
TX06247,2026-02-14,Standing Desk Dual Engine,Furniture,North,New,4,34000,5,129200.0,92480.0,36720.0,Net Banking,Ananya Roy
TX06248,2026-02-25,Laptop Sleeve 15,Accessories,Central,Returning,8,1100,8,8096.0,3080.0,5016.0,Card,Kavita Reddy
TX06249,2026-06-15,Laptop Sleeve 15,Accessories,Central,New,4,1100,8,4048.0,1540.0,2508.0,Cash,Kavita Reddy
TX06250,2026-07-30,Travel Backpack 30L,Accessories,North,New,1,3500,5,3325.0,1575.0,1750.0,Net Banking,Vikas Verma
TX06251,2026-05-18,Wireless Earbuds,Electronics,East,Returning,7,4500,5,29925.0,18900.0,11025.0,Net Banking,Amit Kumar
TX06252,2026-03-30,Coffee Maker Deluxe,Home Appliances,North,Returning,4,12800,12,45056.0,32768.0,12288.0,Card,Siddharth Rao
TX06253,2026-05-12,MagSafe Power Bank,Accessories,West,Returning,5,3200,0,16000.0,8320.0,7680.0,UPI,Amit Kumar
TX06254,2026-05-10,Formal Suit Blazer,Clothing,North,New,1,11500,12,10120.0,6325.0,3795.0,Net Banking,Vikas Verma
TX06255,2026-02-25,Mechanical RGB Keyboard,Electronics,South,New,4,6200,20,19840.0,14384.0,5456.0,UPI,Priya Patel
TX06256,2026-03-30,Standing Desk Dual Engine,Furniture,South,Returning,5,34000,8,156400.0,115600.0,40800.0,Card,Rahul Sharma
TX06257,2026-04-05,Smart Blender 1200W,Home Appliances,West,New,1,6800,5,6460.0,3944.0,2516.0,Card,Amit Kumar
TX06258,2026-07-02,Travel Backpack 30L,Accessories,North,Returning,4,3500,5,13300.0,6300.0,7000.0,UPI,Kavita Reddy
TX06259,2026-05-13,Wireless Earbuds,Electronics,North,Returning,8,4500,5,34200.0,21600.0,12600.0,UPI,Priya Patel
TX06260,2026-07-13,Executive Desk,Furniture,South,Returning,7,28000,10,176400.0,127400.0,49000.0,Net Banking,Neha Singh
TX06261,2026-03-03,Coffee Maker Deluxe,Home Appliances,West,Returning,4,12800,8,47104.0,32768.0,14336.0,UPI,Ananya Roy
TX06262,2026-04-04,Wireless Earbuds,Electronics,North,Returning,1,4500,0,4500.0,2700.0,1800.0,Card,Rahul Sharma
TX06263,2026-04-21,Tablet Pro 11,Electronics,Central,New,2,38000,0,76000.0,57000.0,19000.0,Net Banking,Kavita Reddy
TX06264,2026-02-09,Standing Desk Dual Engine,Furniture,South,New,2,34000,10,61200.0,46240.0,14960.0,Card,Neha Singh
TX06265,2026-02-20,Standing Desk Dual Engine,Furniture,South,Returning,5,34000,0,170000.0,115600.0,54400.0,Cash,Kavita Reddy
TX06266,2026-03-04,Laptop Sleeve 15,Accessories,East,Returning,7,1100,0,7700.0,2695.0,5005.0,UPI,Kavita Reddy
TX06267,2026-06-01,Denim Pants Premium,Clothing,West,Returning,3,2900,0,8700.0,3654.0,5046.0,Cash,Kavita Reddy
TX06268,2026-03-07,Leather Slim Wallet,Accessories,Central,Returning,3,1400,0,4200.0,1596.0,2604.0,UPI,Priya Patel
TX06269,2026-06-03,Formal Suit Blazer,Clothing,Central,Returning,8,11500,8,84640.0,50600.0,34040.0,UPI,Priya Patel
TX06270,2026-03-30,4K Streaming WebCam,Electronics,South,New,3,7800,5,22230.0,14508.0,7722.0,Cash,Siddharth Rao
TX06271,2026-07-29,Windbreaker Hooded,Clothing,North,New,2,3800,5,7220.0,3496.0,3724.0,UPI,Kavita Reddy
TX06272,2026-02-14,Pro Runner Shoes,Footwear,South,Returning,7,6500,10,40950.0,21840.0,19110.0,UPI,Neha Singh
TX06273,2026-05-25,Laptop Sleeve 15,Accessories,South,Returning,8,1100,0,8800.0,3080.0,5720.0,Cash,Kavita Reddy
TX06274,2026-03-04,Ergonomic Office Chair,Furniture,North,Returning,4,14500,10,52200.0,35960.0,16240.0,Card,Priya Patel
TX06275,2026-06-07,Robotic Vacuum X,Home Appliances,West,Returning,8,26000,8,191360.0,145600.0,45760.0,UPI,Amit Kumar
TX06276,2026-07-16,Casual Leather Loafers,Footwear,East,Returning,3,4200,8,11592.0,6300.0,5292.0,UPI,Amit Kumar
TX06277,2026-05-25,Laptop Sleeve 15,Accessories,Central,New,2,1100,0,2200.0,770.0,1430.0,Net Banking,Neha Singh
TX06278,2026-07-06,Leather Slim Wallet,Accessories,East,Returning,7,1400,20,7840.0,3724.0,4116.0,Net Banking,Siddharth Rao
TX06279,2026-04-29,Cotton Polo Shirt,Clothing,West,New,4,1600,5,6080.0,2560.0,3520.0,Card,Vikas Verma
TX06280,2026-07-04,Laptop Sleeve 15,Accessories,East,New,2,1100,8,2024.0,770.0,1254.0,UPI,Amit Kumar
TX06281,2026-03-15,Robotic Vacuum X,Home Appliances,East,Returning,8,26000,0,208000.0,145600.0,62400.0,Card,Kavita Reddy
TX06282,2026-05-05,Air Purifier Pro,Home Appliances,Central,Returning,8,16500,5,125400.0,87120.0,38280.0,Card,Vikas Verma
TX06283,2026-04-25,Travel Backpack 30L,Accessories,West,Returning,6,3500,0,21000.0,9450.0,11550.0,Card,Vikas Verma
TX06284,2026-05-19,Denim Pants Premium,Clothing,North,Returning,2,2900,0,5800.0,2436.0,3364.0,UPI,Ananya Roy
TX06285,2026-05-29,Air Purifier Pro,Home Appliances,North,New,2,16500,5,31350.0,21780.0,9570.0,UPI,Neha Singh
TX06286,2026-07-28,Air Purifier Pro,Home Appliances,West,New,3,16500,10,44550.0,32670.0,11880.0,UPI,Kavita Reddy
TX06287,2026-04-01,Mechanical RGB Keyboard,Electronics,South,Returning,7,6200,5,41230.0,25172.0,16058.0,UPI,Vikas Verma
TX06288,2026-06-06,Casual Leather Loafers,Footwear,South,New,2,4200,10,7560.0,4200.0,3360.0,Net Banking,Rahul Sharma
TX06289,2026-06-04,Wireless Earbuds,Electronics,North,New,3,4500,5,12825.0,8100.0,4725.0,Cash,Siddharth Rao
TX06290,2026-04-11,Gaming Mouse 8K,Electronics,East,Returning,4,3200,5,12160.0,7040.0,5120.0,Cash,Kavita Reddy
TX06291,2026-07-05,Monitor Arm Dual Mount,Furniture,West,Returning,4,4200,10,15120.0,8400.0,6720.0,Card,Neha Singh
TX06292,2026-04-04,Laptop Sleeve 15,Accessories,North,New,4,1100,10,3960.0,1540.0,2420.0,Card,Neha Singh
TX06293,2026-06-22,Electric Kettle Stainless,Home Appliances,East,Returning,3,2400,0,7200.0,3744.0,3456.0,UPI,Kavita Reddy
TX06294,2026-03-26,Pro Runner Shoes,Footwear,Central,New,4,6500,0,26000.0,12480.0,13520.0,Card,Neha Singh
TX06295,2026-04-27,Monitor 27 Ultra,Electronics,East,Returning,4,24000,5,91200.0,67200.0,24000.0,Net Banking,Neha Singh
TX06296,2026-07-12,Air Purifier Pro,Home Appliances,North,Returning,1,16500,5,15675.0,10890.0,4785.0,Card,Siddharth Rao
TX06297,2026-02-08,Executive Desk,Furniture,Central,Returning,3,28000,5,79800.0,54600.0,25200.0,Cash,Ananya Roy
TX06298,2026-02-15,Electric Kettle Stainless,Home Appliances,South,Returning,3,2400,5,6840.0,3744.0,3096.0,Card,Amit Kumar
TX06299,2026-06-17,Smart Watch Series 7,Electronics,Central,Returning,8,18500,5,140600.0,100640.0,39960.0,Net Banking,Siddharth Rao
TX06300,2026-05-25,Bookshelf Wooden,Furniture,West,Returning,2,8900,20,14240.0,10324.0,3916.0,UPI,Kavita Reddy
TX06301,2026-04-09,Pro Runner Shoes,Footwear,East,Returning,4,6500,0,26000.0,12480.0,13520.0,UPI,Kavita Reddy
TX06302,2026-04-13,Monitor 27 Ultra,Electronics,West,New,3,24000,0,72000.0,50400.0,21600.0,UPI,Neha Singh
TX06303,2026-04-03,4K Streaming WebCam,Electronics,South,Returning,8,7800,5,59280.0,38688.0,20592.0,UPI,Priya Patel
TX06304,2026-06-16,Running Jacket Pro,Clothing,West,New,4,4800,10,17280.0,8640.0,8640.0,UPI,Amit Kumar
TX06305,2026-06-29,Cotton Polo Shirt,Clothing,North,New,3,1600,15,4080.0,1920.0,2160.0,UPI,Kavita Reddy
TX06306,2026-05-15,Standing Desk Dual Engine,Furniture,East,New,2,34000,10,61200.0,46240.0,14960.0,Card,Ananya Roy
TX06307,2026-02-09,Laptop Pro 15,Electronics,South,Returning,5,68000,10,306000.0,265200.0,40800.0,Card,Ananya Roy
TX06308,2026-06-15,Laptop Pro 15,Electronics,North,Returning,7,68000,5,452200.0,371280.0,80920.0,Card,Amit Kumar
TX06309,2026-07-29,Running Jacket Pro,Clothing,East,Returning,6,4800,8,26496.0,12960.0,13536.0,Net Banking,Priya Patel
TX06310,2026-04-10,Smartphone X,Electronics,South,Returning,4,42000,0,168000.0,120960.0,47040.0,Card,Ananya Roy
TX06311,2026-04-11,Bookshelf Wooden,Furniture,West,Returning,6,8900,0,53400.0,30972.0,22428.0,UPI,Vikas Verma
TX06312,2026-07-09,Electric Kettle Stainless,Home Appliances,North,New,4,2400,8,8832.0,4992.0,3840.0,Card,Kavita Reddy
TX06313,2026-05-28,4K Streaming WebCam,Electronics,North,New,4,7800,0,31200.0,19344.0,11856.0,Net Banking,Priya Patel
TX06314,2026-04-24,Monitor Arm Dual Mount,Furniture,North,New,2,4200,5,7980.0,4200.0,3780.0,UPI,Ananya Roy
TX06315,2026-02-16,Travel Backpack 30L,Accessories,West,Returning,8,3500,10,25200.0,12600.0,12600.0,Card,Neha Singh
TX06316,2026-06-18,Monitor 27 Ultra,Electronics,Central,New,3,24000,0,72000.0,50400.0,21600.0,Card,Rahul Sharma
TX06317,2026-03-02,Pro Runner Shoes,Footwear,East,Returning,3,6500,10,17550.0,9360.0,8190.0,Cash,Kavita Reddy
TX06318,2026-04-29,Laptop Pro 15,Electronics,North,New,1,68000,15,57800.0,53040.0,4760.0,UPI,Ananya Roy
TX06319,2026-06-26,Bookshelf Wooden,Furniture,West,Returning,3,8900,10,24030.0,15486.0,8544.0,Cash,Vikas Verma
TX06320,2026-04-23,Coffee Maker Deluxe,Home Appliances,Central,New,2,12800,0,25600.0,16384.0,9216.0,UPI,Vikas Verma
TX06321,2026-04-13,Smart Watch Series 7,Electronics,North,Returning,6,18500,8,102120.0,75480.0,26640.0,Net Banking,Siddharth Rao
TX06322,2026-06-25,Executive Desk,Furniture,North,New,1,28000,0,28000.0,18200.0,9800.0,Card,Rahul Sharma
TX06323,2026-06-04,Laptop Pro 15,Electronics,South,Returning,7,68000,5,452200.0,371280.0,80920.0,Card,Rahul Sharma
TX06324,2026-05-22,Standing Desk Dual Engine,Furniture,South,New,1,34000,10,30600.0,23120.0,7480.0,Card,Kavita Reddy
TX06325,2026-04-16,Monitor 27 Ultra,Electronics,West,Returning,2,24000,0,48000.0,33600.0,14400.0,Cash,Rahul Sharma
TX06326,2026-07-26,Robotic Vacuum X,Home Appliances,East,Returning,3,26000,0,78000.0,54600.0,23400.0,UPI,Kavita Reddy
TX06327,2026-06-13,Electric Kettle Stainless,Home Appliances,North,Returning,4,2400,0,9600.0,4992.0,4608.0,Card,Vikas Verma
TX06328,2026-02-15,Air Purifier Pro,Home Appliances,North,Returning,1,16500,0,16500.0,10890.0,5610.0,Cash,Neha Singh
TX06329,2026-02-28,Mechanical RGB Keyboard,Electronics,North,New,3,6200,8,17112.0,10788.0,6324.0,Card,Siddharth Rao
TX06330,2026-04-25,Mesh Task Chair,Furniture,East,Returning,5,7500,0,37500.0,22500.0,15000.0,UPI,Neha Singh
TX06331,2026-06-20,Pro Runner Shoes,Footwear,South,New,1,6500,8,5980.0,3120.0,2860.0,UPI,Kavita Reddy
TX06332,2026-07-15,Tablet Pro 11,Electronics,West,New,4,38000,0,152000.0,114000.0,38000.0,Card,Ananya Roy
TX06333,2026-05-14,Robotic Vacuum X,Home Appliances,North,New,1,26000,10,23400.0,18200.0,5200.0,UPI,Rahul Sharma
TX06334,2026-06-30,Cotton Polo Shirt,Clothing,South,New,1,1600,5,1520.0,640.0,880.0,Cash,Amit Kumar
TX06335,2026-07-23,Bookshelf Wooden,Furniture,Central,New,4,8900,8,32752.0,20648.0,12104.0,Cash,Siddharth Rao
TX06336,2026-02-15,Air Purifier Pro,Home Appliances,North,New,1,16500,10,14850.0,10890.0,3960.0,Cash,Ananya Roy
TX06337,2026-07-29,Trail Hiking Boots,Footwear,South,Returning,4,8400,10,30240.0,17472.0,12768.0,Card,Neha Singh
TX06338,2026-06-30,Mechanical RGB Keyboard,Electronics,Central,New,3,6200,0,18600.0,10788.0,7812.0,UPI,Rahul Sharma
TX06339,2026-07-31,Executive Desk,Furniture,South,New,4,28000,10,100800.0,72800.0,28000.0,UPI,Priya Patel
TX06340,2026-02-07,Noise Cancelling Headphones,Electronics,South,Returning,5,14500,5,68875.0,47125.0,21750.0,Net Banking,Vikas Verma
TX06341,2026-03-20,Mesh Task Chair,Furniture,West,New,1,7500,0,7500.0,4500.0,3000.0,Cash,Rahul Sharma
TX06342,2026-03-06,Pro Runner Shoes,Footwear,East,Returning,3,6500,0,19500.0,9360.0,10140.0,Card,Priya Patel
TX06343,2026-03-29,Monitor Arm Dual Mount,Furniture,North,Returning,4,4200,0,16800.0,8400.0,8400.0,UPI,Amit Kumar
TX06344,2026-04-05,Leather Slim Wallet,Accessories,East,Returning,1,1400,0,1400.0,532.0,868.0,UPI,Neha Singh
TX06345,2026-03-19,Laptop Sleeve 15,Accessories,South,Returning,6,1100,5,6270.0,2310.0,3960.0,UPI,Siddharth Rao
TX06346,2026-05-17,Monitor 27 Ultra,Electronics,West,Returning,1,24000,18,19680.0,16800.0,2880.0,UPI,Ananya Roy
TX06347,2026-06-23,Coffee Maker Deluxe,Home Appliances,Central,Returning,4,12800,5,48640.0,32768.0,15872.0,UPI,Ananya Roy
TX06348,2026-02-14,Smart Watch Series 7,Electronics,West,New,3,18500,5,52725.0,37740.0,14985.0,UPI,Rahul Sharma
TX06349,2026-06-04,Trail Hiking Boots,Footwear,East,Returning,5,8400,8,38640.0,21840.0,16800.0,Card,Priya Patel
TX06350,2026-04-14,MagSafe Power Bank,Accessories,Central,Returning,2,3200,0,6400.0,3328.0,3072.0,Card,Priya Patel
TX06351,2026-04-17,Running Jacket Pro,Clothing,South,New,3,4800,0,14400.0,6480.0,7920.0,Card,Rahul Sharma
TX06352,2026-02-01,Smart Blender 1200W,Home Appliances,Central,New,2,6800,12,11968.0,7888.0,4080.0,UPI,Ananya Roy
TX06353,2026-04-16,Windbreaker Hooded,Clothing,West,New,4,3800,0,15200.0,6992.0,8208.0,Net Banking,Kavita Reddy
TX06354,2026-05-20,Pro Runner Shoes,Footwear,South,Returning,6,6500,8,35880.0,18720.0,17160.0,UPI,Neha Singh
TX06355,2026-04-12,Denim Pants Premium,Clothing,Central,Returning,4,2900,12,10208.0,4872.0,5336.0,Card,Siddharth Rao
TX06356,2026-03-19,Ergonomic Office Chair,Furniture,South,Returning,5,14500,8,66700.0,44950.0,21750.0,UPI,Siddharth Rao
TX06357,2026-02-25,Cotton Polo Shirt,Clothing,South,New,2,1600,5,3040.0,1280.0,1760.0,Card,Rahul Sharma
TX06358,2026-07-19,Air Purifier Pro,Home Appliances,West,New,3,16500,0,49500.0,32670.0,16830.0,UPI,Neha Singh
TX06359,2026-04-30,Pro Runner Shoes,Footwear,North,New,4,6500,12,22880.0,12480.0,10400.0,UPI,Vikas Verma
TX06360,2026-06-02,Executive Desk,Furniture,South,Returning,4,28000,5,106400.0,72800.0,33600.0,Card,Neha Singh
TX06361,2026-07-09,Gaming Mouse 8K,Electronics,East,New,4,3200,5,12160.0,7040.0,5120.0,Cash,Ananya Roy
TX06362,2026-06-14,Formal Suit Blazer,Clothing,West,Returning,5,11500,8,52900.0,31625.0,21275.0,UPI,Ananya Roy
TX06363,2026-07-29,Leather Slim Wallet,Accessories,South,Returning,5,1400,5,6650.0,2660.0,3990.0,UPI,Kavita Reddy
TX06364,2026-03-22,Travel Backpack 30L,Accessories,North,Returning,2,3500,8,6440.0,3150.0,3290.0,UPI,Ananya Roy
TX06365,2026-05-24,Leather Slim Wallet,Accessories,East,Returning,1,1400,5,1330.0,532.0,798.0,Card,Neha Singh
TX06366,2026-04-16,Mesh Task Chair,Furniture,North,New,1,7500,5,7125.0,4500.0,2625.0,UPI,Ananya Roy
TX06367,2026-02-20,Noise Cancelling Headphones,Electronics,South,New,2,14500,5,27550.0,18850.0,8700.0,UPI,Vikas Verma
TX06368,2026-06-21,Mesh Task Chair,Furniture,North,Returning,2,7500,8,13800.0,9000.0,4800.0,UPI,Siddharth Rao
TX06369,2026-04-06,Gaming Mouse 8K,Electronics,South,New,2,3200,5,6080.0,3520.0,2560.0,Net Banking,Amit Kumar
TX06370,2026-02-06,Mechanical RGB Keyboard,Electronics,West,New,1,6200,0,6200.0,3596.0,2604.0,Net Banking,Priya Patel
TX06371,2026-05-09,Cotton Polo Shirt,Clothing,Central,New,4,1600,0,6400.0,2560.0,3840.0,Card,Vikas Verma
TX06372,2026-02-02,Smart Watch Series 7,Electronics,North,New,4,18500,5,70300.0,50320.0,19980.0,UPI,Rahul Sharma
TX06373,2026-06-05,Gaming Mouse 8K,Electronics,East,Returning,2,3200,8,5888.0,3520.0,2368.0,UPI,Ananya Roy
TX06374,2026-02-27,Cotton Polo Shirt,Clothing,East,New,3,1600,0,4800.0,1920.0,2880.0,Card,Kavita Reddy
TX06375,2026-03-27,Robotic Vacuum X,Home Appliances,East,Returning,8,26000,0,208000.0,145600.0,62400.0,UPI,Priya Patel
TX06376,2026-06-13,Tablet Pro 11,Electronics,East,New,1,38000,5,36100.0,28500.0,7600.0,Card,Amit Kumar
TX06377,2026-05-31,Portable SSD 2TB,Electronics,Central,Returning,1,12500,10,11250.0,8750.0,2500.0,Card,Kavita Reddy
TX06378,2026-02-05,Cotton Polo Shirt,Clothing,West,New,3,1600,0,4800.0,1920.0,2880.0,UPI,Rahul Sharma
TX06379,2026-05-08,Laptop Pro 15,Electronics,South,Returning,2,68000,8,125120.0,106080.0,19040.0,Card,Priya Patel
TX06380,2026-06-12,Travel Backpack 30L,Accessories,North,New,2,3500,5,6650.0,3150.0,3500.0,Cash,Neha Singh
TX06381,2026-03-08,Trail Hiking Boots,Footwear,North,New,4,8400,0,33600.0,17472.0,16128.0,UPI,Ananya Roy
TX06382,2026-02-16,Mesh Task Chair,Furniture,West,New,4,7500,12,26400.0,18000.0,8400.0,UPI,Rahul Sharma
TX06383,2026-04-08,Trail Hiking Boots,Footwear,North,New,2,8400,0,16800.0,8736.0,8064.0,Card,Ananya Roy
TX06384,2026-04-08,Standing Desk Dual Engine,Furniture,North,Returning,6,34000,10,183600.0,138720.0,44880.0,Net Banking,Kavita Reddy
TX06385,2026-03-21,Cotton Polo Shirt,Clothing,West,New,3,1600,10,4320.0,1920.0,2400.0,Card,Vikas Verma
TX06386,2026-03-10,Smart Blender 1200W,Home Appliances,North,New,1,6800,8,6256.0,3944.0,2312.0,Card,Kavita Reddy
TX06387,2026-03-13,Trail Hiking Boots,Footwear,South,New,3,8400,0,25200.0,13104.0,12096.0,Card,Neha Singh
TX06388,2026-03-02,Robotic Vacuum X,Home Appliances,South,Returning,2,26000,8,47840.0,36400.0,11440.0,UPI,Siddharth Rao
TX06389,2026-04-21,Tablet Pro 11,Electronics,Central,Returning,3,38000,8,104880.0,85500.0,19380.0,Net Banking,Amit Kumar
TX06390,2026-05-21,Monitor 27 Ultra,Electronics,North,New,2,24000,0,48000.0,33600.0,14400.0,Card,Neha Singh
TX06391,2026-05-04,Trail Hiking Boots,Footwear,East,Returning,6,8400,12,44352.0,26208.0,18144.0,UPI,Amit Kumar
TX06392,2026-03-12,Windbreaker Hooded,Clothing,North,Returning,8,3800,0,30400.0,13984.0,16416.0,Card,Kavita Reddy
TX06393,2026-05-29,Coffee Maker Deluxe,Home Appliances,South,New,2,12800,5,24320.0,16384.0,7936.0,Card,Ananya Roy
TX06394,2026-05-23,Executive Desk,Furniture,East,Returning,7,28000,5,186200.0,127400.0,58800.0,Card,Rahul Sharma
TX06395,2026-03-26,Smart Watch Series 7,Electronics,West,New,2,18500,8,34040.0,25160.0,8880.0,UPI,Kavita Reddy
TX06396,2026-05-03,Standing Desk Dual Engine,Furniture,East,Returning,5,34000,0,170000.0,115600.0,54400.0,UPI,Neha Singh
TX06397,2026-04-27,Denim Pants Premium,Clothing,West,Returning,8,2900,0,23200.0,9744.0,13456.0,Card,Neha Singh
TX06398,2026-07-09,Pro Runner Shoes,Footwear,Central,Returning,3,6500,5,18525.0,9360.0,9165.0,UPI,Vikas Verma
TX06399,2026-03-28,Monitor 27 Ultra,Electronics,East,New,3,24000,8,66240.0,50400.0,15840.0,Net Banking,Ananya Roy
TX06400,2026-03-17,Wireless Earbuds,Electronics,South,Returning,5,4500,10,20250.0,13500.0,6750.0,UPI,Rahul Sharma
TX06401,2026-05-22,4K Streaming WebCam,Electronics,Central,New,1,7800,15,6630.0,4836.0,1794.0,Card,Ananya Roy
TX06402,2026-05-18,Mechanical RGB Keyboard,Electronics,North,New,1,6200,0,6200.0,3596.0,2604.0,UPI,Rahul Sharma
TX06403,2026-03-14,Ergonomic Office Chair,Furniture,Central,Returning,4,14500,5,55100.0,35960.0,19140.0,Net Banking,Priya Patel
TX06404,2026-03-18,Mechanical RGB Keyboard,Electronics,West,New,2,6200,0,12400.0,7192.0,5208.0,UPI,Ananya Roy
TX06405,2026-04-08,Mechanical RGB Keyboard,Electronics,South,New,2,6200,5,11780.0,7192.0,4588.0,UPI,Amit Kumar
TX06406,2026-05-17,Noise Cancelling Headphones,Electronics,North,New,2,14500,12,25520.0,18850.0,6670.0,UPI,Rahul Sharma
TX06407,2026-04-10,Windbreaker Hooded,Clothing,North,Returning,8,3800,5,28880.0,13984.0,14896.0,UPI,Rahul Sharma
TX06408,2026-02-21,Gaming Mouse 8K,Electronics,East,Returning,2,3200,0,6400.0,3520.0,2880.0,UPI,Vikas Verma
TX06409,2026-03-20,Executive Desk,Furniture,Central,Returning,7,28000,0,196000.0,127400.0,68600.0,UPI,Vikas Verma
TX06410,2026-05-18,Monitor 27 Ultra,Electronics,North,Returning,4,24000,0,96000.0,67200.0,28800.0,Cash,Ananya Roy
TX06411,2026-05-25,Smart Watch Series 7,Electronics,East,New,2,18500,8,34040.0,25160.0,8880.0,UPI,Vikas Verma
TX06412,2026-04-29,Formal Suit Blazer,Clothing,North,Returning,8,11500,5,87400.0,50600.0,36800.0,Card,Siddharth Rao
TX06413,2026-02-02,Ergonomic Office Chair,Furniture,West,New,3,14500,0,43500.0,26970.0,16530.0,Card,Neha Singh
TX06414,2026-02-04,Pro Runner Shoes,Footwear,East,Returning,6,6500,0,39000.0,18720.0,20280.0,Card,Siddharth Rao
TX06415,2026-06-07,Electric Kettle Stainless,Home Appliances,East,Returning,4,2400,8,8832.0,4992.0,3840.0,Net Banking,Priya Patel
TX06416,2026-07-11,Denim Pants Premium,Clothing,East,Returning,8,2900,0,23200.0,9744.0,13456.0,UPI,Neha Singh
TX06417,2026-07-19,Smart Watch Series 7,Electronics,East,Returning,1,18500,0,18500.0,12580.0,5920.0,UPI,Ananya Roy
TX06418,2026-03-01,Leather Slim Wallet,Accessories,West,New,4,1400,12,4928.0,2128.0,2800.0,Cash,Kavita Reddy
TX06419,2026-03-26,Formal Suit Blazer,Clothing,North,New,4,11500,0,46000.0,25300.0,20700.0,Card,Siddharth Rao
TX06420,2026-05-16,Pro Runner Shoes,Footwear,East,Returning,6,6500,10,35100.0,18720.0,16380.0,Cash,Vikas Verma
TX06421,2026-03-27,Wireless Earbuds,Electronics,North,New,1,4500,0,4500.0,2700.0,1800.0,Card,Siddharth Rao
TX06422,2026-05-02,Smart Watch Series 7,Electronics,South,Returning,8,18500,0,148000.0,100640.0,47360.0,Card,Siddharth Rao
TX06423,2026-05-05,Denim Pants Premium,Clothing,West,New,3,2900,5,8265.0,3654.0,4611.0,Card,Rahul Sharma
TX06424,2026-03-25,Tablet Pro 11,Electronics,Central,Returning,8,38000,0,304000.0,228000.0,76000.0,UPI,Ananya Roy
TX06425,2026-06-21,Robotic Vacuum X,Home Appliances,East,Returning,6,26000,10,140400.0,109200.0,31200.0,UPI,Vikas Verma
TX06426,2026-03-14,Executive Desk,Furniture,North,Returning,6,28000,0,168000.0,109200.0,58800.0,UPI,Ananya Roy
TX06427,2026-06-21,Pro Runner Shoes,Footwear,North,New,1,6500,10,5850.0,3120.0,2730.0,Cash,Priya Patel
TX06428,2026-06-22,Monitor 27 Ultra,Electronics,West,New,1,24000,0,24000.0,16800.0,7200.0,Card,Vikas Verma
TX06429,2026-02-27,Denim Pants Premium,Clothing,North,Returning,6,2900,0,17400.0,7308.0,10092.0,UPI,Neha Singh
TX06430,2026-07-23,Running Jacket Pro,Clothing,East,New,2,4800,15,8160.0,4320.0,3840.0,Card,Neha Singh
TX06431,2026-05-18,Mesh Task Chair,Furniture,North,New,4,7500,0,30000.0,18000.0,12000.0,UPI,Vikas Verma
TX06432,2026-07-27,Bookshelf Wooden,Furniture,West,Returning,3,8900,0,26700.0,15486.0,11214.0,UPI,Siddharth Rao
TX06433,2026-02-04,Denim Pants Premium,Clothing,North,New,1,2900,5,2755.0,1218.0,1537.0,Card,Vikas Verma
TX06434,2026-03-08,Air Purifier Pro,Home Appliances,West,Returning,7,16500,5,109725.0,76230.0,33495.0,UPI,Amit Kumar
TX06435,2026-05-27,Pro Runner Shoes,Footwear,East,New,1,6500,5,6175.0,3120.0,3055.0,Card,Amit Kumar
TX06436,2026-03-12,Cotton Polo Shirt,Clothing,West,Returning,7,1600,0,11200.0,4480.0,6720.0,UPI,Amit Kumar
TX06437,2026-06-18,Monitor 27 Ultra,Electronics,East,Returning,3,24000,0,72000.0,50400.0,21600.0,Card,Kavita Reddy
TX06438,2026-07-01,Laptop Pro 15,Electronics,East,Returning,6,68000,10,367200.0,318240.0,48960.0,UPI,Ananya Roy
TX06439,2026-07-10,Wireless Earbuds,Electronics,North,New,2,4500,0,9000.0,5400.0,3600.0,UPI,Amit Kumar
TX06440,2026-07-22,Coffee Maker Deluxe,Home Appliances,Central,New,4,12800,0,51200.0,32768.0,18432.0,UPI,Vikas Verma
TX06441,2026-07-16,Monitor Arm Dual Mount,Furniture,South,Returning,6,4200,5,23940.0,12600.0,11340.0,UPI,Ananya Roy
TX06442,2026-03-23,Trail Hiking Boots,Footwear,North,New,1,8400,0,8400.0,4368.0,4032.0,UPI,Rahul Sharma
TX06443,2026-02-02,Executive Desk,Furniture,Central,New,4,28000,5,106400.0,72800.0,33600.0,Cash,Vikas Verma
TX06444,2026-05-25,Mesh Task Chair,Furniture,Central,New,2,7500,0,15000.0,9000.0,6000.0,UPI,Priya Patel
TX06445,2026-07-03,Smart Blender 1200W,Home Appliances,East,Returning,5,6800,0,34000.0,19720.0,14280.0,UPI,Siddharth Rao
TX06446,2026-03-23,Smart Watch Series 7,Electronics,South,Returning,1,18500,5,17575.0,12580.0,4995.0,Cash,Rahul Sharma
TX06447,2026-03-25,Cotton Polo Shirt,Clothing,West,New,1,1600,5,1520.0,640.0,880.0,UPI,Ananya Roy
TX06448,2026-03-23,Robotic Vacuum X,Home Appliances,South,New,4,26000,0,104000.0,72800.0,31200.0,Cash,Neha Singh
TX06449,2026-04-26,Smart Watch Series 7,Electronics,West,New,2,18500,0,37000.0,25160.0,11840.0,Card,Amit Kumar
TX06450,2026-03-27,Noise Cancelling Headphones,Electronics,Central,Returning,5,14500,5,68875.0,47125.0,21750.0,UPI,Amit Kumar
TX06451,2026-07-03,Casual Leather Loafers,Footwear,West,Returning,5,4200,5,19950.0,10500.0,9450.0,UPI,Kavita Reddy
TX06452,2026-05-28,Windbreaker Hooded,Clothing,East,Returning,4,3800,0,15200.0,6992.0,8208.0,UPI,Kavita Reddy
TX06453,2026-02-01,Robotic Vacuum X,Home Appliances,South,Returning,5,26000,0,130000.0,91000.0,39000.0,UPI,Priya Patel
TX06454,2026-04-24,Running Jacket Pro,Clothing,North,New,4,4800,5,18240.0,8640.0,9600.0,UPI,Kavita Reddy
TX06455,2026-04-27,Laptop Pro 15,Electronics,North,New,4,68000,8,250240.0,212160.0,38080.0,Net Banking,Vikas Verma
TX06456,2026-06-27,Gaming Mouse 8K,Electronics,South,Returning,6,3200,0,19200.0,10560.0,8640.0,Net Banking,Siddharth Rao
TX06457,2026-03-24,Smart Blender 1200W,Home Appliances,Central,New,2,6800,8,12512.0,7888.0,4624.0,UPI,Siddharth Rao
TX06458,2026-04-08,Windbreaker Hooded,Clothing,Central,New,4,3800,5,14440.0,6992.0,7448.0,Card,Kavita Reddy
TX06459,2026-07-07,Pro Runner Shoes,Footwear,East,New,4,6500,8,23920.0,12480.0,11440.0,Net Banking,Siddharth Rao
TX06460,2026-07-03,Laptop Sleeve 15,Accessories,South,New,1,1100,8,1012.0,385.0,627.0,UPI,Amit Kumar
TX06461,2026-06-05,Noise Cancelling Headphones,Electronics,West,Returning,1,14500,0,14500.0,9425.0,5075.0,Net Banking,Kavita Reddy
TX06462,2026-03-03,Robotic Vacuum X,Home Appliances,North,Returning,5,26000,8,119600.0,91000.0,28600.0,Cash,Ananya Roy
TX06463,2026-03-03,Cotton Polo Shirt,Clothing,West,New,1,1600,15,1360.0,640.0,720.0,Card,Neha Singh
TX06464,2026-06-20,Denim Pants Premium,Clothing,East,New,2,2900,5,5510.0,2436.0,3074.0,Cash,Amit Kumar
TX06465,2026-03-13,Laptop Sleeve 15,Accessories,South,New,4,1100,0,4400.0,1540.0,2860.0,Card,Rahul Sharma
TX06466,2026-06-25,Robotic Vacuum X,Home Appliances,South,Returning,6,26000,8,143520.0,109200.0,34320.0,Card,Neha Singh
TX06467,2026-03-13,Formal Suit Blazer,Clothing,Central,Returning,1,11500,12,10120.0,6325.0,3795.0,Card,Rahul Sharma
TX06468,2026-05-20,Laptop Pro 15,Electronics,North,Returning,4,68000,0,272000.0,212160.0,59840.0,Card,Kavita Reddy
TX06469,2026-02-19,Smart Watch Series 7,Electronics,North,New,2,18500,0,37000.0,25160.0,11840.0,Cash,Amit Kumar
TX06470,2026-04-01,MagSafe Power Bank,Accessories,East,Returning,6,3200,8,17664.0,9984.0,7680.0,Cash,Amit Kumar
TX06471,2026-07-02,4K Streaming WebCam,Electronics,Central,New,2,7800,0,15600.0,9672.0,5928.0,UPI,Neha Singh
TX06472,2026-04-04,Air Purifier Pro,Home Appliances,West,New,2,16500,5,31350.0,21780.0,9570.0,Card,Ananya Roy
TX06473,2026-02-18,Mechanical RGB Keyboard,Electronics,West,Returning,8,6200,10,44640.0,28768.0,15872.0,Card,Neha Singh
TX06474,2026-06-19,Trail Hiking Boots,Footwear,East,Returning,8,8400,5,63840.0,34944.0,28896.0,UPI,Amit Kumar
TX06475,2026-04-04,Electric Kettle Stainless,Home Appliances,North,Returning,5,2400,0,12000.0,6240.0,5760.0,Card,Siddharth Rao
TX06476,2026-05-16,Formal Suit Blazer,Clothing,North,New,3,11500,10,31050.0,18975.0,12075.0,UPI,Kavita Reddy
TX06477,2026-04-11,Executive Desk,Furniture,North,New,1,28000,5,26600.0,18200.0,8400.0,UPI,Vikas Verma
TX06478,2026-06-25,Gaming Mouse 8K,Electronics,East,Returning,3,3200,0,9600.0,5280.0,4320.0,Cash,Priya Patel
TX06479,2026-02-17,Standing Desk Dual Engine,Furniture,North,New,3,34000,0,102000.0,69360.0,32640.0,Card,Priya Patel
TX06480,2026-04-16,Smart Watch Series 7,Electronics,East,Returning,2,18500,8,34040.0,25160.0,8880.0,Card,Siddharth Rao
TX06481,2026-04-05,Executive Desk,Furniture,North,New,1,28000,20,22400.0,18200.0,4200.0,Card,Vikas Verma
TX06482,2026-06-27,Formal Suit Blazer,Clothing,North,New,2,11500,10,20700.0,12650.0,8050.0,UPI,Priya Patel
TX06483,2026-07-02,Portable SSD 2TB,Electronics,East,Returning,1,12500,0,12500.0,8750.0,3750.0,Card,Vikas Verma
TX06484,2026-03-01,Smart Blender 1200W,Home Appliances,North,New,2,6800,15,11560.0,7888.0,3672.0,Net Banking,Amit Kumar
TX06485,2026-04-11,Tablet Pro 11,Electronics,East,Returning,6,38000,20,182400.0,171000.0,11400.0,UPI,Siddharth Rao
TX06486,2026-04-01,Noise Cancelling Headphones,Electronics,North,New,4,14500,0,58000.0,37700.0,20300.0,Net Banking,Ananya Roy
TX06487,2026-06-04,Denim Pants Premium,Clothing,North,New,4,2900,12,10208.0,4872.0,5336.0,UPI,Ananya Roy
TX06488,2026-07-04,Running Jacket Pro,Clothing,North,New,3,4800,12,12672.0,6480.0,6192.0,Card,Neha Singh
TX06489,2026-06-15,Coffee Maker Deluxe,Home Appliances,North,Returning,6,12800,5,72960.0,49152.0,23808.0,UPI,Priya Patel
TX06490,2026-05-17,Denim Pants Premium,Clothing,West,New,4,2900,5,11020.0,4872.0,6148.0,Card,Kavita Reddy
TX06491,2026-02-28,Executive Desk,Furniture,North,Returning,1,28000,10,25200.0,18200.0,7000.0,UPI,Rahul Sharma
TX06492,2026-03-18,Mechanical RGB Keyboard,Electronics,Central,Returning,6,6200,8,34224.0,21576.0,12648.0,Cash,Ananya Roy
TX06493,2026-06-15,Smart Watch Series 7,Electronics,Central,Returning,1,18500,0,18500.0,12580.0,5920.0,UPI,Amit Kumar
TX06494,2026-03-21,Air Purifier Pro,Home Appliances,North,New,4,16500,5,62700.0,43560.0,19140.0,Card,Rahul Sharma
TX06495,2026-02-25,Running Jacket Pro,Clothing,Central,Returning,3,4800,8,13248.0,6480.0,6768.0,UPI,Neha Singh
TX06496,2026-02-21,Electric Kettle Stainless,Home Appliances,East,New,1,2400,0,2400.0,1248.0,1152.0,UPI,Amit Kumar
TX06497,2026-05-30,MagSafe Power Bank,Accessories,Central,Returning,5,3200,12,14080.0,8320.0,5760.0,Card,Kavita Reddy
TX06498,2026-02-23,Wireless Earbuds,Electronics,West,New,2,4500,0,9000.0,5400.0,3600.0,Card,Kavita Reddy
TX06499,2026-02-12,Coffee Maker Deluxe,Home Appliances,Central,New,3,12800,5,36480.0,24576.0,11904.0,Net Banking,Rahul Sharma
TX06500,2026-03-20,MagSafe Power Bank,Accessories,North,New,1,3200,8,2944.0,1664.0,1280.0,Card,Amit Kumar
